FREQ,Frequenza,REF_AREA,Territorio,DATA_TYPE,Indicatore,SOLD_PRODUCTS,Prodotti venduti,TIME_PERIOD,Osservazione,OBS_STATUS,'Stato dell"'osservazione'
M,Mensile,IT,Italia,76,Indice dei prezzi alla produzione dei prodotti venduti dagli agricoltori (base 2020=100) - dati mensili,CEREA,Cereali,2020-01,97,,
M,Mensile,IT,Italia,76,Indice dei prezzi alla produzione dei prodotti venduti dagli agricoltori (base 2020=100) - dati mensili,CEREA,Cereali,2020-02,98,,
M,Mensile,IT,Italia,76,Indice dei prezzi alla produzione dei prodotti venduti dagli agricoltori (base 2020=100) - dati mensili,CEREA,Cereali,2020-03,99,,
M,Mensile,IT,Italia,76,Indice dei prezzi alla produzione dei prodotti venduti dagli agricoltori (base 2020=100) - dati mensili,CEREA,Cereali,2020-04,101,,
M,Mensile,IT,Italia,76,Indice dei prezzi alla produzione dei prodotti venduti dagli agricoltori (base 2020=100) - dati mensili,CEREA,Cereali,2020-05,100,,
M,Mensile,IT,Italia,76,Indice dei prezzi alla produzione dei prodotti venduti dagli agricoltori (base 2020=100) - dati mensili,CEREA,Cereali,2020-06,100,,
M,Mensile,IT,Italia,76,Indice dei prezzi alla produzione dei prodotti venduti dagli agricoltori (base 2020=100) - dati mensili,CEREA,Cereali,2020-07,100,,
M,Mensile,IT,Italia,76,Indice dei prezzi alla produzione dei prodotti venduti dagli agricoltori (base 2020=100) - dati mensili,CEREA,Cereali,2020-08,99,,
M,Mensile,IT,Italia,76,Indice dei prezzi alla produzione dei prodotti venduti dagli agricoltori (base 2020=100) - dati mensili,CEREA,Cereali,2020-09,97,,
M,Mensile,IT,Italia,76,Indice dei prezzi alla produzione dei prodotti venduti dagli agricoltori (base 2020=100) - dati mensili,CEREA,Cereali,2020-10,100,,
M,Mensile,IT,Italia,76,Indice dei prezzi alla produzione dei prodotti venduti dagli agricoltori (base 2020=100) - dati mensili,CEREA,Cereali,2020-11,104,,
M,Mensile,IT,Italia,76,Indice dei prezzi alla produzione dei prodotti venduti dagli agricoltori (base 2020=100) - dati mensili,CEREA,Cereali,2020-12,105,,
M,Mensile,IT,Italia,76,Indice dei prezzi alla produzione dei prodotti venduti dagli agricoltori (base 2020=100) - dati mensili,CEREA,Cereali,2021-01,110,,
M,Mensile,IT,Italia,76,Indice dei prezzi alla produzione dei prodotti venduti dagli agricoltori (base 2020=100) - dati mensili,CEREA,Cereali,2021-02,114,,
M,Mensile,IT,Italia,76,Indice dei prezzi alla produzione dei prodotti venduti dagli agricoltori (base 2020=100) - dati mensili,CEREA,Cereali,2021-03,114,,
M,Mensile,IT,Italia,76,Indice dei prezzi alla produzione dei prodotti venduti dagli agricoltori (base 2020=100) - dati mensili,CEREA,Cereali,2021-04,116,,
M,Mensile,IT,Italia,76,Indice dei prezzi alla produzione dei prodotti venduti dagli agricoltori (base 2020=100) - dati mensili,CEREA,Cereali,2021-05,124,,
M,Mensile,IT,Italia,76,Indice dei prezzi alla produzione dei prodotti venduti dagli agricoltori (base 2020=100) - dati mensili,CEREA,Cereali,2021-06,124,,
M,Mensile,IT,Italia,76,Indice dei prezzi alla produzione dei prodotti venduti dagli agricoltori (base 2020=100) - dati mensili,CEREA,Cereali,2021-07,125,,
M,Mensile,IT,Italia,76,Indice dei prezzi alla produzione dei prodotti venduti dagli agricoltori (base 2020=100) - dati mensili,CEREA,Cereali,2021-08,135,,
M,Mensile,IT,Italia,76,Indice dei prezzi alla produzione dei prodotti venduti dagli agricoltori (base 2020=100) - dati mensili,CEREA,Cereali,2021-09,141,,
M,Mensile,IT,Italia,76,Indice dei prezzi alla produzione dei prodotti venduti dagli agricoltori (base 2020=100) - dati mensili,CEREA,Cereali,2021-10,156,,
M,Mensile,IT,Italia,76,Indice dei prezzi alla produzione dei prodotti venduti dagli agricoltori (base 2020=100) - dati mensili,CEREA,Cereali,2021-11,162,,
M,Mensile,IT,Italia,76,Indice dei prezzi alla produzione dei prodotti venduti dagli agricoltori (base 2020=100) - dati mensili,CEREA,Cereali,2021-12,163,,
M,Mensile,IT,Italia,76,Indice dei prezzi alla produzione dei prodotti venduti dagli agricoltori (base 2020=100) - dati mensili,CEREA,Cereali,2022-01,165,,
M,Mensile,IT,Italia,76,Indice dei prezzi alla produzione dei prodotti venduti dagli agricoltori (base 2020=100) - dati mensili,CEREA,Cereali,2022-02,165,,
M,Mensile,IT,Italia,76,Indice dei prezzi alla produzione dei prodotti venduti dagli agricoltori (base 2020=100) - dati mensili,CEREA,Cereali,2022-03,192,,
M,Mensile,IT,Italia,76,Indice dei prezzi alla produzione dei prodotti venduti dagli agricoltori (base 2020=100) - dati mensili,CEREA,Cereali,2022-04,194,,
M,Mensile,IT,Italia,76,Indice dei prezzi alla produzione dei prodotti venduti dagli agricoltori (base 2020=100) - dati mensili,CEREA,Cereali,2022-05,198,,
M,Mensile,IT,Italia,76,Indice dei prezzi alla produzione dei prodotti venduti dagli agricoltori (base 2020=100) - dati mensili,CEREA,Cereali,2022-06,195,,
M,Mensile,IT,Italia,76,Indice dei prezzi alla produzione dei prodotti venduti dagli agricoltori (base 2020=100) - dati mensili,CEREA,Cereali,2022-07,188,,
M,Mensile,IT,Italia,76,Indice dei prezzi alla produzione dei prodotti venduti dagli agricoltori (base 2020=100) - dati mensili,CEREA,Cereali,2022-08,193,,
M,Mensile,IT,Italia,76,Indice dei prezzi alla produzione dei prodotti venduti dagli agricoltori (base 2020=100) - dati mensili,CEREA,Cereali,2022-09,187,,
M,Mensile,IT,Italia,76,Indice dei prezzi alla produzione dei prodotti venduti dagli agricoltori (base 2020=100) - dati mensili,CEREA,Cereali,2022-10,190,,
M,Mensile,IT,Italia,76,Indice dei prezzi alla produzione dei prodotti venduti dagli agricoltori (base 2020=100) - dati mensili,CEREA,Cereali,2022-11,190,,
M,Mensile,IT,Italia,76,Indice dei prezzi alla produzione dei prodotti venduti dagli agricoltori (base 2020=100) - dati mensili,CEREA,Cereali,2022-12,183,,
M,Mensile,IT,Italia,76,Indice dei prezzi alla produzione dei prodotti venduti dagli agricoltori (base 2020=100) - dati mensili,CEREA,Cereali,2023-01,178,,
M,Mensile,IT,Italia,76,Indice dei prezzi alla produzione dei prodotti venduti dagli agricoltori (base 2020=100) - dati mensili,CEREA,Cereali,2023-02,168,,
M,Mensile,IT,Italia,76,Indice dei prezzi alla produzione dei prodotti venduti dagli agricoltori (base 2020=100) - dati mensili,CEREA,Cereali,2023-03,163,,
M,Mensile,IT,Italia,76,Indice dei prezzi alla produzione dei prodotti venduti dagli agricoltori (base 2020=100) - dati mensili,CEREA,Cereali,2023-04,152,,
M,Mensile,IT,Italia,76,Indice dei prezzi alla produzione dei prodotti venduti dagli agricoltori (base 2020=100) - dati mensili,CEREA,Cereali,2023-05,145,,
M,Mensile,IT,Italia,76,Indice dei prezzi alla produzione dei prodotti venduti dagli agricoltori (base 2020=100) - dati mensili,CEREA,Cereali,2023-06,139,,
M,Mensile,IT,Italia,76,Indice dei prezzi alla produzione dei prodotti venduti dagli agricoltori (base 2020=100) - dati mensili,CEREA,Cereali,2023-07,138,,
M,Mensile,IT,Italia,76,Indice dei prezzi alla produzione dei prodotti venduti dagli agricoltori (base 2020=100) - dati mensili,CEREA,Cereali,2023-08,137,,
M,Mensile,IT,Italia,76,Indice dei prezzi alla produzione dei prodotti venduti dagli agricoltori (base 2020=100) - dati mensili,CEREA,Cereali,2023-09,132,,
M,Mensile,IT,Italia,76,Indice dei prezzi alla produzione dei prodotti venduti dagli agricoltori (base 2020=100) - dati mensili,CEREA,Cereali,2023-10,130,,
M,Mensile,IT,Italia,76,Indice dei prezzi alla produzione dei prodotti venduti dagli agricoltori (base 2020=100) - dati mensili,CEREA,Cereali,2023-11,132,,
M,Mensile,IT,Italia,76,Indice dei prezzi alla produzione dei prodotti venduti dagli agricoltori (base 2020=100) - dati mensili,CEREA,Cereali,2023-12,132,,
M,Mensile,IT,Italia,76,Indice dei prezzi alla produzione dei prodotti venduti dagli agricoltori (base 2020=100) - dati mensili,CEREA,Cereali,2024-01,130,,
M,Mensile,IT,Italia,76,Indice dei prezzi alla produzione dei prodotti venduti dagli agricoltori (base 2020=100) - dati mensili,CEREA,Cereali,2024-02,126,,
M,Mensile,IT,Italia,76,Indice dei prezzi alla produzione dei prodotti venduti dagli agricoltori (base 2020=100) - dati mensili,CEREA,Cereali,2024-03,121,,
M,Mensile,IT,Italia,76,Indice dei prezzi alla produzione dei prodotti venduti dagli agricoltori (base 2020=100) - dati mensili,CEREA,Cereali,2024-04,122,,
M,Mensile,IT,Italia,76,Indice dei prezzi alla produzione dei prodotti venduti dagli agricoltori (base 2020=100) - dati mensili,CEREA,Cereali,2024-05,125,,
M,Mensile,IT,Italia,76,Indice dei prezzi alla produzione dei prodotti venduti dagli agricoltori (base 2020=100) - dati mensili,CEREA,Cereali,2024-06,128,,
M,Mensile,IT,Italia,76,Indice dei prezzi alla produzione dei prodotti venduti dagli agricoltori (base 2020=100) - dati mensili,CEREA,Cereali,2024-07,126,,
M,Mensile,IT,Italia,76,Indice dei prezzi alla produzione dei prodotti venduti dagli agricoltori (base 2020=100) - dati mensili,CEREA,Cereali,2024-08,125,,
M,Mensile,IT,Italia,76,Indice dei prezzi alla produzione dei prodotti venduti dagli agricoltori (base 2020=100) - dati mensili,CEREA,Cereali,2024-09,125,,
M,Mensile,IT,Italia,76,Indice dei prezzi alla produzione dei prodotti venduti dagli agricoltori (base 2020=100) - dati mensili,CEREA,Cereali,2024-10,125,,
M,Mensile,IT,Italia,76,Indice dei prezzi alla produzione dei prodotti venduti dagli agricoltori (base 2020=100) - dati mensili,CEREA,Cereali,2024-11,126,,
M,Mensile,IT,Italia,76,Indice dei prezzi alla produzione dei prodotti venduti dagli agricoltori (base 2020=100) - dati mensili,CEREA,Cereali,2024-12,128,,
M,Mensile,IT,Italia,76,Indice dei prezzi alla produzione dei prodotti venduti dagli agricoltori (base 2020=100) - dati mensili,CEREA,Cereali,2025-01,132,,
M,Mensile,IT,Italia,76,Indice dei prezzi alla produzione dei prodotti venduti dagli agricoltori (base 2020=100) - dati mensili,CEREA,Cereali,2025-02,134,,
M,Mensile,IT,Italia,76,Indice dei prezzi alla produzione dei prodotti venduti dagli agricoltori (base 2020=100) - dati mensili,CEREA,Cereali,2025-03,133,,
M,Mensile,IT,Italia,76,Indice dei prezzi alla produzione dei prodotti venduti dagli agricoltori (base 2020=100) - dati mensili,CEREA,Cereali,2025-04,132,,
M,Mensile,IT,Italia,76,Indice dei prezzi alla produzione dei prodotti venduti dagli agricoltori (base 2020=100) - dati mensili,CEREA,Cereali,2025-05,130,,
M,Mensile,IT,Italia,76,Indice dei prezzi alla produzione dei prodotti venduti dagli agricoltori (base 2020=100) - dati mensili,CEREA,Cereali,2025-06,129,,
M,Mensile,IT,Italia,76,Indice dei prezzi alla produzione dei prodotti venduti dagli agricoltori (base 2020=100) - dati mensili,CEREA,Cereali,2025-07,129,,
M,Mensile,IT,Italia,76,Indice dei prezzi alla produzione dei prodotti venduti dagli agricoltori (base 2020=100) - dati mensili,CEREA,Cereali,2025-08,127,,
M,Mensile,IT,Italia,76,Indice dei prezzi alla produzione dei prodotti venduti dagli agricoltori (base 2020=100) - dati mensili,CEREA,Cereali,2025-09,124,,
M,Mensile,IT,Italia,76,Indice dei prezzi alla produzione dei prodotti venduti dagli agricoltori (base 2020=100) - dati mensili,CEREA,Cereali,2025-10,121,,
M,Mensile,IT,Italia,76,Indice dei prezzi alla produzione dei prodotti venduti dagli agricoltori (base 2020=100) - dati mensili,CEREA,Cereali,2025-11,122,,
M,Mensile,IT,Italia,76,Indice dei prezzi alla produzione dei prodotti venduti dagli agricoltori (base 2020=100) - dati mensili,CEREA,Cereali,2025-12,122,,
M,Mensile,IT,Italia,76,Indice dei prezzi alla produzione dei prodotti venduti dagli agricoltori (base 2020=100) - dati mensili,CEREA,Cereali,2026-01,121,p,Dato provvisorio
M,Mensile,IT,Italia,76,Indice dei prezzi alla produzione dei prodotti venduti dagli agricoltori (base 2020=100) - dati mensili,CEREA,Cereali,2026-02,119,p,Dato provvisorio
M,Mensile,IT,Italia,76,Indice dei prezzi alla produzione dei prodotti venduti dagli agricoltori (base 2020=100) - dati mensili,CEREA,Cereali,2026-03,119,p,Dato provvisorio
M,Mensile,IT,Italia,76,Indice dei prezzi alla produzione dei prodotti venduti dagli agricoltori (base 2020=100) - dati mensili,CROPUT,Prodotti vegetali,2020-01,101,,
M,Mensile,IT,Italia,76,Indice dei prezzi alla produzione dei prodotti venduti dagli agricoltori (base 2020=100) - dati mensili,CROPUT,Prodotti vegetali,2020-02,99,,
M,Mensile,IT,Italia,76,Indice dei prezzi alla produzione dei prodotti venduti dagli agricoltori (base 2020=100) - dati mensili,CROPUT,Prodotti vegetali,2020-03,100,,
M,Mensile,IT,Italia,76,Indice dei prezzi alla produzione dei prodotti venduti dagli agricoltori (base 2020=100) - dati mensili,CROPUT,Prodotti vegetali,2020-04,100,,
M,Mensile,IT,Italia,76,Indice dei prezzi alla produzione dei prodotti venduti dagli agricoltori (base 2020=100) - dati mensili,CROPUT,Prodotti vegetali,2020-05,99,,
M,Mensile,IT,Italia,76,Indice dei prezzi alla produzione dei prodotti venduti dagli agricoltori (base 2020=100) - dati mensili,CROPUT,Prodotti vegetali,2020-06,100,,
M,Mensile,IT,Italia,76,Indice dei prezzi alla produzione dei prodotti venduti dagli agricoltori (base 2020=100) - dati mensili,CROPUT,Prodotti vegetali,2020-07,100,,
M,Mensile,IT,Italia,76,Indice dei prezzi alla produzione dei prodotti venduti dagli agricoltori (base 2020=100) - dati mensili,CROPUT,Prodotti vegetali,2020-08,99,,
M,Mensile,IT,Italia,76,Indice dei prezzi alla produzione dei prodotti venduti dagli agricoltori (base 2020=100) - dati mensili,CROPUT,Prodotti vegetali,2020-09,99,,
M,Mensile,IT,Italia,76,Indice dei prezzi alla produzione dei prodotti venduti dagli agricoltori (base 2020=100) - dati mensili,CROPUT,Prodotti vegetali,2020-10,101,,
M,Mensile,IT,Italia,76,Indice dei prezzi alla produzione dei prodotti venduti dagli agricoltori (base 2020=100) - dati mensili,CROPUT,Prodotti vegetali,2020-11,102,,
M,Mensile,IT,Italia,76,Indice dei prezzi alla produzione dei prodotti venduti dagli agricoltori (base 2020=100) - dati mensili,CROPUT,Prodotti vegetali,2020-12,101,,
M,Mensile,IT,Italia,76,Indice dei prezzi alla produzione dei prodotti venduti dagli agricoltori (base 2020=100) - dati mensili,CROPUT,Prodotti vegetali,2021-01,103,,
M,Mensile,IT,Italia,76,Indice dei prezzi alla produzione dei prodotti venduti dagli agricoltori (base 2020=100) - dati mensili,CROPUT,Prodotti vegetali,2021-02,105,,
M,Mensile,IT,Italia,76,Indice dei prezzi alla produzione dei prodotti venduti dagli agricoltori (base 2020=100) - dati mensili,CROPUT,Prodotti vegetali,2021-03,104,,
M,Mensile,IT,Italia,76,Indice dei prezzi alla produzione dei prodotti venduti dagli agricoltori (base 2020=100) - dati mensili,CROPUT,Prodotti vegetali,2021-04,103,,
M,Mensile,IT,Italia,76,Indice dei prezzi alla produzione dei prodotti venduti dagli agricoltori (base 2020=100) - dati mensili,CROPUT,Prodotti vegetali,2021-05,104,,
M,Mensile,IT,Italia,76,Indice dei prezzi alla produzione dei prodotti venduti dagli agricoltori (base 2020=100) - dati mensili,CROPUT,Prodotti vegetali,2021-06,106,,
M,Mensile,IT,Italia,76,Indice dei prezzi alla produzione dei prodotti venduti dagli agricoltori (base 2020=100) - dati mensili,CROPUT,Prodotti vegetali,2021-07,106,,
M,Mensile,IT,Italia,76,Indice dei prezzi alla produzione dei prodotti venduti dagli agricoltori (base 2020=100) - dati mensili,CROPUT,Prodotti vegetali,2021-08,109,,
M,Mensile,IT,Italia,76,Indice dei prezzi alla produzione dei prodotti venduti dagli agricoltori (base 2020=100) - dati mensili,CROPUT,Prodotti vegetali,2021-09,112,,
M,Mensile,IT,Italia,76,Indice dei prezzi alla produzione dei prodotti venduti dagli agricoltori (base 2020=100) - dati mensili,CROPUT,Prodotti vegetali,2021-10,116,,
M,Mensile,IT,Italia,76,Indice dei prezzi alla produzione dei prodotti venduti dagli agricoltori (base 2020=100) - dati mensili,CROPUT,Prodotti vegetali,2021-11,120,,
M,Mensile,IT,Italia,76,Indice dei prezzi alla produzione dei prodotti venduti dagli agricoltori (base 2020=100) - dati mensili,CROPUT,Prodotti vegetali,2021-12,121,,
M,Mensile,IT,Italia,76,Indice dei prezzi alla produzione dei prodotti venduti dagli agricoltori (base 2020=100) - dati mensili,CROPUT,Prodotti vegetali,2022-01,128,,
M,Mensile,IT,Italia,76,Indice dei prezzi alla produzione dei prodotti venduti dagli agricoltori (base 2020=100) - dati mensili,CROPUT,Prodotti vegetali,2022-02,130,,
M,Mensile,IT,Italia,76,Indice dei prezzi alla produzione dei prodotti venduti dagli agricoltori (base 2020=100) - dati mensili,CROPUT,Prodotti vegetali,2022-03,129,,
M,Mensile,IT,Italia,76,Indice dei prezzi alla produzione dei prodotti venduti dagli agricoltori (base 2020=100) - dati mensili,CROPUT,Prodotti vegetali,2022-04,127,,
M,Mensile,IT,Italia,76,Indice dei prezzi alla produzione dei prodotti venduti dagli agricoltori (base 2020=100) - dati mensili,CROPUT,Prodotti vegetali,2022-05,124,,
M,Mensile,IT,Italia,76,Indice dei prezzi alla produzione dei prodotti venduti dagli agricoltori (base 2020=100) - dati mensili,CROPUT,Prodotti vegetali,2022-06,124,,
M,Mensile,IT,Italia,76,Indice dei prezzi alla produzione dei prodotti venduti dagli agricoltori (base 2020=100) - dati mensili,CROPUT,Prodotti vegetali,2022-07,129,,
M,Mensile,IT,Italia,76,Indice dei prezzi alla produzione dei prodotti venduti dagli agricoltori (base 2020=100) - dati mensili,CROPUT,Prodotti vegetali,2022-08,134,,
M,Mensile,IT,Italia,76,Indice dei prezzi alla produzione dei prodotti venduti dagli agricoltori (base 2020=100) - dati mensili,CROPUT,Prodotti vegetali,2022-09,130,,
M,Mensile,IT,Italia,76,Indice dei prezzi alla produzione dei prodotti venduti dagli agricoltori (base 2020=100) - dati mensili,CROPUT,Prodotti vegetali,2022-10,131,,
M,Mensile,IT,Italia,76,Indice dei prezzi alla produzione dei prodotti venduti dagli agricoltori (base 2020=100) - dati mensili,CROPUT,Prodotti vegetali,2022-11,130,,
M,Mensile,IT,Italia,76,Indice dei prezzi alla produzione dei prodotti venduti dagli agricoltori (base 2020=100) - dati mensili,CROPUT,Prodotti vegetali,2022-12,131,,
M,Mensile,IT,Italia,76,Indice dei prezzi alla produzione dei prodotti venduti dagli agricoltori (base 2020=100) - dati mensili,CROPUT,Prodotti vegetali,2023-01,130,,
M,Mensile,IT,Italia,76,Indice dei prezzi alla produzione dei prodotti venduti dagli agricoltori (base 2020=100) - dati mensili,CROPUT,Prodotti vegetali,2023-02,132,,
M,Mensile,IT,Italia,76,Indice dei prezzi alla produzione dei prodotti venduti dagli agricoltori (base 2020=100) - dati mensili,CROPUT,Prodotti vegetali,2023-03,128,,
M,Mensile,IT,Italia,76,Indice dei prezzi alla produzione dei prodotti venduti dagli agricoltori (base 2020=100) - dati mensili,CROPUT,Prodotti vegetali,2023-04,123,,
M,Mensile,IT,Italia,76,Indice dei prezzi alla produzione dei prodotti venduti dagli agricoltori (base 2020=100) - dati mensili,CROPUT,Prodotti vegetali,2023-05,121,,
M,Mensile,IT,Italia,76,Indice dei prezzi alla produzione dei prodotti venduti dagli agricoltori (base 2020=100) - dati mensili,CROPUT,Prodotti vegetali,2023-06,131,,
M,Mensile,IT,Italia,76,Indice dei prezzi alla produzione dei prodotti venduti dagli agricoltori (base 2020=100) - dati mensili,CROPUT,Prodotti vegetali,2023-07,128,,
M,Mensile,IT,Italia,76,Indice dei prezzi alla produzione dei prodotti venduti dagli agricoltori (base 2020=100) - dati mensili,CROPUT,Prodotti vegetali,2023-08,128,,
M,Mensile,IT,Italia,76,Indice dei prezzi alla produzione dei prodotti venduti dagli agricoltori (base 2020=100) - dati mensili,CROPUT,Prodotti vegetali,2023-09,127,,
M,Mensile,IT,Italia,76,Indice dei prezzi alla produzione dei prodotti venduti dagli agricoltori (base 2020=100) - dati mensili,CROPUT,Prodotti vegetali,2023-10,128,,
M,Mensile,IT,Italia,76,Indice dei prezzi alla produzione dei prodotti venduti dagli agricoltori (base 2020=100) - dati mensili,CROPUT,Prodotti vegetali,2023-11,132,,
M,Mensile,IT,Italia,76,Indice dei prezzi alla produzione dei prodotti venduti dagli agricoltori (base 2020=100) - dati mensili,CROPUT,Prodotti vegetali,2023-12,136,,
M,Mensile,IT,Italia,76,Indice dei prezzi alla produzione dei prodotti venduti dagli agricoltori (base 2020=100) - dati mensili,CROPUT,Prodotti vegetali,2024-01,133,,
M,Mensile,IT,Italia,76,Indice dei prezzi alla produzione dei prodotti venduti dagli agricoltori (base 2020=100) - dati mensili,CROPUT,Prodotti vegetali,2024-02,130,,
M,Mensile,IT,Italia,76,Indice dei prezzi alla produzione dei prodotti venduti dagli agricoltori (base 2020=100) - dati mensili,CROPUT,Prodotti vegetali,2024-03,126,,
M,Mensile,IT,Italia,76,Indice dei prezzi alla produzione dei prodotti venduti dagli agricoltori (base 2020=100) - dati mensili,CROPUT,Prodotti vegetali,2024-04,124,,
M,Mensile,IT,Italia,76,Indice dei prezzi alla produzione dei prodotti venduti dagli agricoltori (base 2020=100) - dati mensili,CROPUT,Prodotti vegetali,2024-05,129,,
M,Mensile,IT,Italia,76,Indice dei prezzi alla produzione dei prodotti venduti dagli agricoltori (base 2020=100) - dati mensili,CROPUT,Prodotti vegetali,2024-06,133,,
M,Mensile,IT,Italia,76,Indice dei prezzi alla produzione dei prodotti venduti dagli agricoltori (base 2020=100) - dati mensili,CROPUT,Prodotti vegetali,2024-07,126,,
M,Mensile,IT,Italia,76,Indice dei prezzi alla produzione dei prodotti venduti dagli agricoltori (base 2020=100) - dati mensili,CROPUT,Prodotti vegetali,2024-08,124,,
M,Mensile,IT,Italia,76,Indice dei prezzi alla produzione dei prodotti venduti dagli agricoltori (base 2020=100) - dati mensili,CROPUT,Prodotti vegetali,2024-09,131,,
M,Mensile,IT,Italia,76,Indice dei prezzi alla produzione dei prodotti venduti dagli agricoltori (base 2020=100) - dati mensili,CROPUT,Prodotti vegetali,2024-10,140,,
M,Mensile,IT,Italia,76,Indice dei prezzi alla produzione dei prodotti venduti dagli agricoltori (base 2020=100) - dati mensili,CROPUT,Prodotti vegetali,2024-11,140,,
M,Mensile,IT,Italia,76,Indice dei prezzi alla produzione dei prodotti venduti dagli agricoltori (base 2020=100) - dati mensili,CROPUT,Prodotti vegetali,2024-12,131,,
M,Mensile,IT,Italia,76,Indice dei prezzi alla produzione dei prodotti venduti dagli agricoltori (base 2020=100) - dati mensili,CROPUT,Prodotti vegetali,2025-01,133,,
M,Mensile,IT,Italia,76,Indice dei prezzi alla produzione dei prodotti venduti dagli agricoltori (base 2020=100) - dati mensili,CROPUT,Prodotti vegetali,2025-02,132,,
M,Mensile,IT,Italia,76,Indice dei prezzi alla produzione dei prodotti venduti dagli agricoltori (base 2020=100) - dati mensili,CROPUT,Prodotti vegetali,2025-03,130,,
M,Mensile,IT,Italia,76,Indice dei prezzi alla produzione dei prodotti venduti dagli agricoltori (base 2020=100) - dati mensili,CROPUT,Prodotti vegetali,2025-04,122,,
M,Mensile,IT,Italia,76,Indice dei prezzi alla produzione dei prodotti venduti dagli agricoltori (base 2020=100) - dati mensili,CROPUT,Prodotti vegetali,2025-05,125,,
M,Mensile,IT,Italia,76,Indice dei prezzi alla produzione dei prodotti venduti dagli agricoltori (base 2020=100) - dati mensili,CROPUT,Prodotti vegetali,2025-06,135,,
M,Mensile,IT,Italia,76,Indice dei prezzi alla produzione dei prodotti venduti dagli agricoltori (base 2020=100) - dati mensili,CROPUT,Prodotti vegetali,2025-07,133,,
M,Mensile,IT,Italia,76,Indice dei prezzi alla produzione dei prodotti venduti dagli agricoltori (base 2020=100) - dati mensili,CROPUT,Prodotti vegetali,2025-08,129,,
M,Mensile,IT,Italia,76,Indice dei prezzi alla produzione dei prodotti venduti dagli agricoltori (base 2020=100) - dati mensili,CROPUT,Prodotti vegetali,2025-09,128,,
M,Mensile,IT,Italia,76,Indice dei prezzi alla produzione dei prodotti venduti dagli agricoltori (base 2020=100) - dati mensili,CROPUT,Prodotti vegetali,2025-10,133,,
M,Mensile,IT,Italia,76,Indice dei prezzi alla produzione dei prodotti venduti dagli agricoltori (base 2020=100) - dati mensili,CROPUT,Prodotti vegetali,2025-11,130,,
M,Mensile,IT,Italia,76,Indice dei prezzi alla produzione dei prodotti venduti dagli agricoltori (base 2020=100) - dati mensili,CROPUT,Prodotti vegetali,2025-12,128,,
M,Mensile,IT,Italia,76,Indice dei prezzi alla produzione dei prodotti venduti dagli agricoltori (base 2020=100) - dati mensili,CROPUT,Prodotti vegetali,2026-01,131,p,Dato provvisorio
M,Mensile,IT,Italia,76,Indice dei prezzi alla produzione dei prodotti venduti dagli agricoltori (base 2020=100) - dati mensili,CROPUT,Prodotti vegetali,2026-02,131,p,Dato provvisorio
M,Mensile,IT,Italia,76,Indice dei prezzi alla produzione dei prodotti venduti dagli agricoltori (base 2020=100) - dati mensili,CROPUT,Prodotti vegetali,2026-03,135,p,Dato provvisorio
M,Mensile,IT,Italia,76,Indice dei prezzi alla produzione dei prodotti venduti dagli agricoltori (base 2020=100) - dati mensili,CROPUTE,Prodotti vegetali (esclusi frutta e ortaggi),2020-01,101,,
M,Mensile,IT,Italia,76,Indice dei prezzi alla produzione dei prodotti venduti dagli agricoltori (base 2020=100) - dati mensili,CROPUTE,Prodotti vegetali (esclusi frutta e ortaggi),2020-02,101,,
M,Mensile,IT,Italia,76,Indice dei prezzi alla produzione dei prodotti venduti dagli agricoltori (base 2020=100) - dati mensili,CROPUTE,Prodotti vegetali (esclusi frutta e ortaggi),2020-03,101,,
M,Mensile,IT,Italia,76,Indice dei prezzi alla produzione dei prodotti venduti dagli agricoltori (base 2020=100) - dati mensili,CROPUTE,Prodotti vegetali (esclusi frutta e ortaggi),2020-04,101,,
M,Mensile,IT,Italia,76,Indice dei prezzi alla produzione dei prodotti venduti dagli agricoltori (base 2020=100) - dati mensili,CROPUTE,Prodotti vegetali (esclusi frutta e ortaggi),2020-05,100,,
M,Mensile,IT,Italia,76,Indice dei prezzi alla produzione dei prodotti venduti dagli agricoltori (base 2020=100) - dati mensili,CROPUTE,Prodotti vegetali (esclusi frutta e ortaggi),2020-06,100,,
M,Mensile,IT,Italia,76,Indice dei prezzi alla produzione dei prodotti venduti dagli agricoltori (base 2020=100) - dati mensili,CROPUTE,Prodotti vegetali (esclusi frutta e ortaggi),2020-07,99,,
M,Mensile,IT,Italia,76,Indice dei prezzi alla produzione dei prodotti venduti dagli agricoltori (base 2020=100) - dati mensili,CROPUTE,Prodotti vegetali (esclusi frutta e ortaggi),2020-08,98,,
M,Mensile,IT,Italia,76,Indice dei prezzi alla produzione dei prodotti venduti dagli agricoltori (base 2020=100) - dati mensili,CROPUTE,Prodotti vegetali (esclusi frutta e ortaggi),2020-09,98,,
M,Mensile,IT,Italia,76,Indice dei prezzi alla produzione dei prodotti venduti dagli agricoltori (base 2020=100) - dati mensili,CROPUTE,Prodotti vegetali (esclusi frutta e ortaggi),2020-10,99,,
M,Mensile,IT,Italia,76,Indice dei prezzi alla produzione dei prodotti venduti dagli agricoltori (base 2020=100) - dati mensili,CROPUTE,Prodotti vegetali (esclusi frutta e ortaggi),2020-11,101,,
M,Mensile,IT,Italia,76,Indice dei prezzi alla produzione dei prodotti venduti dagli agricoltori (base 2020=100) - dati mensili,CROPUTE,Prodotti vegetali (esclusi frutta e ortaggi),2020-12,101,,
M,Mensile,IT,Italia,76,Indice dei prezzi alla produzione dei prodotti venduti dagli agricoltori (base 2020=100) - dati mensili,CROPUTE,Prodotti vegetali (esclusi frutta e ortaggi),2021-01,103,,
M,Mensile,IT,Italia,76,Indice dei prezzi alla produzione dei prodotti venduti dagli agricoltori (base 2020=100) - dati mensili,CROPUTE,Prodotti vegetali (esclusi frutta e ortaggi),2021-02,104,,
M,Mensile,IT,Italia,76,Indice dei prezzi alla produzione dei prodotti venduti dagli agricoltori (base 2020=100) - dati mensili,CROPUTE,Prodotti vegetali (esclusi frutta e ortaggi),2021-03,104,,
M,Mensile,IT,Italia,76,Indice dei prezzi alla produzione dei prodotti venduti dagli agricoltori (base 2020=100) - dati mensili,CROPUTE,Prodotti vegetali (esclusi frutta e ortaggi),2021-04,107,,
M,Mensile,IT,Italia,76,Indice dei prezzi alla produzione dei prodotti venduti dagli agricoltori (base 2020=100) - dati mensili,CROPUTE,Prodotti vegetali (esclusi frutta e ortaggi),2021-05,109,,
M,Mensile,IT,Italia,76,Indice dei prezzi alla produzione dei prodotti venduti dagli agricoltori (base 2020=100) - dati mensili,CROPUTE,Prodotti vegetali (esclusi frutta e ortaggi),2021-06,109,,
M,Mensile,IT,Italia,76,Indice dei prezzi alla produzione dei prodotti venduti dagli agricoltori (base 2020=100) - dati mensili,CROPUTE,Prodotti vegetali (esclusi frutta e ortaggi),2021-07,109,,
M,Mensile,IT,Italia,76,Indice dei prezzi alla produzione dei prodotti venduti dagli agricoltori (base 2020=100) - dati mensili,CROPUTE,Prodotti vegetali (esclusi frutta e ortaggi),2021-08,112,,
M,Mensile,IT,Italia,76,Indice dei prezzi alla produzione dei prodotti venduti dagli agricoltori (base 2020=100) - dati mensili,CROPUTE,Prodotti vegetali (esclusi frutta e ortaggi),2021-09,114,,
M,Mensile,IT,Italia,76,Indice dei prezzi alla produzione dei prodotti venduti dagli agricoltori (base 2020=100) - dati mensili,CROPUTE,Prodotti vegetali (esclusi frutta e ortaggi),2021-10,120,,
M,Mensile,IT,Italia,76,Indice dei prezzi alla produzione dei prodotti venduti dagli agricoltori (base 2020=100) - dati mensili,CROPUTE,Prodotti vegetali (esclusi frutta e ortaggi),2021-11,123,,
M,Mensile,IT,Italia,76,Indice dei prezzi alla produzione dei prodotti venduti dagli agricoltori (base 2020=100) - dati mensili,CROPUTE,Prodotti vegetali (esclusi frutta e ortaggi),2021-12,124,,
M,Mensile,IT,Italia,76,Indice dei prezzi alla produzione dei prodotti venduti dagli agricoltori (base 2020=100) - dati mensili,CROPUTE,Prodotti vegetali (esclusi frutta e ortaggi),2022-01,126,,
M,Mensile,IT,Italia,76,Indice dei prezzi alla produzione dei prodotti venduti dagli agricoltori (base 2020=100) - dati mensili,CROPUTE,Prodotti vegetali (esclusi frutta e ortaggi),2022-02,128,,
M,Mensile,IT,Italia,76,Indice dei prezzi alla produzione dei prodotti venduti dagli agricoltori (base 2020=100) - dati mensili,CROPUTE,Prodotti vegetali (esclusi frutta e ortaggi),2022-03,136,,
M,Mensile,IT,Italia,76,Indice dei prezzi alla produzione dei prodotti venduti dagli agricoltori (base 2020=100) - dati mensili,CROPUTE,Prodotti vegetali (esclusi frutta e ortaggi),2022-04,137,,
M,Mensile,IT,Italia,76,Indice dei prezzi alla produzione dei prodotti venduti dagli agricoltori (base 2020=100) - dati mensili,CROPUTE,Prodotti vegetali (esclusi frutta e ortaggi),2022-05,138,,
M,Mensile,IT,Italia,76,Indice dei prezzi alla produzione dei prodotti venduti dagli agricoltori (base 2020=100) - dati mensili,CROPUTE,Prodotti vegetali (esclusi frutta e ortaggi),2022-06,137,,
M,Mensile,IT,Italia,76,Indice dei prezzi alla produzione dei prodotti venduti dagli agricoltori (base 2020=100) - dati mensili,CROPUTE,Prodotti vegetali (esclusi frutta e ortaggi),2022-07,137,,
M,Mensile,IT,Italia,76,Indice dei prezzi alla produzione dei prodotti venduti dagli agricoltori (base 2020=100) - dati mensili,CROPUTE,Prodotti vegetali (esclusi frutta e ortaggi),2022-08,140,,
M,Mensile,IT,Italia,76,Indice dei prezzi alla produzione dei prodotti venduti dagli agricoltori (base 2020=100) - dati mensili,CROPUTE,Prodotti vegetali (esclusi frutta e ortaggi),2022-09,139,,
M,Mensile,IT,Italia,76,Indice dei prezzi alla produzione dei prodotti venduti dagli agricoltori (base 2020=100) - dati mensili,CROPUTE,Prodotti vegetali (esclusi frutta e ortaggi),2022-10,141,,
M,Mensile,IT,Italia,76,Indice dei prezzi alla produzione dei prodotti venduti dagli agricoltori (base 2020=100) - dati mensili,CROPUTE,Prodotti vegetali (esclusi frutta e ortaggi),2022-11,140,,
M,Mensile,IT,Italia,76,Indice dei prezzi alla produzione dei prodotti venduti dagli agricoltori (base 2020=100) - dati mensili,CROPUTE,Prodotti vegetali (esclusi frutta e ortaggi),2022-12,139,,
M,Mensile,IT,Italia,76,Indice dei prezzi alla produzione dei prodotti venduti dagli agricoltori (base 2020=100) - dati mensili,CROPUTE,Prodotti vegetali (esclusi frutta e ortaggi),2023-01,135,,
M,Mensile,IT,Italia,76,Indice dei prezzi alla produzione dei prodotti venduti dagli agricoltori (base 2020=100) - dati mensili,CROPUTE,Prodotti vegetali (esclusi frutta e ortaggi),2023-02,132,,
M,Mensile,IT,Italia,76,Indice dei prezzi alla produzione dei prodotti venduti dagli agricoltori (base 2020=100) - dati mensili,CROPUTE,Prodotti vegetali (esclusi frutta e ortaggi),2023-03,131,,
M,Mensile,IT,Italia,76,Indice dei prezzi alla produzione dei prodotti venduti dagli agricoltori (base 2020=100) - dati mensili,CROPUTE,Prodotti vegetali (esclusi frutta e ortaggi),2023-04,128,,
M,Mensile,IT,Italia,76,Indice dei prezzi alla produzione dei prodotti venduti dagli agricoltori (base 2020=100) - dati mensili,CROPUTE,Prodotti vegetali (esclusi frutta e ortaggi),2023-05,126,,
M,Mensile,IT,Italia,76,Indice dei prezzi alla produzione dei prodotti venduti dagli agricoltori (base 2020=100) - dati mensili,CROPUTE,Prodotti vegetali (esclusi frutta e ortaggi),2023-06,123,,
M,Mensile,IT,Italia,76,Indice dei prezzi alla produzione dei prodotti venduti dagli agricoltori (base 2020=100) - dati mensili,CROPUTE,Prodotti vegetali (esclusi frutta e ortaggi),2023-07,123,,
M,Mensile,IT,Italia,76,Indice dei prezzi alla produzione dei prodotti venduti dagli agricoltori (base 2020=100) - dati mensili,CROPUTE,Prodotti vegetali (esclusi frutta e ortaggi),2023-08,125,,
M,Mensile,IT,Italia,76,Indice dei prezzi alla produzione dei prodotti venduti dagli agricoltori (base 2020=100) - dati mensili,CROPUTE,Prodotti vegetali (esclusi frutta e ortaggi),2023-09,124,,
M,Mensile,IT,Italia,76,Indice dei prezzi alla produzione dei prodotti venduti dagli agricoltori (base 2020=100) - dati mensili,CROPUTE,Prodotti vegetali (esclusi frutta e ortaggi),2023-10,127,,
M,Mensile,IT,Italia,76,Indice dei prezzi alla produzione dei prodotti venduti dagli agricoltori (base 2020=100) - dati mensili,CROPUTE,Prodotti vegetali (esclusi frutta e ortaggi),2023-11,129,,
M,Mensile,IT,Italia,76,Indice dei prezzi alla produzione dei prodotti venduti dagli agricoltori (base 2020=100) - dati mensili,CROPUTE,Prodotti vegetali (esclusi frutta e ortaggi),2023-12,130,,
M,Mensile,IT,Italia,76,Indice dei prezzi alla produzione dei prodotti venduti dagli agricoltori (base 2020=100) - dati mensili,CROPUTE,Prodotti vegetali (esclusi frutta e ortaggi),2024-01,131,,
M,Mensile,IT,Italia,76,Indice dei prezzi alla produzione dei prodotti venduti dagli agricoltori (base 2020=100) - dati mensili,CROPUTE,Prodotti vegetali (esclusi frutta e ortaggi),2024-02,130,,
M,Mensile,IT,Italia,76,Indice dei prezzi alla produzione dei prodotti venduti dagli agricoltori (base 2020=100) - dati mensili,CROPUTE,Prodotti vegetali (esclusi frutta e ortaggi),2024-03,129,,
M,Mensile,IT,Italia,76,Indice dei prezzi alla produzione dei prodotti venduti dagli agricoltori (base 2020=100) - dati mensili,CROPUTE,Prodotti vegetali (esclusi frutta e ortaggi),2024-04,128,,
M,Mensile,IT,Italia,76,Indice dei prezzi alla produzione dei prodotti venduti dagli agricoltori (base 2020=100) - dati mensili,CROPUTE,Prodotti vegetali (esclusi frutta e ortaggi),2024-05,128,,
M,Mensile,IT,Italia,76,Indice dei prezzi alla produzione dei prodotti venduti dagli agricoltori (base 2020=100) - dati mensili,CROPUTE,Prodotti vegetali (esclusi frutta e ortaggi),2024-06,126,,
M,Mensile,IT,Italia,76,Indice dei prezzi alla produzione dei prodotti venduti dagli agricoltori (base 2020=100) - dati mensili,CROPUTE,Prodotti vegetali (esclusi frutta e ortaggi),2024-07,127,,
M,Mensile,IT,Italia,76,Indice dei prezzi alla produzione dei prodotti venduti dagli agricoltori (base 2020=100) - dati mensili,CROPUTE,Prodotti vegetali (esclusi frutta e ortaggi),2024-08,126,,
M,Mensile,IT,Italia,76,Indice dei prezzi alla produzione dei prodotti venduti dagli agricoltori (base 2020=100) - dati mensili,CROPUTE,Prodotti vegetali (esclusi frutta e ortaggi),2024-09,127,,
M,Mensile,IT,Italia,76,Indice dei prezzi alla produzione dei prodotti venduti dagli agricoltori (base 2020=100) - dati mensili,CROPUTE,Prodotti vegetali (esclusi frutta e ortaggi),2024-10,128,,
M,Mensile,IT,Italia,76,Indice dei prezzi alla produzione dei prodotti venduti dagli agricoltori (base 2020=100) - dati mensili,CROPUTE,Prodotti vegetali (esclusi frutta e ortaggi),2024-11,128,,
M,Mensile,IT,Italia,76,Indice dei prezzi alla produzione dei prodotti venduti dagli agricoltori (base 2020=100) - dati mensili,CROPUTE,Prodotti vegetali (esclusi frutta e ortaggi),2024-12,129,,
M,Mensile,IT,Italia,76,Indice dei prezzi alla produzione dei prodotti venduti dagli agricoltori (base 2020=100) - dati mensili,CROPUTE,Prodotti vegetali (esclusi frutta e ortaggi),2025-01,131,,
M,Mensile,IT,Italia,76,Indice dei prezzi alla produzione dei prodotti venduti dagli agricoltori (base 2020=100) - dati mensili,CROPUTE,Prodotti vegetali (esclusi frutta e ortaggi),2025-02,132,,
M,Mensile,IT,Italia,76,Indice dei prezzi alla produzione dei prodotti venduti dagli agricoltori (base 2020=100) - dati mensili,CROPUTE,Prodotti vegetali (esclusi frutta e ortaggi),2025-03,132,,
M,Mensile,IT,Italia,76,Indice dei prezzi alla produzione dei prodotti venduti dagli agricoltori (base 2020=100) - dati mensili,CROPUTE,Prodotti vegetali (esclusi frutta e ortaggi),2025-04,132,,
M,Mensile,IT,Italia,76,Indice dei prezzi alla produzione dei prodotti venduti dagli agricoltori (base 2020=100) - dati mensili,CROPUTE,Prodotti vegetali (esclusi frutta e ortaggi),2025-05,129,,
M,Mensile,IT,Italia,76,Indice dei prezzi alla produzione dei prodotti venduti dagli agricoltori (base 2020=100) - dati mensili,CROPUTE,Prodotti vegetali (esclusi frutta e ortaggi),2025-06,128,,
M,Mensile,IT,Italia,76,Indice dei prezzi alla produzione dei prodotti venduti dagli agricoltori (base 2020=100) - dati mensili,CROPUTE,Prodotti vegetali (esclusi frutta e ortaggi),2025-07,128,,
M,Mensile,IT,Italia,76,Indice dei prezzi alla produzione dei prodotti venduti dagli agricoltori (base 2020=100) - dati mensili,CROPUTE,Prodotti vegetali (esclusi frutta e ortaggi),2025-08,128,,
M,Mensile,IT,Italia,76,Indice dei prezzi alla produzione dei prodotti venduti dagli agricoltori (base 2020=100) - dati mensili,CROPUTE,Prodotti vegetali (esclusi frutta e ortaggi),2025-09,127,,
M,Mensile,IT,Italia,76,Indice dei prezzi alla produzione dei prodotti venduti dagli agricoltori (base 2020=100) - dati mensili,CROPUTE,Prodotti vegetali (esclusi frutta e ortaggi),2025-10,126,,
M,Mensile,IT,Italia,76,Indice dei prezzi alla produzione dei prodotti venduti dagli agricoltori (base 2020=100) - dati mensili,CROPUTE,Prodotti vegetali (esclusi frutta e ortaggi),2025-11,125,,
M,Mensile,IT,Italia,76,Indice dei prezzi alla produzione dei prodotti venduti dagli agricoltori (base 2020=100) - dati mensili,CROPUTE,Prodotti vegetali (esclusi frutta e ortaggi),2025-12,125,,
M,Mensile,IT,Italia,76,Indice dei prezzi alla produzione dei prodotti venduti dagli agricoltori (base 2020=100) - dati mensili,CROPUTE,Prodotti vegetali (esclusi frutta e ortaggi),2026-01,125,p,Dato provvisorio
M,Mensile,IT,Italia,76,Indice dei prezzi alla produzione dei prodotti venduti dagli agricoltori (base 2020=100) - dati mensili,CROPUTE,Prodotti vegetali (esclusi frutta e ortaggi),2026-02,125,p,Dato provvisorio
M,Mensile,IT,Italia,76,Indice dei prezzi alla produzione dei prodotti venduti dagli agricoltori (base 2020=100) - dati mensili,CROPUTE,Prodotti vegetali (esclusi frutta e ortaggi),2026-03,125,p,Dato provvisorio
M,Mensile,IT,Italia,76,Indice dei prezzi alla produzione dei prodotti venduti dagli agricoltori (base 2020=100) - dati mensili,WHEATSPEL,Frumento,2020-01,96,,
M,Mensile,IT,Italia,76,Indice dei prezzi alla produzione dei prodotti venduti dagli agricoltori (base 2020=100) - dati mensili,WHEATSPEL,Frumento,2020-02,98,,
M,Mensile,IT,Italia,76,Indice dei prezzi alla produzione dei prodotti venduti dagli agricoltori (base 2020=100) - dati mensili,WHEATSPEL,Frumento,2020-03,99,,
M,Mensile,IT,Italia,76,Indice dei prezzi alla produzione dei prodotti venduti dagli agricoltori (base 2020=100) - dati mensili,WHEATSPEL,Frumento,2020-04,101,,
M,Mensile,IT,Italia,76,Indice dei prezzi alla produzione dei prodotti venduti dagli agricoltori (base 2020=100) - dati mensili,WHEATSPEL,Frumento,2020-05,100,,
M,Mensile,IT,Italia,76,Indice dei prezzi alla produzione dei prodotti venduti dagli agricoltori (base 2020=100) - dati mensili,WHEATSPEL,Frumento,2020-06,101,,
M,Mensile,IT,Italia,76,Indice dei prezzi alla produzione dei prodotti venduti dagli agricoltori (base 2020=100) - dati mensili,WHEATSPEL,Frumento,2020-07,99,,
M,Mensile,IT,Italia,76,Indice dei prezzi alla produzione dei prodotti venduti dagli agricoltori (base 2020=100) - dati mensili,WHEATSPEL,Frumento,2020-08,99,,
M,Mensile,IT,Italia,76,Indice dei prezzi alla produzione dei prodotti venduti dagli agricoltori (base 2020=100) - dati mensili,WHEATSPEL,Frumento,2020-09,99,,
M,Mensile,IT,Italia,76,Indice dei prezzi alla produzione dei prodotti venduti dagli agricoltori (base 2020=100) - dati mensili,WHEATSPEL,Frumento,2020-10,101,,
M,Mensile,IT,Italia,76,Indice dei prezzi alla produzione dei prodotti venduti dagli agricoltori (base 2020=100) - dati mensili,WHEATSPEL,Frumento,2020-11,104,,
M,Mensile,IT,Italia,76,Indice dei prezzi alla produzione dei prodotti venduti dagli agricoltori (base 2020=100) - dati mensili,WHEATSPEL,Frumento,2020-12,105,,
M,Mensile,IT,Italia,76,Indice dei prezzi alla produzione dei prodotti venduti dagli agricoltori (base 2020=100) - dati mensili,WHEATSPEL,Frumento,2021-01,107,,
M,Mensile,IT,Italia,76,Indice dei prezzi alla produzione dei prodotti venduti dagli agricoltori (base 2020=100) - dati mensili,WHEATSPEL,Frumento,2021-02,110,,
M,Mensile,IT,Italia,76,Indice dei prezzi alla produzione dei prodotti venduti dagli agricoltori (base 2020=100) - dati mensili,WHEATSPEL,Frumento,2021-03,109,,
M,Mensile,IT,Italia,76,Indice dei prezzi alla produzione dei prodotti venduti dagli agricoltori (base 2020=100) - dati mensili,WHEATSPEL,Frumento,2021-04,109,,
M,Mensile,IT,Italia,76,Indice dei prezzi alla produzione dei prodotti venduti dagli agricoltori (base 2020=100) - dati mensili,WHEATSPEL,Frumento,2021-05,112,,
M,Mensile,IT,Italia,76,Indice dei prezzi alla produzione dei prodotti venduti dagli agricoltori (base 2020=100) - dati mensili,WHEATSPEL,Frumento,2021-06,113,,
M,Mensile,IT,Italia,76,Indice dei prezzi alla produzione dei prodotti venduti dagli agricoltori (base 2020=100) - dati mensili,WHEATSPEL,Frumento,2021-07,119,,
M,Mensile,IT,Italia,76,Indice dei prezzi alla produzione dei prodotti venduti dagli agricoltori (base 2020=100) - dati mensili,WHEATSPEL,Frumento,2021-08,134,,
M,Mensile,IT,Italia,76,Indice dei prezzi alla produzione dei prodotti venduti dagli agricoltori (base 2020=100) - dati mensili,WHEATSPEL,Frumento,2021-09,149,,
M,Mensile,IT,Italia,76,Indice dei prezzi alla produzione dei prodotti venduti dagli agricoltori (base 2020=100) - dati mensili,WHEATSPEL,Frumento,2021-10,166,,
M,Mensile,IT,Italia,76,Indice dei prezzi alla produzione dei prodotti venduti dagli agricoltori (base 2020=100) - dati mensili,WHEATSPEL,Frumento,2021-11,173,,
M,Mensile,IT,Italia,76,Indice dei prezzi alla produzione dei prodotti venduti dagli agricoltori (base 2020=100) - dati mensili,WHEATSPEL,Frumento,2021-12,173,,
M,Mensile,IT,Italia,76,Indice dei prezzi alla produzione dei prodotti venduti dagli agricoltori (base 2020=100) - dati mensili,WHEATSPEL,Frumento,2022-01,175,,
M,Mensile,IT,Italia,76,Indice dei prezzi alla produzione dei prodotti venduti dagli agricoltori (base 2020=100) - dati mensili,WHEATSPEL,Frumento,2022-02,173,,
M,Mensile,IT,Italia,76,Indice dei prezzi alla produzione dei prodotti venduti dagli agricoltori (base 2020=100) - dati mensili,WHEATSPEL,Frumento,2022-03,184,,
M,Mensile,IT,Italia,76,Indice dei prezzi alla produzione dei prodotti venduti dagli agricoltori (base 2020=100) - dati mensili,WHEATSPEL,Frumento,2022-04,187,,
M,Mensile,IT,Italia,76,Indice dei prezzi alla produzione dei prodotti venduti dagli agricoltori (base 2020=100) - dati mensili,WHEATSPEL,Frumento,2022-05,189,,
M,Mensile,IT,Italia,76,Indice dei prezzi alla produzione dei prodotti venduti dagli agricoltori (base 2020=100) - dati mensili,WHEATSPEL,Frumento,2022-06,192,,
M,Mensile,IT,Italia,76,Indice dei prezzi alla produzione dei prodotti venduti dagli agricoltori (base 2020=100) - dati mensili,WHEATSPEL,Frumento,2022-07,179,,
M,Mensile,IT,Italia,76,Indice dei prezzi alla produzione dei prodotti venduti dagli agricoltori (base 2020=100) - dati mensili,WHEATSPEL,Frumento,2022-08,181,,
M,Mensile,IT,Italia,76,Indice dei prezzi alla produzione dei prodotti venduti dagli agricoltori (base 2020=100) - dati mensili,WHEATSPEL,Frumento,2022-09,174,,
M,Mensile,IT,Italia,76,Indice dei prezzi alla produzione dei prodotti venduti dagli agricoltori (base 2020=100) - dati mensili,WHEATSPEL,Frumento,2022-10,178,,
M,Mensile,IT,Italia,76,Indice dei prezzi alla produzione dei prodotti venduti dagli agricoltori (base 2020=100) - dati mensili,WHEATSPEL,Frumento,2022-11,178,,
M,Mensile,IT,Italia,76,Indice dei prezzi alla produzione dei prodotti venduti dagli agricoltori (base 2020=100) - dati mensili,WHEATSPEL,Frumento,2022-12,172,,
M,Mensile,IT,Italia,76,Indice dei prezzi alla produzione dei prodotti venduti dagli agricoltori (base 2020=100) - dati mensili,WHEATSPEL,Frumento,2023-01,166,,
M,Mensile,IT,Italia,76,Indice dei prezzi alla produzione dei prodotti venduti dagli agricoltori (base 2020=100) - dati mensili,WHEATSPEL,Frumento,2023-02,154,,
M,Mensile,IT,Italia,76,Indice dei prezzi alla produzione dei prodotti venduti dagli agricoltori (base 2020=100) - dati mensili,WHEATSPEL,Frumento,2023-03,149,,
M,Mensile,IT,Italia,76,Indice dei prezzi alla produzione dei prodotti venduti dagli agricoltori (base 2020=100) - dati mensili,WHEATSPEL,Frumento,2023-04,134,,
M,Mensile,IT,Italia,76,Indice dei prezzi alla produzione dei prodotti venduti dagli agricoltori (base 2020=100) - dati mensili,WHEATSPEL,Frumento,2023-05,130,,
M,Mensile,IT,Italia,76,Indice dei prezzi alla produzione dei prodotti venduti dagli agricoltori (base 2020=100) - dati mensili,WHEATSPEL,Frumento,2023-06,128,,
M,Mensile,IT,Italia,76,Indice dei prezzi alla produzione dei prodotti venduti dagli agricoltori (base 2020=100) - dati mensili,WHEATSPEL,Frumento,2023-07,132,,
M,Mensile,IT,Italia,76,Indice dei prezzi alla produzione dei prodotti venduti dagli agricoltori (base 2020=100) - dati mensili,WHEATSPEL,Frumento,2023-08,137,,
M,Mensile,IT,Italia,76,Indice dei prezzi alla produzione dei prodotti venduti dagli agricoltori (base 2020=100) - dati mensili,WHEATSPEL,Frumento,2023-09,133,,
M,Mensile,IT,Italia,76,Indice dei prezzi alla produzione dei prodotti venduti dagli agricoltori (base 2020=100) - dati mensili,WHEATSPEL,Frumento,2023-10,132,,
M,Mensile,IT,Italia,76,Indice dei prezzi alla produzione dei prodotti venduti dagli agricoltori (base 2020=100) - dati mensili,WHEATSPEL,Frumento,2023-11,132,,
M,Mensile,IT,Italia,76,Indice dei prezzi alla produzione dei prodotti venduti dagli agricoltori (base 2020=100) - dati mensili,WHEATSPEL,Frumento,2023-12,131,,
M,Mensile,IT,Italia,76,Indice dei prezzi alla produzione dei prodotti venduti dagli agricoltori (base 2020=100) - dati mensili,WHEATSPEL,Frumento,2024-01,131,,
M,Mensile,IT,Italia,76,Indice dei prezzi alla produzione dei prodotti venduti dagli agricoltori (base 2020=100) - dati mensili,WHEATSPEL,Frumento,2024-02,128,,
M,Mensile,IT,Italia,76,Indice dei prezzi alla produzione dei prodotti venduti dagli agricoltori (base 2020=100) - dati mensili,WHEATSPEL,Frumento,2024-03,120,,
M,Mensile,IT,Italia,76,Indice dei prezzi alla produzione dei prodotti venduti dagli agricoltori (base 2020=100) - dati mensili,WHEATSPEL,Frumento,2024-04,121,,
M,Mensile,IT,Italia,76,Indice dei prezzi alla produzione dei prodotti venduti dagli agricoltori (base 2020=100) - dati mensili,WHEATSPEL,Frumento,2024-05,122,,
M,Mensile,IT,Italia,76,Indice dei prezzi alla produzione dei prodotti venduti dagli agricoltori (base 2020=100) - dati mensili,WHEATSPEL,Frumento,2024-06,125,,
M,Mensile,IT,Italia,76,Indice dei prezzi alla produzione dei prodotti venduti dagli agricoltori (base 2020=100) - dati mensili,WHEATSPEL,Frumento,2024-07,120,,
M,Mensile,IT,Italia,76,Indice dei prezzi alla produzione dei prodotti venduti dagli agricoltori (base 2020=100) - dati mensili,WHEATSPEL,Frumento,2024-08,119,,
M,Mensile,IT,Italia,76,Indice dei prezzi alla produzione dei prodotti venduti dagli agricoltori (base 2020=100) - dati mensili,WHEATSPEL,Frumento,2024-09,119,,
M,Mensile,IT,Italia,76,Indice dei prezzi alla produzione dei prodotti venduti dagli agricoltori (base 2020=100) - dati mensili,WHEATSPEL,Frumento,2024-10,119,,
M,Mensile,IT,Italia,76,Indice dei prezzi alla produzione dei prodotti venduti dagli agricoltori (base 2020=100) - dati mensili,WHEATSPEL,Frumento,2024-11,119,,
M,Mensile,IT,Italia,76,Indice dei prezzi alla produzione dei prodotti venduti dagli agricoltori (base 2020=100) - dati mensili,WHEATSPEL,Frumento,2024-12,120,,
M,Mensile,IT,Italia,76,Indice dei prezzi alla produzione dei prodotti venduti dagli agricoltori (base 2020=100) - dati mensili,WHEATSPEL,Frumento,2025-01,122,,
M,Mensile,IT,Italia,76,Indice dei prezzi alla produzione dei prodotti venduti dagli agricoltori (base 2020=100) - dati mensili,WHEATSPEL,Frumento,2025-02,124,,
M,Mensile,IT,Italia,76,Indice dei prezzi alla produzione dei prodotti venduti dagli agricoltori (base 2020=100) - dati mensili,WHEATSPEL,Frumento,2025-03,123,,
M,Mensile,IT,Italia,76,Indice dei prezzi alla produzione dei prodotti venduti dagli agricoltori (base 2020=100) - dati mensili,WHEATSPEL,Frumento,2025-04,120,,
M,Mensile,IT,Italia,76,Indice dei prezzi alla produzione dei prodotti venduti dagli agricoltori (base 2020=100) - dati mensili,WHEATSPEL,Frumento,2025-05,118,,
M,Mensile,IT,Italia,76,Indice dei prezzi alla produzione dei prodotti venduti dagli agricoltori (base 2020=100) - dati mensili,WHEATSPEL,Frumento,2025-06,118,,
M,Mensile,IT,Italia,76,Indice dei prezzi alla produzione dei prodotti venduti dagli agricoltori (base 2020=100) - dati mensili,WHEATSPEL,Frumento,2025-07,114,,
M,Mensile,IT,Italia,76,Indice dei prezzi alla produzione dei prodotti venduti dagli agricoltori (base 2020=100) - dati mensili,WHEATSPEL,Frumento,2025-08,112,,
M,Mensile,IT,Italia,76,Indice dei prezzi alla produzione dei prodotti venduti dagli agricoltori (base 2020=100) - dati mensili,WHEATSPEL,Frumento,2025-09,110,,
M,Mensile,IT,Italia,76,Indice dei prezzi alla produzione dei prodotti venduti dagli agricoltori (base 2020=100) - dati mensili,WHEATSPEL,Frumento,2025-10,111,,
M,Mensile,IT,Italia,76,Indice dei prezzi alla produzione dei prodotti venduti dagli agricoltori (base 2020=100) - dati mensili,WHEATSPEL,Frumento,2025-11,112,,
M,Mensile,IT,Italia,76,Indice dei prezzi alla produzione dei prodotti venduti dagli agricoltori (base 2020=100) - dati mensili,WHEATSPEL,Frumento,2025-12,112,,
M,Mensile,IT,Italia,76,Indice dei prezzi alla produzione dei prodotti venduti dagli agricoltori (base 2020=100) - dati mensili,WHEATSPEL,Frumento,2026-01,111,p,Dato provvisorio
M,Mensile,IT,Italia,76,Indice dei prezzi alla produzione dei prodotti venduti dagli agricoltori (base 2020=100) - dati mensili,WHEATSPEL,Frumento,2026-02,110,p,Dato provvisorio
M,Mensile,IT,Italia,76,Indice dei prezzi alla produzione dei prodotti venduti dagli agricoltori (base 2020=100) - dati mensili,WHEATSPEL,Frumento,2026-03,110,p,Dato provvisorio
M,Mensile,IT,Italia,76,Indice dei prezzi alla produzione dei prodotti venduti dagli agricoltori (base 2020=100) - dati mensili,INDUSLCRO,Piante industriali,2020-01,98,,
M,Mensile,IT,Italia,76,Indice dei prezzi alla produzione dei prodotti venduti dagli agricoltori (base 2020=100) - dati mensili,INDUSLCRO,Piante industriali,2020-02,98,,
M,Mensile,IT,Italia,76,Indice dei prezzi alla produzione dei prodotti venduti dagli agricoltori (base 2020=100) - dati mensili,INDUSLCRO,Piante industriali,2020-03,98,,
M,Mensile,IT,Italia,76,Indice dei prezzi alla produzione dei prodotti venduti dagli agricoltori (base 2020=100) - dati mensili,INDUSLCRO,Piante industriali,2020-04,99,,
M,Mensile,IT,Italia,76,Indice dei prezzi alla produzione dei prodotti venduti dagli agricoltori (base 2020=100) - dati mensili,INDUSLCRO,Piante industriali,2020-05,99,,
M,Mensile,IT,Italia,76,Indice dei prezzi alla produzione dei prodotti venduti dagli agricoltori (base 2020=100) - dati mensili,INDUSLCRO,Piante industriali,2020-06,98,,
M,Mensile,IT,Italia,76,Indice dei prezzi alla produzione dei prodotti venduti dagli agricoltori (base 2020=100) - dati mensili,INDUSLCRO,Piante industriali,2020-07,100,,
M,Mensile,IT,Italia,76,Indice dei prezzi alla produzione dei prodotti venduti dagli agricoltori (base 2020=100) - dati mensili,INDUSLCRO,Piante industriali,2020-08,100,,
M,Mensile,IT,Italia,76,Indice dei prezzi alla produzione dei prodotti venduti dagli agricoltori (base 2020=100) - dati mensili,INDUSLCRO,Piante industriali,2020-09,99,,
M,Mensile,IT,Italia,76,Indice dei prezzi alla produzione dei prodotti venduti dagli agricoltori (base 2020=100) - dati mensili,INDUSLCRO,Piante industriali,2020-10,101,,
M,Mensile,IT,Italia,76,Indice dei prezzi alla produzione dei prodotti venduti dagli agricoltori (base 2020=100) - dati mensili,INDUSLCRO,Piante industriali,2020-11,104,,
M,Mensile,IT,Italia,76,Indice dei prezzi alla produzione dei prodotti venduti dagli agricoltori (base 2020=100) - dati mensili,INDUSLCRO,Piante industriali,2020-12,105,,
M,Mensile,IT,Italia,76,Indice dei prezzi alla produzione dei prodotti venduti dagli agricoltori (base 2020=100) - dati mensili,INDUSLCRO,Piante industriali,2021-01,112,,
M,Mensile,IT,Italia,76,Indice dei prezzi alla produzione dei prodotti venduti dagli agricoltori (base 2020=100) - dati mensili,INDUSLCRO,Piante industriali,2021-02,113,,
M,Mensile,IT,Italia,76,Indice dei prezzi alla produzione dei prodotti venduti dagli agricoltori (base 2020=100) - dati mensili,INDUSLCRO,Piante industriali,2021-03,118,,
M,Mensile,IT,Italia,76,Indice dei prezzi alla produzione dei prodotti venduti dagli agricoltori (base 2020=100) - dati mensili,INDUSLCRO,Piante industriali,2021-04,128,,
M,Mensile,IT,Italia,76,Indice dei prezzi alla produzione dei prodotti venduti dagli agricoltori (base 2020=100) - dati mensili,INDUSLCRO,Piante industriali,2021-05,129,,
M,Mensile,IT,Italia,76,Indice dei prezzi alla produzione dei prodotti venduti dagli agricoltori (base 2020=100) - dati mensili,INDUSLCRO,Piante industriali,2021-06,125,,
M,Mensile,IT,Italia,76,Indice dei prezzi alla produzione dei prodotti venduti dagli agricoltori (base 2020=100) - dati mensili,INDUSLCRO,Piante industriali,2021-07,128,,
M,Mensile,IT,Italia,76,Indice dei prezzi alla produzione dei prodotti venduti dagli agricoltori (base 2020=100) - dati mensili,INDUSLCRO,Piante industriali,2021-08,128,,
M,Mensile,IT,Italia,76,Indice dei prezzi alla produzione dei prodotti venduti dagli agricoltori (base 2020=100) - dati mensili,INDUSLCRO,Piante industriali,2021-09,123,,
M,Mensile,IT,Italia,76,Indice dei prezzi alla produzione dei prodotti venduti dagli agricoltori (base 2020=100) - dati mensili,INDUSLCRO,Piante industriali,2021-10,129,,
M,Mensile,IT,Italia,76,Indice dei prezzi alla produzione dei prodotti venduti dagli agricoltori (base 2020=100) - dati mensili,INDUSLCRO,Piante industriali,2021-11,132,,
M,Mensile,IT,Italia,76,Indice dei prezzi alla produzione dei prodotti venduti dagli agricoltori (base 2020=100) - dati mensili,INDUSLCRO,Piante industriali,2021-12,128,,
M,Mensile,IT,Italia,76,Indice dei prezzi alla produzione dei prodotti venduti dagli agricoltori (base 2020=100) - dati mensili,INDUSLCRO,Piante industriali,2022-01,134,,
M,Mensile,IT,Italia,76,Indice dei prezzi alla produzione dei prodotti venduti dagli agricoltori (base 2020=100) - dati mensili,INDUSLCRO,Piante industriali,2022-02,137,,
M,Mensile,IT,Italia,76,Indice dei prezzi alla produzione dei prodotti venduti dagli agricoltori (base 2020=100) - dati mensili,INDUSLCRO,Piante industriali,2022-03,144,,
M,Mensile,IT,Italia,76,Indice dei prezzi alla produzione dei prodotti venduti dagli agricoltori (base 2020=100) - dati mensili,INDUSLCRO,Piante industriali,2022-04,144,,
M,Mensile,IT,Italia,76,Indice dei prezzi alla produzione dei prodotti venduti dagli agricoltori (base 2020=100) - dati mensili,INDUSLCRO,Piante industriali,2022-05,145,,
M,Mensile,IT,Italia,76,Indice dei prezzi alla produzione dei prodotti venduti dagli agricoltori (base 2020=100) - dati mensili,INDUSLCRO,Piante industriali,2022-06,141,,
M,Mensile,IT,Italia,76,Indice dei prezzi alla produzione dei prodotti venduti dagli agricoltori (base 2020=100) - dati mensili,INDUSLCRO,Piante industriali,2022-07,144,,
M,Mensile,IT,Italia,76,Indice dei prezzi alla produzione dei prodotti venduti dagli agricoltori (base 2020=100) - dati mensili,INDUSLCRO,Piante industriali,2022-08,150,,
M,Mensile,IT,Italia,76,Indice dei prezzi alla produzione dei prodotti venduti dagli agricoltori (base 2020=100) - dati mensili,INDUSLCRO,Piante industriali,2022-09,145,,
M,Mensile,IT,Italia,76,Indice dei prezzi alla produzione dei prodotti venduti dagli agricoltori (base 2020=100) - dati mensili,INDUSLCRO,Piante industriali,2022-10,144,,
M,Mensile,IT,Italia,76,Indice dei prezzi alla produzione dei prodotti venduti dagli agricoltori (base 2020=100) - dati mensili,INDUSLCRO,Piante industriali,2022-11,142,,
M,Mensile,IT,Italia,76,Indice dei prezzi alla produzione dei prodotti venduti dagli agricoltori (base 2020=100) - dati mensili,INDUSLCRO,Piante industriali,2022-12,136,,
M,Mensile,IT,Italia,76,Indice dei prezzi alla produzione dei prodotti venduti dagli agricoltori (base 2020=100) - dati mensili,INDUSLCRO,Piante industriali,2023-01,138,,
M,Mensile,IT,Italia,76,Indice dei prezzi alla produzione dei prodotti venduti dagli agricoltori (base 2020=100) - dati mensili,INDUSLCRO,Piante industriali,2023-02,138,,
M,Mensile,IT,Italia,76,Indice dei prezzi alla produzione dei prodotti venduti dagli agricoltori (base 2020=100) - dati mensili,INDUSLCRO,Piante industriali,2023-03,135,,
M,Mensile,IT,Italia,76,Indice dei prezzi alla produzione dei prodotti venduti dagli agricoltori (base 2020=100) - dati mensili,INDUSLCRO,Piante industriali,2023-04,132,,
M,Mensile,IT,Italia,76,Indice dei prezzi alla produzione dei prodotti venduti dagli agricoltori (base 2020=100) - dati mensili,INDUSLCRO,Piante industriali,2023-05,127,,
M,Mensile,IT,Italia,76,Indice dei prezzi alla produzione dei prodotti venduti dagli agricoltori (base 2020=100) - dati mensili,INDUSLCRO,Piante industriali,2023-06,127,,
M,Mensile,IT,Italia,76,Indice dei prezzi alla produzione dei prodotti venduti dagli agricoltori (base 2020=100) - dati mensili,INDUSLCRO,Piante industriali,2023-07,134,,
M,Mensile,IT,Italia,76,Indice dei prezzi alla produzione dei prodotti venduti dagli agricoltori (base 2020=100) - dati mensili,INDUSLCRO,Piante industriali,2023-08,134,,
M,Mensile,IT,Italia,76,Indice dei prezzi alla produzione dei prodotti venduti dagli agricoltori (base 2020=100) - dati mensili,INDUSLCRO,Piante industriali,2023-09,130,,
M,Mensile,IT,Italia,76,Indice dei prezzi alla produzione dei prodotti venduti dagli agricoltori (base 2020=100) - dati mensili,INDUSLCRO,Piante industriali,2023-10,119,,
M,Mensile,IT,Italia,76,Indice dei prezzi alla produzione dei prodotti venduti dagli agricoltori (base 2020=100) - dati mensili,INDUSLCRO,Piante industriali,2023-11,122,,
M,Mensile,IT,Italia,76,Indice dei prezzi alla produzione dei prodotti venduti dagli agricoltori (base 2020=100) - dati mensili,INDUSLCRO,Piante industriali,2023-12,126,,
M,Mensile,IT,Italia,76,Indice dei prezzi alla produzione dei prodotti venduti dagli agricoltori (base 2020=100) - dati mensili,INDUSLCRO,Piante industriali,2024-01,125,,
M,Mensile,IT,Italia,76,Indice dei prezzi alla produzione dei prodotti venduti dagli agricoltori (base 2020=100) - dati mensili,INDUSLCRO,Piante industriali,2024-02,124,,
M,Mensile,IT,Italia,76,Indice dei prezzi alla produzione dei prodotti venduti dagli agricoltori (base 2020=100) - dati mensili,INDUSLCRO,Piante industriali,2024-03,123,,
M,Mensile,IT,Italia,76,Indice dei prezzi alla produzione dei prodotti venduti dagli agricoltori (base 2020=100) - dati mensili,INDUSLCRO,Piante industriali,2024-04,126,,
M,Mensile,IT,Italia,76,Indice dei prezzi alla produzione dei prodotti venduti dagli agricoltori (base 2020=100) - dati mensili,INDUSLCRO,Piante industriali,2024-05,126,,
M,Mensile,IT,Italia,76,Indice dei prezzi alla produzione dei prodotti venduti dagli agricoltori (base 2020=100) - dati mensili,INDUSLCRO,Piante industriali,2024-06,128,,
M,Mensile,IT,Italia,76,Indice dei prezzi alla produzione dei prodotti venduti dagli agricoltori (base 2020=100) - dati mensili,INDUSLCRO,Piante industriali,2024-07,127,,
M,Mensile,IT,Italia,76,Indice dei prezzi alla produzione dei prodotti venduti dagli agricoltori (base 2020=100) - dati mensili,INDUSLCRO,Piante industriali,2024-08,127,,
M,Mensile,IT,Italia,76,Indice dei prezzi alla produzione dei prodotti venduti dagli agricoltori (base 2020=100) - dati mensili,INDUSLCRO,Piante industriali,2024-09,130,,
M,Mensile,IT,Italia,76,Indice dei prezzi alla produzione dei prodotti venduti dagli agricoltori (base 2020=100) - dati mensili,INDUSLCRO,Piante industriali,2024-10,128,,
M,Mensile,IT,Italia,76,Indice dei prezzi alla produzione dei prodotti venduti dagli agricoltori (base 2020=100) - dati mensili,INDUSLCRO,Piante industriali,2024-11,127,,
M,Mensile,IT,Italia,76,Indice dei prezzi alla produzione dei prodotti venduti dagli agricoltori (base 2020=100) - dati mensili,INDUSLCRO,Piante industriali,2024-12,125,,
M,Mensile,IT,Italia,76,Indice dei prezzi alla produzione dei prodotti venduti dagli agricoltori (base 2020=100) - dati mensili,INDUSLCRO,Piante industriali,2025-01,125,,
M,Mensile,IT,Italia,76,Indice dei prezzi alla produzione dei prodotti venduti dagli agricoltori (base 2020=100) - dati mensili,INDUSLCRO,Piante industriali,2025-02,127,,
M,Mensile,IT,Italia,76,Indice dei prezzi alla produzione dei prodotti venduti dagli agricoltori (base 2020=100) - dati mensili,INDUSLCRO,Piante industriali,2025-03,126,,
M,Mensile,IT,Italia,76,Indice dei prezzi alla produzione dei prodotti venduti dagli agricoltori (base 2020=100) - dati mensili,INDUSLCRO,Piante industriali,2025-04,125,,
M,Mensile,IT,Italia,76,Indice dei prezzi alla produzione dei prodotti venduti dagli agricoltori (base 2020=100) - dati mensili,INDUSLCRO,Piante industriali,2025-05,126,,
M,Mensile,IT,Italia,76,Indice dei prezzi alla produzione dei prodotti venduti dagli agricoltori (base 2020=100) - dati mensili,INDUSLCRO,Piante industriali,2025-06,125,,
M,Mensile,IT,Italia,76,Indice dei prezzi alla produzione dei prodotti venduti dagli agricoltori (base 2020=100) - dati mensili,INDUSLCRO,Piante industriali,2025-07,125,,
M,Mensile,IT,Italia,76,Indice dei prezzi alla produzione dei prodotti venduti dagli agricoltori (base 2020=100) - dati mensili,INDUSLCRO,Piante industriali,2025-08,125,,
M,Mensile,IT,Italia,76,Indice dei prezzi alla produzione dei prodotti venduti dagli agricoltori (base 2020=100) - dati mensili,INDUSLCRO,Piante industriali,2025-09,126,,
M,Mensile,IT,Italia,76,Indice dei prezzi alla produzione dei prodotti venduti dagli agricoltori (base 2020=100) - dati mensili,INDUSLCRO,Piante industriali,2025-10,128,,
M,Mensile,IT,Italia,76,Indice dei prezzi alla produzione dei prodotti venduti dagli agricoltori (base 2020=100) - dati mensili,INDUSLCRO,Piante industriali,2025-11,130,,
M,Mensile,IT,Italia,76,Indice dei prezzi alla produzione dei prodotti venduti dagli agricoltori (base 2020=100) - dati mensili,INDUSLCRO,Piante industriali,2025-12,129,,
M,Mensile,IT,Italia,76,Indice dei prezzi alla produzione dei prodotti venduti dagli agricoltori (base 2020=100) - dati mensili,INDUSLCRO,Piante industriali,2026-01,128,p,Dato provvisorio
M,Mensile,IT,Italia,76,Indice dei prezzi alla produzione dei prodotti venduti dagli agricoltori (base 2020=100) - dati mensili,INDUSLCRO,Piante industriali,2026-02,130,p,Dato provvisorio
M,Mensile,IT,Italia,76,Indice dei prezzi alla produzione dei prodotti venduti dagli agricoltori (base 2020=100) - dati mensili,INDUSLCRO,Piante industriali,2026-03,131,p,Dato provvisorio
M,Mensile,IT,Italia,76,Indice dei prezzi alla produzione dei prodotti venduti dagli agricoltori (base 2020=100) - dati mensili,FORAGANTS,Foraggere,2020-01,100,,
M,Mensile,IT,Italia,76,Indice dei prezzi alla produzione dei prodotti venduti dagli agricoltori (base 2020=100) - dati mensili,FORAGANTS,Foraggere,2020-02,101,,
M,Mensile,IT,Italia,76,Indice dei prezzi alla produzione dei prodotti venduti dagli agricoltori (base 2020=100) - dati mensili,FORAGANTS,Foraggere,2020-03,101,,
M,Mensile,IT,Italia,76,Indice dei prezzi alla produzione dei prodotti venduti dagli agricoltori (base 2020=100) - dati mensili,FORAGANTS,Foraggere,2020-04,101,,
M,Mensile,IT,Italia,76,Indice dei prezzi alla produzione dei prodotti venduti dagli agricoltori (base 2020=100) - dati mensili,FORAGANTS,Foraggere,2020-05,99,,
M,Mensile,IT,Italia,76,Indice dei prezzi alla produzione dei prodotti venduti dagli agricoltori (base 2020=100) - dati mensili,FORAGANTS,Foraggere,2020-06,101,,
M,Mensile,IT,Italia,76,Indice dei prezzi alla produzione dei prodotti venduti dagli agricoltori (base 2020=100) - dati mensili,FORAGANTS,Foraggere,2020-07,98,,
M,Mensile,IT,Italia,76,Indice dei prezzi alla produzione dei prodotti venduti dagli agricoltori (base 2020=100) - dati mensili,FORAGANTS,Foraggere,2020-08,99,,
M,Mensile,IT,Italia,76,Indice dei prezzi alla produzione dei prodotti venduti dagli agricoltori (base 2020=100) - dati mensili,FORAGANTS,Foraggere,2020-09,98,,
M,Mensile,IT,Italia,76,Indice dei prezzi alla produzione dei prodotti venduti dagli agricoltori (base 2020=100) - dati mensili,FORAGANTS,Foraggere,2020-10,99,,
M,Mensile,IT,Italia,76,Indice dei prezzi alla produzione dei prodotti venduti dagli agricoltori (base 2020=100) - dati mensili,FORAGANTS,Foraggere,2020-11,102,,
M,Mensile,IT,Italia,76,Indice dei prezzi alla produzione dei prodotti venduti dagli agricoltori (base 2020=100) - dati mensili,FORAGANTS,Foraggere,2020-12,102,,
M,Mensile,IT,Italia,76,Indice dei prezzi alla produzione dei prodotti venduti dagli agricoltori (base 2020=100) - dati mensili,FORAGANTS,Foraggere,2021-01,108,,
M,Mensile,IT,Italia,76,Indice dei prezzi alla produzione dei prodotti venduti dagli agricoltori (base 2020=100) - dati mensili,FORAGANTS,Foraggere,2021-02,111,,
M,Mensile,IT,Italia,76,Indice dei prezzi alla produzione dei prodotti venduti dagli agricoltori (base 2020=100) - dati mensili,FORAGANTS,Foraggere,2021-03,112,,
M,Mensile,IT,Italia,76,Indice dei prezzi alla produzione dei prodotti venduti dagli agricoltori (base 2020=100) - dati mensili,FORAGANTS,Foraggere,2021-04,114,,
M,Mensile,IT,Italia,76,Indice dei prezzi alla produzione dei prodotti venduti dagli agricoltori (base 2020=100) - dati mensili,FORAGANTS,Foraggere,2021-05,119,,
M,Mensile,IT,Italia,76,Indice dei prezzi alla produzione dei prodotti venduti dagli agricoltori (base 2020=100) - dati mensili,FORAGANTS,Foraggere,2021-06,116,,
M,Mensile,IT,Italia,76,Indice dei prezzi alla produzione dei prodotti venduti dagli agricoltori (base 2020=100) - dati mensili,FORAGANTS,Foraggere,2021-07,114,,
M,Mensile,IT,Italia,76,Indice dei prezzi alla produzione dei prodotti venduti dagli agricoltori (base 2020=100) - dati mensili,FORAGANTS,Foraggere,2021-08,118,,
M,Mensile,IT,Italia,76,Indice dei prezzi alla produzione dei prodotti venduti dagli agricoltori (base 2020=100) - dati mensili,FORAGANTS,Foraggere,2021-09,122,,
M,Mensile,IT,Italia,76,Indice dei prezzi alla produzione dei prodotti venduti dagli agricoltori (base 2020=100) - dati mensili,FORAGANTS,Foraggere,2021-10,130,,
M,Mensile,IT,Italia,76,Indice dei prezzi alla produzione dei prodotti venduti dagli agricoltori (base 2020=100) - dati mensili,FORAGANTS,Foraggere,2021-11,135,,
M,Mensile,IT,Italia,76,Indice dei prezzi alla produzione dei prodotti venduti dagli agricoltori (base 2020=100) - dati mensili,FORAGANTS,Foraggere,2021-12,137,,
M,Mensile,IT,Italia,76,Indice dei prezzi alla produzione dei prodotti venduti dagli agricoltori (base 2020=100) - dati mensili,FORAGANTS,Foraggere,2022-01,142,,
M,Mensile,IT,Italia,76,Indice dei prezzi alla produzione dei prodotti venduti dagli agricoltori (base 2020=100) - dati mensili,FORAGANTS,Foraggere,2022-02,145,,
M,Mensile,IT,Italia,76,Indice dei prezzi alla produzione dei prodotti venduti dagli agricoltori (base 2020=100) - dati mensili,FORAGANTS,Foraggere,2022-03,164,,
M,Mensile,IT,Italia,76,Indice dei prezzi alla produzione dei prodotti venduti dagli agricoltori (base 2020=100) - dati mensili,FORAGANTS,Foraggere,2022-04,170,,
M,Mensile,IT,Italia,76,Indice dei prezzi alla produzione dei prodotti venduti dagli agricoltori (base 2020=100) - dati mensili,FORAGANTS,Foraggere,2022-05,174,,
M,Mensile,IT,Italia,76,Indice dei prezzi alla produzione dei prodotti venduti dagli agricoltori (base 2020=100) - dati mensili,FORAGANTS,Foraggere,2022-06,174,,
M,Mensile,IT,Italia,76,Indice dei prezzi alla produzione dei prodotti venduti dagli agricoltori (base 2020=100) - dati mensili,FORAGANTS,Foraggere,2022-07,179,,
M,Mensile,IT,Italia,76,Indice dei prezzi alla produzione dei prodotti venduti dagli agricoltori (base 2020=100) - dati mensili,FORAGANTS,Foraggere,2022-08,195,,
M,Mensile,IT,Italia,76,Indice dei prezzi alla produzione dei prodotti venduti dagli agricoltori (base 2020=100) - dati mensili,FORAGANTS,Foraggere,2022-09,195,,
M,Mensile,IT,Italia,76,Indice dei prezzi alla produzione dei prodotti venduti dagli agricoltori (base 2020=100) - dati mensili,FORAGANTS,Foraggere,2022-10,194,,
M,Mensile,IT,Italia,76,Indice dei prezzi alla produzione dei prodotti venduti dagli agricoltori (base 2020=100) - dati mensili,FORAGANTS,Foraggere,2022-11,196,,
M,Mensile,IT,Italia,76,Indice dei prezzi alla produzione dei prodotti venduti dagli agricoltori (base 2020=100) - dati mensili,FORAGANTS,Foraggere,2022-12,194,,
M,Mensile,IT,Italia,76,Indice dei prezzi alla produzione dei prodotti venduti dagli agricoltori (base 2020=100) - dati mensili,FORAGANTS,Foraggere,2023-01,195,,
M,Mensile,IT,Italia,76,Indice dei prezzi alla produzione dei prodotti venduti dagli agricoltori (base 2020=100) - dati mensili,FORAGANTS,Foraggere,2023-02,192,,
M,Mensile,IT,Italia,76,Indice dei prezzi alla produzione dei prodotti venduti dagli agricoltori (base 2020=100) - dati mensili,FORAGANTS,Foraggere,2023-03,190,,
M,Mensile,IT,Italia,76,Indice dei prezzi alla produzione dei prodotti venduti dagli agricoltori (base 2020=100) - dati mensili,FORAGANTS,Foraggere,2023-04,187,,
M,Mensile,IT,Italia,76,Indice dei prezzi alla produzione dei prodotti venduti dagli agricoltori (base 2020=100) - dati mensili,FORAGANTS,Foraggere,2023-05,182,,
M,Mensile,IT,Italia,76,Indice dei prezzi alla produzione dei prodotti venduti dagli agricoltori (base 2020=100) - dati mensili,FORAGANTS,Foraggere,2023-06,159,,
M,Mensile,IT,Italia,76,Indice dei prezzi alla produzione dei prodotti venduti dagli agricoltori (base 2020=100) - dati mensili,FORAGANTS,Foraggere,2023-07,151,,
M,Mensile,IT,Italia,76,Indice dei prezzi alla produzione dei prodotti venduti dagli agricoltori (base 2020=100) - dati mensili,FORAGANTS,Foraggere,2023-08,152,,
M,Mensile,IT,Italia,76,Indice dei prezzi alla produzione dei prodotti venduti dagli agricoltori (base 2020=100) - dati mensili,FORAGANTS,Foraggere,2023-09,145,,
M,Mensile,IT,Italia,76,Indice dei prezzi alla produzione dei prodotti venduti dagli agricoltori (base 2020=100) - dati mensili,FORAGANTS,Foraggere,2023-10,144,,
M,Mensile,IT,Italia,76,Indice dei prezzi alla produzione dei prodotti venduti dagli agricoltori (base 2020=100) - dati mensili,FORAGANTS,Foraggere,2023-11,143,,
M,Mensile,IT,Italia,76,Indice dei prezzi alla produzione dei prodotti venduti dagli agricoltori (base 2020=100) - dati mensili,FORAGANTS,Foraggere,2023-12,143,,
M,Mensile,IT,Italia,76,Indice dei prezzi alla produzione dei prodotti venduti dagli agricoltori (base 2020=100) - dati mensili,FORAGANTS,Foraggere,2024-01,141,,
M,Mensile,IT,Italia,76,Indice dei prezzi alla produzione dei prodotti venduti dagli agricoltori (base 2020=100) - dati mensili,FORAGANTS,Foraggere,2024-02,138,,
M,Mensile,IT,Italia,76,Indice dei prezzi alla produzione dei prodotti venduti dagli agricoltori (base 2020=100) - dati mensili,FORAGANTS,Foraggere,2024-03,133,,
M,Mensile,IT,Italia,76,Indice dei prezzi alla produzione dei prodotti venduti dagli agricoltori (base 2020=100) - dati mensili,FORAGANTS,Foraggere,2024-04,131,,
M,Mensile,IT,Italia,76,Indice dei prezzi alla produzione dei prodotti venduti dagli agricoltori (base 2020=100) - dati mensili,FORAGANTS,Foraggere,2024-05,123,,
M,Mensile,IT,Italia,76,Indice dei prezzi alla produzione dei prodotti venduti dagli agricoltori (base 2020=100) - dati mensili,FORAGANTS,Foraggere,2024-06,122,,
M,Mensile,IT,Italia,76,Indice dei prezzi alla produzione dei prodotti venduti dagli agricoltori (base 2020=100) - dati mensili,FORAGANTS,Foraggere,2024-07,119,,
M,Mensile,IT,Italia,76,Indice dei prezzi alla produzione dei prodotti venduti dagli agricoltori (base 2020=100) - dati mensili,FORAGANTS,Foraggere,2024-08,122,,
M,Mensile,IT,Italia,76,Indice dei prezzi alla produzione dei prodotti venduti dagli agricoltori (base 2020=100) - dati mensili,FORAGANTS,Foraggere,2024-09,125,,
M,Mensile,IT,Italia,76,Indice dei prezzi alla produzione dei prodotti venduti dagli agricoltori (base 2020=100) - dati mensili,FORAGANTS,Foraggere,2024-10,128,,
M,Mensile,IT,Italia,76,Indice dei prezzi alla produzione dei prodotti venduti dagli agricoltori (base 2020=100) - dati mensili,FORAGANTS,Foraggere,2024-11,133,,
M,Mensile,IT,Italia,76,Indice dei prezzi alla produzione dei prodotti venduti dagli agricoltori (base 2020=100) - dati mensili,FORAGANTS,Foraggere,2024-12,138,,
M,Mensile,IT,Italia,76,Indice dei prezzi alla produzione dei prodotti venduti dagli agricoltori (base 2020=100) - dati mensili,FORAGANTS,Foraggere,2025-01,143,,
M,Mensile,IT,Italia,76,Indice dei prezzi alla produzione dei prodotti venduti dagli agricoltori (base 2020=100) - dati mensili,FORAGANTS,Foraggere,2025-02,147,,
M,Mensile,IT,Italia,76,Indice dei prezzi alla produzione dei prodotti venduti dagli agricoltori (base 2020=100) - dati mensili,FORAGANTS,Foraggere,2025-03,146,,
M,Mensile,IT,Italia,76,Indice dei prezzi alla produzione dei prodotti venduti dagli agricoltori (base 2020=100) - dati mensili,FORAGANTS,Foraggere,2025-04,145,,
M,Mensile,IT,Italia,76,Indice dei prezzi alla produzione dei prodotti venduti dagli agricoltori (base 2020=100) - dati mensili,FORAGANTS,Foraggere,2025-05,137,,
M,Mensile,IT,Italia,76,Indice dei prezzi alla produzione dei prodotti venduti dagli agricoltori (base 2020=100) - dati mensili,FORAGANTS,Foraggere,2025-06,131,,
M,Mensile,IT,Italia,76,Indice dei prezzi alla produzione dei prodotti venduti dagli agricoltori (base 2020=100) - dati mensili,FORAGANTS,Foraggere,2025-07,135,,
M,Mensile,IT,Italia,76,Indice dei prezzi alla produzione dei prodotti venduti dagli agricoltori (base 2020=100) - dati mensili,FORAGANTS,Foraggere,2025-08,139,,
M,Mensile,IT,Italia,76,Indice dei prezzi alla produzione dei prodotti venduti dagli agricoltori (base 2020=100) - dati mensili,FORAGANTS,Foraggere,2025-09,148,,
M,Mensile,IT,Italia,76,Indice dei prezzi alla produzione dei prodotti venduti dagli agricoltori (base 2020=100) - dati mensili,FORAGANTS,Foraggere,2025-10,147,,
M,Mensile,IT,Italia,76,Indice dei prezzi alla produzione dei prodotti venduti dagli agricoltori (base 2020=100) - dati mensili,FORAGANTS,Foraggere,2025-11,147,,
M,Mensile,IT,Italia,76,Indice dei prezzi alla produzione dei prodotti venduti dagli agricoltori (base 2020=100) - dati mensili,FORAGANTS,Foraggere,2025-12,148,,
M,Mensile,IT,Italia,76,Indice dei prezzi alla produzione dei prodotti venduti dagli agricoltori (base 2020=100) - dati mensili,FORAGANTS,Foraggere,2026-01,150,p,Dato provvisorio
M,Mensile,IT,Italia,76,Indice dei prezzi alla produzione dei prodotti venduti dagli agricoltori (base 2020=100) - dati mensili,FORAGANTS,Foraggere,2026-02,150,p,Dato provvisorio
M,Mensile,IT,Italia,76,Indice dei prezzi alla produzione dei prodotti venduti dagli agricoltori (base 2020=100) - dati mensili,FORAGANTS,Foraggere,2026-03,151,p,Dato provvisorio
M,Mensile,IT,Italia,76,Indice dei prezzi alla produzione dei prodotti venduti dagli agricoltori (base 2020=100) - dati mensili,VEGETSAND,Ortaggi e prodotti orticoli,2020-01,103,,
M,Mensile,IT,Italia,76,Indice dei prezzi alla produzione dei prodotti venduti dagli agricoltori (base 2020=100) - dati mensili,VEGETSAND,Ortaggi e prodotti orticoli,2020-02,98,,
M,Mensile,IT,Italia,76,Indice dei prezzi alla produzione dei prodotti venduti dagli agricoltori (base 2020=100) - dati mensili,VEGETSAND,Ortaggi e prodotti orticoli,2020-03,99,,
M,Mensile,IT,Italia,76,Indice dei prezzi alla produzione dei prodotti venduti dagli agricoltori (base 2020=100) - dati mensili,VEGETSAND,Ortaggi e prodotti orticoli,2020-04,99,,
M,Mensile,IT,Italia,76,Indice dei prezzi alla produzione dei prodotti venduti dagli agricoltori (base 2020=100) - dati mensili,VEGETSAND,Ortaggi e prodotti orticoli,2020-05,94,,
M,Mensile,IT,Italia,76,Indice dei prezzi alla produzione dei prodotti venduti dagli agricoltori (base 2020=100) - dati mensili,VEGETSAND,Ortaggi e prodotti orticoli,2020-06,99,,
M,Mensile,IT,Italia,76,Indice dei prezzi alla produzione dei prodotti venduti dagli agricoltori (base 2020=100) - dati mensili,VEGETSAND,Ortaggi e prodotti orticoli,2020-07,98,,
M,Mensile,IT,Italia,76,Indice dei prezzi alla produzione dei prodotti venduti dagli agricoltori (base 2020=100) - dati mensili,VEGETSAND,Ortaggi e prodotti orticoli,2020-08,98,,
M,Mensile,IT,Italia,76,Indice dei prezzi alla produzione dei prodotti venduti dagli agricoltori (base 2020=100) - dati mensili,VEGETSAND,Ortaggi e prodotti orticoli,2020-09,102,,
M,Mensile,IT,Italia,76,Indice dei prezzi alla produzione dei prodotti venduti dagli agricoltori (base 2020=100) - dati mensili,VEGETSAND,Ortaggi e prodotti orticoli,2020-10,106,,
M,Mensile,IT,Italia,76,Indice dei prezzi alla produzione dei prodotti venduti dagli agricoltori (base 2020=100) - dati mensili,VEGETSAND,Ortaggi e prodotti orticoli,2020-11,103,,
M,Mensile,IT,Italia,76,Indice dei prezzi alla produzione dei prodotti venduti dagli agricoltori (base 2020=100) - dati mensili,VEGETSAND,Ortaggi e prodotti orticoli,2020-12,102,,
M,Mensile,IT,Italia,76,Indice dei prezzi alla produzione dei prodotti venduti dagli agricoltori (base 2020=100) - dati mensili,VEGETSAND,Ortaggi e prodotti orticoli,2021-01,106,,
M,Mensile,IT,Italia,76,Indice dei prezzi alla produzione dei prodotti venduti dagli agricoltori (base 2020=100) - dati mensili,VEGETSAND,Ortaggi e prodotti orticoli,2021-02,111,,
M,Mensile,IT,Italia,76,Indice dei prezzi alla produzione dei prodotti venduti dagli agricoltori (base 2020=100) - dati mensili,VEGETSAND,Ortaggi e prodotti orticoli,2021-03,105,,
M,Mensile,IT,Italia,76,Indice dei prezzi alla produzione dei prodotti venduti dagli agricoltori (base 2020=100) - dati mensili,VEGETSAND,Ortaggi e prodotti orticoli,2021-04,99,,
M,Mensile,IT,Italia,76,Indice dei prezzi alla produzione dei prodotti venduti dagli agricoltori (base 2020=100) - dati mensili,VEGETSAND,Ortaggi e prodotti orticoli,2021-05,94,,
M,Mensile,IT,Italia,76,Indice dei prezzi alla produzione dei prodotti venduti dagli agricoltori (base 2020=100) - dati mensili,VEGETSAND,Ortaggi e prodotti orticoli,2021-06,100,,
M,Mensile,IT,Italia,76,Indice dei prezzi alla produzione dei prodotti venduti dagli agricoltori (base 2020=100) - dati mensili,VEGETSAND,Ortaggi e prodotti orticoli,2021-07,102,,
M,Mensile,IT,Italia,76,Indice dei prezzi alla produzione dei prodotti venduti dagli agricoltori (base 2020=100) - dati mensili,VEGETSAND,Ortaggi e prodotti orticoli,2021-08,99,,
M,Mensile,IT,Italia,76,Indice dei prezzi alla produzione dei prodotti venduti dagli agricoltori (base 2020=100) - dati mensili,VEGETSAND,Ortaggi e prodotti orticoli,2021-09,109,,
M,Mensile,IT,Italia,76,Indice dei prezzi alla produzione dei prodotti venduti dagli agricoltori (base 2020=100) - dati mensili,VEGETSAND,Ortaggi e prodotti orticoli,2021-10,105,,
M,Mensile,IT,Italia,76,Indice dei prezzi alla produzione dei prodotti venduti dagli agricoltori (base 2020=100) - dati mensili,VEGETSAND,Ortaggi e prodotti orticoli,2021-11,108,,
M,Mensile,IT,Italia,76,Indice dei prezzi alla produzione dei prodotti venduti dagli agricoltori (base 2020=100) - dati mensili,VEGETSAND,Ortaggi e prodotti orticoli,2021-12,120,,
M,Mensile,IT,Italia,76,Indice dei prezzi alla produzione dei prodotti venduti dagli agricoltori (base 2020=100) - dati mensili,VEGETSAND,Ortaggi e prodotti orticoli,2022-01,142,,
M,Mensile,IT,Italia,76,Indice dei prezzi alla produzione dei prodotti venduti dagli agricoltori (base 2020=100) - dati mensili,VEGETSAND,Ortaggi e prodotti orticoli,2022-02,147,,
M,Mensile,IT,Italia,76,Indice dei prezzi alla produzione dei prodotti venduti dagli agricoltori (base 2020=100) - dati mensili,VEGETSAND,Ortaggi e prodotti orticoli,2022-03,129,,
M,Mensile,IT,Italia,76,Indice dei prezzi alla produzione dei prodotti venduti dagli agricoltori (base 2020=100) - dati mensili,VEGETSAND,Ortaggi e prodotti orticoli,2022-04,116,,
M,Mensile,IT,Italia,76,Indice dei prezzi alla produzione dei prodotti venduti dagli agricoltori (base 2020=100) - dati mensili,VEGETSAND,Ortaggi e prodotti orticoli,2022-05,108,,
M,Mensile,IT,Italia,76,Indice dei prezzi alla produzione dei prodotti venduti dagli agricoltori (base 2020=100) - dati mensili,VEGETSAND,Ortaggi e prodotti orticoli,2022-06,105,,
M,Mensile,IT,Italia,76,Indice dei prezzi alla produzione dei prodotti venduti dagli agricoltori (base 2020=100) - dati mensili,VEGETSAND,Ortaggi e prodotti orticoli,2022-07,123,,
M,Mensile,IT,Italia,76,Indice dei prezzi alla produzione dei prodotti venduti dagli agricoltori (base 2020=100) - dati mensili,VEGETSAND,Ortaggi e prodotti orticoli,2022-08,124,,
M,Mensile,IT,Italia,76,Indice dei prezzi alla produzione dei prodotti venduti dagli agricoltori (base 2020=100) - dati mensili,VEGETSAND,Ortaggi e prodotti orticoli,2022-09,126,,
M,Mensile,IT,Italia,76,Indice dei prezzi alla produzione dei prodotti venduti dagli agricoltori (base 2020=100) - dati mensili,VEGETSAND,Ortaggi e prodotti orticoli,2022-10,124,,
M,Mensile,IT,Italia,76,Indice dei prezzi alla produzione dei prodotti venduti dagli agricoltori (base 2020=100) - dati mensili,VEGETSAND,Ortaggi e prodotti orticoli,2022-11,116,,
M,Mensile,IT,Italia,76,Indice dei prezzi alla produzione dei prodotti venduti dagli agricoltori (base 2020=100) - dati mensili,VEGETSAND,Ortaggi e prodotti orticoli,2022-12,119,,
M,Mensile,IT,Italia,76,Indice dei prezzi alla produzione dei prodotti venduti dagli agricoltori (base 2020=100) - dati mensili,VEGETSAND,Ortaggi e prodotti orticoli,2023-01,118,,
M,Mensile,IT,Italia,76,Indice dei prezzi alla produzione dei prodotti venduti dagli agricoltori (base 2020=100) - dati mensili,VEGETSAND,Ortaggi e prodotti orticoli,2023-02,132,,
M,Mensile,IT,Italia,76,Indice dei prezzi alla produzione dei prodotti venduti dagli agricoltori (base 2020=100) - dati mensili,VEGETSAND,Ortaggi e prodotti orticoli,2023-03,124,,
M,Mensile,IT,Italia,76,Indice dei prezzi alla produzione dei prodotti venduti dagli agricoltori (base 2020=100) - dati mensili,VEGETSAND,Ortaggi e prodotti orticoli,2023-04,112,,
M,Mensile,IT,Italia,76,Indice dei prezzi alla produzione dei prodotti venduti dagli agricoltori (base 2020=100) - dati mensili,VEGETSAND,Ortaggi e prodotti orticoli,2023-05,116,,
M,Mensile,IT,Italia,76,Indice dei prezzi alla produzione dei prodotti venduti dagli agricoltori (base 2020=100) - dati mensili,VEGETSAND,Ortaggi e prodotti orticoli,2023-06,149,,
M,Mensile,IT,Italia,76,Indice dei prezzi alla produzione dei prodotti venduti dagli agricoltori (base 2020=100) - dati mensili,VEGETSAND,Ortaggi e prodotti orticoli,2023-07,144,,
M,Mensile,IT,Italia,76,Indice dei prezzi alla produzione dei prodotti venduti dagli agricoltori (base 2020=100) - dati mensili,VEGETSAND,Ortaggi e prodotti orticoli,2023-08,140,,
M,Mensile,IT,Italia,76,Indice dei prezzi alla produzione dei prodotti venduti dagli agricoltori (base 2020=100) - dati mensili,VEGETSAND,Ortaggi e prodotti orticoli,2023-09,133,,
M,Mensile,IT,Italia,76,Indice dei prezzi alla produzione dei prodotti venduti dagli agricoltori (base 2020=100) - dati mensili,VEGETSAND,Ortaggi e prodotti orticoli,2023-10,126,,
M,Mensile,IT,Italia,76,Indice dei prezzi alla produzione dei prodotti venduti dagli agricoltori (base 2020=100) - dati mensili,VEGETSAND,Ortaggi e prodotti orticoli,2023-11,134,,
M,Mensile,IT,Italia,76,Indice dei prezzi alla produzione dei prodotti venduti dagli agricoltori (base 2020=100) - dati mensili,VEGETSAND,Ortaggi e prodotti orticoli,2023-12,140,,
M,Mensile,IT,Italia,76,Indice dei prezzi alla produzione dei prodotti venduti dagli agricoltori (base 2020=100) - dati mensili,VEGETSAND,Ortaggi e prodotti orticoli,2024-01,148,,
M,Mensile,IT,Italia,76,Indice dei prezzi alla produzione dei prodotti venduti dagli agricoltori (base 2020=100) - dati mensili,VEGETSAND,Ortaggi e prodotti orticoli,2024-02,136,,
M,Mensile,IT,Italia,76,Indice dei prezzi alla produzione dei prodotti venduti dagli agricoltori (base 2020=100) - dati mensili,VEGETSAND,Ortaggi e prodotti orticoli,2024-03,131,,
M,Mensile,IT,Italia,76,Indice dei prezzi alla produzione dei prodotti venduti dagli agricoltori (base 2020=100) - dati mensili,VEGETSAND,Ortaggi e prodotti orticoli,2024-04,124,,
M,Mensile,IT,Italia,76,Indice dei prezzi alla produzione dei prodotti venduti dagli agricoltori (base 2020=100) - dati mensili,VEGETSAND,Ortaggi e prodotti orticoli,2024-05,130,,
M,Mensile,IT,Italia,76,Indice dei prezzi alla produzione dei prodotti venduti dagli agricoltori (base 2020=100) - dati mensili,VEGETSAND,Ortaggi e prodotti orticoli,2024-06,139,,
M,Mensile,IT,Italia,76,Indice dei prezzi alla produzione dei prodotti venduti dagli agricoltori (base 2020=100) - dati mensili,VEGETSAND,Ortaggi e prodotti orticoli,2024-07,133,,
M,Mensile,IT,Italia,76,Indice dei prezzi alla produzione dei prodotti venduti dagli agricoltori (base 2020=100) - dati mensili,VEGETSAND,Ortaggi e prodotti orticoli,2024-08,123,,
M,Mensile,IT,Italia,76,Indice dei prezzi alla produzione dei prodotti venduti dagli agricoltori (base 2020=100) - dati mensili,VEGETSAND,Ortaggi e prodotti orticoli,2024-09,141,,
M,Mensile,IT,Italia,76,Indice dei prezzi alla produzione dei prodotti venduti dagli agricoltori (base 2020=100) - dati mensili,VEGETSAND,Ortaggi e prodotti orticoli,2024-10,169,,
M,Mensile,IT,Italia,76,Indice dei prezzi alla produzione dei prodotti venduti dagli agricoltori (base 2020=100) - dati mensili,VEGETSAND,Ortaggi e prodotti orticoli,2024-11,165,,
M,Mensile,IT,Italia,76,Indice dei prezzi alla produzione dei prodotti venduti dagli agricoltori (base 2020=100) - dati mensili,VEGETSAND,Ortaggi e prodotti orticoli,2024-12,136,,
M,Mensile,IT,Italia,76,Indice dei prezzi alla produzione dei prodotti venduti dagli agricoltori (base 2020=100) - dati mensili,VEGETSAND,Ortaggi e prodotti orticoli,2025-01,149,,
M,Mensile,IT,Italia,76,Indice dei prezzi alla produzione dei prodotti venduti dagli agricoltori (base 2020=100) - dati mensili,VEGETSAND,Ortaggi e prodotti orticoli,2025-02,142,,
M,Mensile,IT,Italia,76,Indice dei prezzi alla produzione dei prodotti venduti dagli agricoltori (base 2020=100) - dati mensili,VEGETSAND,Ortaggi e prodotti orticoli,2025-03,134,,
M,Mensile,IT,Italia,76,Indice dei prezzi alla produzione dei prodotti venduti dagli agricoltori (base 2020=100) - dati mensili,VEGETSAND,Ortaggi e prodotti orticoli,2025-04,114,,
M,Mensile,IT,Italia,76,Indice dei prezzi alla produzione dei prodotti venduti dagli agricoltori (base 2020=100) - dati mensili,VEGETSAND,Ortaggi e prodotti orticoli,2025-05,114,,
M,Mensile,IT,Italia,76,Indice dei prezzi alla produzione dei prodotti venduti dagli agricoltori (base 2020=100) - dati mensili,VEGETSAND,Ortaggi e prodotti orticoli,2025-06,132,,
M,Mensile,IT,Italia,76,Indice dei prezzi alla produzione dei prodotti venduti dagli agricoltori (base 2020=100) - dati mensili,VEGETSAND,Ortaggi e prodotti orticoli,2025-07,141,,
M,Mensile,IT,Italia,76,Indice dei prezzi alla produzione dei prodotti venduti dagli agricoltori (base 2020=100) - dati mensili,VEGETSAND,Ortaggi e prodotti orticoli,2025-08,126,,
M,Mensile,IT,Italia,76,Indice dei prezzi alla produzione dei prodotti venduti dagli agricoltori (base 2020=100) - dati mensili,VEGETSAND,Ortaggi e prodotti orticoli,2025-09,130,,
M,Mensile,IT,Italia,76,Indice dei prezzi alla produzione dei prodotti venduti dagli agricoltori (base 2020=100) - dati mensili,VEGETSAND,Ortaggi e prodotti orticoli,2025-10,143,,
M,Mensile,IT,Italia,76,Indice dei prezzi alla produzione dei prodotti venduti dagli agricoltori (base 2020=100) - dati mensili,VEGETSAND,Ortaggi e prodotti orticoli,2025-11,125,,
M,Mensile,IT,Italia,76,Indice dei prezzi alla produzione dei prodotti venduti dagli agricoltori (base 2020=100) - dati mensili,VEGETSAND,Ortaggi e prodotti orticoli,2025-12,124,,
M,Mensile,IT,Italia,76,Indice dei prezzi alla produzione dei prodotti venduti dagli agricoltori (base 2020=100) - dati mensili,VEGETSAND,Ortaggi e prodotti orticoli,2026-01,143,p,Dato provvisorio
M,Mensile,IT,Italia,76,Indice dei prezzi alla produzione dei prodotti venduti dagli agricoltori (base 2020=100) - dati mensili,VEGETSAND,Ortaggi e prodotti orticoli,2026-02,145,p,Dato provvisorio
M,Mensile,IT,Italia,76,Indice dei prezzi alla produzione dei prodotti venduti dagli agricoltori (base 2020=100) - dati mensili,VEGETSAND,Ortaggi e prodotti orticoli,2026-03,151,p,Dato provvisorio
M,Mensile,IT,Italia,76,Indice dei prezzi alla produzione dei prodotti venduti dagli agricoltori (base 2020=100) - dati mensili,FRESHETABL,Ortaggi freschi,2020-01,103,,
M,Mensile,IT,Italia,76,Indice dei prezzi alla produzione dei prodotti venduti dagli agricoltori (base 2020=100) - dati mensili,FRESHETABL,Ortaggi freschi,2020-02,96,,
M,Mensile,IT,Italia,76,Indice dei prezzi alla produzione dei prodotti venduti dagli agricoltori (base 2020=100) - dati mensili,FRESHETABL,Ortaggi freschi,2020-03,98,,
M,Mensile,IT,Italia,76,Indice dei prezzi alla produzione dei prodotti venduti dagli agricoltori (base 2020=100) - dati mensili,FRESHETABL,Ortaggi freschi,2020-04,99,,
M,Mensile,IT,Italia,76,Indice dei prezzi alla produzione dei prodotti venduti dagli agricoltori (base 2020=100) - dati mensili,FRESHETABL,Ortaggi freschi,2020-05,93,,
M,Mensile,IT,Italia,76,Indice dei prezzi alla produzione dei prodotti venduti dagli agricoltori (base 2020=100) - dati mensili,FRESHETABL,Ortaggi freschi,2020-06,100,,
M,Mensile,IT,Italia,76,Indice dei prezzi alla produzione dei prodotti venduti dagli agricoltori (base 2020=100) - dati mensili,FRESHETABL,Ortaggi freschi,2020-07,98,,
M,Mensile,IT,Italia,76,Indice dei prezzi alla produzione dei prodotti venduti dagli agricoltori (base 2020=100) - dati mensili,FRESHETABL,Ortaggi freschi,2020-08,98,,
M,Mensile,IT,Italia,76,Indice dei prezzi alla produzione dei prodotti venduti dagli agricoltori (base 2020=100) - dati mensili,FRESHETABL,Ortaggi freschi,2020-09,102,,
M,Mensile,IT,Italia,76,Indice dei prezzi alla produzione dei prodotti venduti dagli agricoltori (base 2020=100) - dati mensili,FRESHETABL,Ortaggi freschi,2020-10,108,,
M,Mensile,IT,Italia,76,Indice dei prezzi alla produzione dei prodotti venduti dagli agricoltori (base 2020=100) - dati mensili,FRESHETABL,Ortaggi freschi,2020-11,104,,
M,Mensile,IT,Italia,76,Indice dei prezzi alla produzione dei prodotti venduti dagli agricoltori (base 2020=100) - dati mensili,FRESHETABL,Ortaggi freschi,2020-12,102,,
M,Mensile,IT,Italia,76,Indice dei prezzi alla produzione dei prodotti venduti dagli agricoltori (base 2020=100) - dati mensili,FRESHETABL,Ortaggi freschi,2021-01,106,,
M,Mensile,IT,Italia,76,Indice dei prezzi alla produzione dei prodotti venduti dagli agricoltori (base 2020=100) - dati mensili,FRESHETABL,Ortaggi freschi,2021-02,111,,
M,Mensile,IT,Italia,76,Indice dei prezzi alla produzione dei prodotti venduti dagli agricoltori (base 2020=100) - dati mensili,FRESHETABL,Ortaggi freschi,2021-03,105,,
M,Mensile,IT,Italia,76,Indice dei prezzi alla produzione dei prodotti venduti dagli agricoltori (base 2020=100) - dati mensili,FRESHETABL,Ortaggi freschi,2021-04,98,,
M,Mensile,IT,Italia,76,Indice dei prezzi alla produzione dei prodotti venduti dagli agricoltori (base 2020=100) - dati mensili,FRESHETABL,Ortaggi freschi,2021-05,92,,
M,Mensile,IT,Italia,76,Indice dei prezzi alla produzione dei prodotti venduti dagli agricoltori (base 2020=100) - dati mensili,FRESHETABL,Ortaggi freschi,2021-06,97,,
M,Mensile,IT,Italia,76,Indice dei prezzi alla produzione dei prodotti venduti dagli agricoltori (base 2020=100) - dati mensili,FRESHETABL,Ortaggi freschi,2021-07,100,,
M,Mensile,IT,Italia,76,Indice dei prezzi alla produzione dei prodotti venduti dagli agricoltori (base 2020=100) - dati mensili,FRESHETABL,Ortaggi freschi,2021-08,98,,
M,Mensile,IT,Italia,76,Indice dei prezzi alla produzione dei prodotti venduti dagli agricoltori (base 2020=100) - dati mensili,FRESHETABL,Ortaggi freschi,2021-09,110,,
M,Mensile,IT,Italia,76,Indice dei prezzi alla produzione dei prodotti venduti dagli agricoltori (base 2020=100) - dati mensili,FRESHETABL,Ortaggi freschi,2021-10,103,,
M,Mensile,IT,Italia,76,Indice dei prezzi alla produzione dei prodotti venduti dagli agricoltori (base 2020=100) - dati mensili,FRESHETABL,Ortaggi freschi,2021-11,106,,
M,Mensile,IT,Italia,76,Indice dei prezzi alla produzione dei prodotti venduti dagli agricoltori (base 2020=100) - dati mensili,FRESHETABL,Ortaggi freschi,2021-12,122,,
M,Mensile,IT,Italia,76,Indice dei prezzi alla produzione dei prodotti venduti dagli agricoltori (base 2020=100) - dati mensili,FRESHETABL,Ortaggi freschi,2022-01,146,,
M,Mensile,IT,Italia,76,Indice dei prezzi alla produzione dei prodotti venduti dagli agricoltori (base 2020=100) - dati mensili,FRESHETABL,Ortaggi freschi,2022-02,150,,
M,Mensile,IT,Italia,76,Indice dei prezzi alla produzione dei prodotti venduti dagli agricoltori (base 2020=100) - dati mensili,FRESHETABL,Ortaggi freschi,2022-03,129,,
M,Mensile,IT,Italia,76,Indice dei prezzi alla produzione dei prodotti venduti dagli agricoltori (base 2020=100) - dati mensili,FRESHETABL,Ortaggi freschi,2022-04,115,,
M,Mensile,IT,Italia,76,Indice dei prezzi alla produzione dei prodotti venduti dagli agricoltori (base 2020=100) - dati mensili,FRESHETABL,Ortaggi freschi,2022-05,105,,
M,Mensile,IT,Italia,76,Indice dei prezzi alla produzione dei prodotti venduti dagli agricoltori (base 2020=100) - dati mensili,FRESHETABL,Ortaggi freschi,2022-06,102,,
M,Mensile,IT,Italia,76,Indice dei prezzi alla produzione dei prodotti venduti dagli agricoltori (base 2020=100) - dati mensili,FRESHETABL,Ortaggi freschi,2022-07,123,,
M,Mensile,IT,Italia,76,Indice dei prezzi alla produzione dei prodotti venduti dagli agricoltori (base 2020=100) - dati mensili,FRESHETABL,Ortaggi freschi,2022-08,125,,
M,Mensile,IT,Italia,76,Indice dei prezzi alla produzione dei prodotti venduti dagli agricoltori (base 2020=100) - dati mensili,FRESHETABL,Ortaggi freschi,2022-09,126,,
M,Mensile,IT,Italia,76,Indice dei prezzi alla produzione dei prodotti venduti dagli agricoltori (base 2020=100) - dati mensili,FRESHETABL,Ortaggi freschi,2022-10,123,,
M,Mensile,IT,Italia,76,Indice dei prezzi alla produzione dei prodotti venduti dagli agricoltori (base 2020=100) - dati mensili,FRESHETABL,Ortaggi freschi,2022-11,113,,
M,Mensile,IT,Italia,76,Indice dei prezzi alla produzione dei prodotti venduti dagli agricoltori (base 2020=100) - dati mensili,FRESHETABL,Ortaggi freschi,2022-12,119,,
M,Mensile,IT,Italia,76,Indice dei prezzi alla produzione dei prodotti venduti dagli agricoltori (base 2020=100) - dati mensili,FRESHETABL,Ortaggi freschi,2023-01,118,,
M,Mensile,IT,Italia,76,Indice dei prezzi alla produzione dei prodotti venduti dagli agricoltori (base 2020=100) - dati mensili,FRESHETABL,Ortaggi freschi,2023-02,131,,
M,Mensile,IT,Italia,76,Indice dei prezzi alla produzione dei prodotti venduti dagli agricoltori (base 2020=100) - dati mensili,FRESHETABL,Ortaggi freschi,2023-03,123,,
M,Mensile,IT,Italia,76,Indice dei prezzi alla produzione dei prodotti venduti dagli agricoltori (base 2020=100) - dati mensili,FRESHETABL,Ortaggi freschi,2023-04,110,,
M,Mensile,IT,Italia,76,Indice dei prezzi alla produzione dei prodotti venduti dagli agricoltori (base 2020=100) - dati mensili,FRESHETABL,Ortaggi freschi,2023-05,114,,
M,Mensile,IT,Italia,76,Indice dei prezzi alla produzione dei prodotti venduti dagli agricoltori (base 2020=100) - dati mensili,FRESHETABL,Ortaggi freschi,2023-06,152,,
M,Mensile,IT,Italia,76,Indice dei prezzi alla produzione dei prodotti venduti dagli agricoltori (base 2020=100) - dati mensili,FRESHETABL,Ortaggi freschi,2023-07,148,,
M,Mensile,IT,Italia,76,Indice dei prezzi alla produzione dei prodotti venduti dagli agricoltori (base 2020=100) - dati mensili,FRESHETABL,Ortaggi freschi,2023-08,146,,
M,Mensile,IT,Italia,76,Indice dei prezzi alla produzione dei prodotti venduti dagli agricoltori (base 2020=100) - dati mensili,FRESHETABL,Ortaggi freschi,2023-09,137,,
M,Mensile,IT,Italia,76,Indice dei prezzi alla produzione dei prodotti venduti dagli agricoltori (base 2020=100) - dati mensili,FRESHETABL,Ortaggi freschi,2023-10,128,,
M,Mensile,IT,Italia,76,Indice dei prezzi alla produzione dei prodotti venduti dagli agricoltori (base 2020=100) - dati mensili,FRESHETABL,Ortaggi freschi,2023-11,136,,
M,Mensile,IT,Italia,76,Indice dei prezzi alla produzione dei prodotti venduti dagli agricoltori (base 2020=100) - dati mensili,FRESHETABL,Ortaggi freschi,2023-12,143,,
M,Mensile,IT,Italia,76,Indice dei prezzi alla produzione dei prodotti venduti dagli agricoltori (base 2020=100) - dati mensili,FRESHETABL,Ortaggi freschi,2024-01,153,,
M,Mensile,IT,Italia,76,Indice dei prezzi alla produzione dei prodotti venduti dagli agricoltori (base 2020=100) - dati mensili,FRESHETABL,Ortaggi freschi,2024-02,136,,
M,Mensile,IT,Italia,76,Indice dei prezzi alla produzione dei prodotti venduti dagli agricoltori (base 2020=100) - dati mensili,FRESHETABL,Ortaggi freschi,2024-03,135,,
M,Mensile,IT,Italia,76,Indice dei prezzi alla produzione dei prodotti venduti dagli agricoltori (base 2020=100) - dati mensili,FRESHETABL,Ortaggi freschi,2024-04,125,,
M,Mensile,IT,Italia,76,Indice dei prezzi alla produzione dei prodotti venduti dagli agricoltori (base 2020=100) - dati mensili,FRESHETABL,Ortaggi freschi,2024-05,130,,
M,Mensile,IT,Italia,76,Indice dei prezzi alla produzione dei prodotti venduti dagli agricoltori (base 2020=100) - dati mensili,FRESHETABL,Ortaggi freschi,2024-06,142,,
M,Mensile,IT,Italia,76,Indice dei prezzi alla produzione dei prodotti venduti dagli agricoltori (base 2020=100) - dati mensili,FRESHETABL,Ortaggi freschi,2024-07,135,,
M,Mensile,IT,Italia,76,Indice dei prezzi alla produzione dei prodotti venduti dagli agricoltori (base 2020=100) - dati mensili,FRESHETABL,Ortaggi freschi,2024-08,124,,
M,Mensile,IT,Italia,76,Indice dei prezzi alla produzione dei prodotti venduti dagli agricoltori (base 2020=100) - dati mensili,FRESHETABL,Ortaggi freschi,2024-09,145,,
M,Mensile,IT,Italia,76,Indice dei prezzi alla produzione dei prodotti venduti dagli agricoltori (base 2020=100) - dati mensili,FRESHETABL,Ortaggi freschi,2024-10,175,,
M,Mensile,IT,Italia,76,Indice dei prezzi alla produzione dei prodotti venduti dagli agricoltori (base 2020=100) - dati mensili,FRESHETABL,Ortaggi freschi,2024-11,170,,
M,Mensile,IT,Italia,76,Indice dei prezzi alla produzione dei prodotti venduti dagli agricoltori (base 2020=100) - dati mensili,FRESHETABL,Ortaggi freschi,2024-12,137,,
M,Mensile,IT,Italia,76,Indice dei prezzi alla produzione dei prodotti venduti dagli agricoltori (base 2020=100) - dati mensili,FRESHETABL,Ortaggi freschi,2025-01,151,,
M,Mensile,IT,Italia,76,Indice dei prezzi alla produzione dei prodotti venduti dagli agricoltori (base 2020=100) - dati mensili,FRESHETABL,Ortaggi freschi,2025-02,141,,
M,Mensile,IT,Italia,76,Indice dei prezzi alla produzione dei prodotti venduti dagli agricoltori (base 2020=100) - dati mensili,FRESHETABL,Ortaggi freschi,2025-03,136,,
M,Mensile,IT,Italia,76,Indice dei prezzi alla produzione dei prodotti venduti dagli agricoltori (base 2020=100) - dati mensili,FRESHETABL,Ortaggi freschi,2025-04,112,,
M,Mensile,IT,Italia,76,Indice dei prezzi alla produzione dei prodotti venduti dagli agricoltori (base 2020=100) - dati mensili,FRESHETABL,Ortaggi freschi,2025-05,110,,
M,Mensile,IT,Italia,76,Indice dei prezzi alla produzione dei prodotti venduti dagli agricoltori (base 2020=100) - dati mensili,FRESHETABL,Ortaggi freschi,2025-06,132,,
M,Mensile,IT,Italia,76,Indice dei prezzi alla produzione dei prodotti venduti dagli agricoltori (base 2020=100) - dati mensili,FRESHETABL,Ortaggi freschi,2025-07,142,,
M,Mensile,IT,Italia,76,Indice dei prezzi alla produzione dei prodotti venduti dagli agricoltori (base 2020=100) - dati mensili,FRESHETABL,Ortaggi freschi,2025-08,124,,
M,Mensile,IT,Italia,76,Indice dei prezzi alla produzione dei prodotti venduti dagli agricoltori (base 2020=100) - dati mensili,FRESHETABL,Ortaggi freschi,2025-09,128,,
M,Mensile,IT,Italia,76,Indice dei prezzi alla produzione dei prodotti venduti dagli agricoltori (base 2020=100) - dati mensili,FRESHETABL,Ortaggi freschi,2025-10,143,,
M,Mensile,IT,Italia,76,Indice dei prezzi alla produzione dei prodotti venduti dagli agricoltori (base 2020=100) - dati mensili,FRESHETABL,Ortaggi freschi,2025-11,124,,
M,Mensile,IT,Italia,76,Indice dei prezzi alla produzione dei prodotti venduti dagli agricoltori (base 2020=100) - dati mensili,FRESHETABL,Ortaggi freschi,2025-12,124,,
M,Mensile,IT,Italia,76,Indice dei prezzi alla produzione dei prodotti venduti dagli agricoltori (base 2020=100) - dati mensili,FRESHETABL,Ortaggi freschi,2026-01,143,p,Dato provvisorio
M,Mensile,IT,Italia,76,Indice dei prezzi alla produzione dei prodotti venduti dagli agricoltori (base 2020=100) - dati mensili,FRESHETABL,Ortaggi freschi,2026-02,143,p,Dato provvisorio
M,Mensile,IT,Italia,76,Indice dei prezzi alla produzione dei prodotti venduti dagli agricoltori (base 2020=100) - dati mensili,FRESHETABL,Ortaggi freschi,2026-03,151,p,Dato provvisorio
M,Mensile,IT,Italia,76,Indice dei prezzi alla produzione dei prodotti venduti dagli agricoltori (base 2020=100) - dati mensili,PLANTDFLO,Fiori e piante,2020-01,103,,
M,Mensile,IT,Italia,76,Indice dei prezzi alla produzione dei prodotti venduti dagli agricoltori (base 2020=100) - dati mensili,PLANTDFLO,Fiori e piante,2020-02,108,,
M,Mensile,IT,Italia,76,Indice dei prezzi alla produzione dei prodotti venduti dagli agricoltori (base 2020=100) - dati mensili,PLANTDFLO,Fiori e piante,2020-03,103,,
M,Mensile,IT,Italia,76,Indice dei prezzi alla produzione dei prodotti venduti dagli agricoltori (base 2020=100) - dati mensili,PLANTDFLO,Fiori e piante,2020-04,100,,
M,Mensile,IT,Italia,76,Indice dei prezzi alla produzione dei prodotti venduti dagli agricoltori (base 2020=100) - dati mensili,PLANTDFLO,Fiori e piante,2020-05,99,,
M,Mensile,IT,Italia,76,Indice dei prezzi alla produzione dei prodotti venduti dagli agricoltori (base 2020=100) - dati mensili,PLANTDFLO,Fiori e piante,2020-06,95,,
M,Mensile,IT,Italia,76,Indice dei prezzi alla produzione dei prodotti venduti dagli agricoltori (base 2020=100) - dati mensili,PLANTDFLO,Fiori e piante,2020-07,99,,
M,Mensile,IT,Italia,76,Indice dei prezzi alla produzione dei prodotti venduti dagli agricoltori (base 2020=100) - dati mensili,PLANTDFLO,Fiori e piante,2020-08,97,,
M,Mensile,IT,Italia,76,Indice dei prezzi alla produzione dei prodotti venduti dagli agricoltori (base 2020=100) - dati mensili,PLANTDFLO,Fiori e piante,2020-09,99,,
M,Mensile,IT,Italia,76,Indice dei prezzi alla produzione dei prodotti venduti dagli agricoltori (base 2020=100) - dati mensili,PLANTDFLO,Fiori e piante,2020-10,100,,
M,Mensile,IT,Italia,76,Indice dei prezzi alla produzione dei prodotti venduti dagli agricoltori (base 2020=100) - dati mensili,PLANTDFLO,Fiori e piante,2020-11,97,,
M,Mensile,IT,Italia,76,Indice dei prezzi alla produzione dei prodotti venduti dagli agricoltori (base 2020=100) - dati mensili,PLANTDFLO,Fiori e piante,2020-12,100,,
M,Mensile,IT,Italia,76,Indice dei prezzi alla produzione dei prodotti venduti dagli agricoltori (base 2020=100) - dati mensili,PLANTDFLO,Fiori e piante,2021-01,105,,
M,Mensile,IT,Italia,76,Indice dei prezzi alla produzione dei prodotti venduti dagli agricoltori (base 2020=100) - dati mensili,PLANTDFLO,Fiori e piante,2021-02,109,,
M,Mensile,IT,Italia,76,Indice dei prezzi alla produzione dei prodotti venduti dagli agricoltori (base 2020=100) - dati mensili,PLANTDFLO,Fiori e piante,2021-03,106,,
M,Mensile,IT,Italia,76,Indice dei prezzi alla produzione dei prodotti venduti dagli agricoltori (base 2020=100) - dati mensili,PLANTDFLO,Fiori e piante,2021-04,104,,
M,Mensile,IT,Italia,76,Indice dei prezzi alla produzione dei prodotti venduti dagli agricoltori (base 2020=100) - dati mensili,PLANTDFLO,Fiori e piante,2021-05,108,,
M,Mensile,IT,Italia,76,Indice dei prezzi alla produzione dei prodotti venduti dagli agricoltori (base 2020=100) - dati mensili,PLANTDFLO,Fiori e piante,2021-06,117,,
M,Mensile,IT,Italia,76,Indice dei prezzi alla produzione dei prodotti venduti dagli agricoltori (base 2020=100) - dati mensili,PLANTDFLO,Fiori e piante,2021-07,113,,
M,Mensile,IT,Italia,76,Indice dei prezzi alla produzione dei prodotti venduti dagli agricoltori (base 2020=100) - dati mensili,PLANTDFLO,Fiori e piante,2021-08,104,,
M,Mensile,IT,Italia,76,Indice dei prezzi alla produzione dei prodotti venduti dagli agricoltori (base 2020=100) - dati mensili,PLANTDFLO,Fiori e piante,2021-09,106,,
M,Mensile,IT,Italia,76,Indice dei prezzi alla produzione dei prodotti venduti dagli agricoltori (base 2020=100) - dati mensili,PLANTDFLO,Fiori e piante,2021-10,120,,
M,Mensile,IT,Italia,76,Indice dei prezzi alla produzione dei prodotti venduti dagli agricoltori (base 2020=100) - dati mensili,PLANTDFLO,Fiori e piante,2021-11,120,,
M,Mensile,IT,Italia,76,Indice dei prezzi alla produzione dei prodotti venduti dagli agricoltori (base 2020=100) - dati mensili,PLANTDFLO,Fiori e piante,2021-12,108,,
M,Mensile,IT,Italia,76,Indice dei prezzi alla produzione dei prodotti venduti dagli agricoltori (base 2020=100) - dati mensili,PLANTDFLO,Fiori e piante,2022-01,118,,
M,Mensile,IT,Italia,76,Indice dei prezzi alla produzione dei prodotti venduti dagli agricoltori (base 2020=100) - dati mensili,PLANTDFLO,Fiori e piante,2022-02,133,,
M,Mensile,IT,Italia,76,Indice dei prezzi alla produzione dei prodotti venduti dagli agricoltori (base 2020=100) - dati mensili,PLANTDFLO,Fiori e piante,2022-03,128,,
M,Mensile,IT,Italia,76,Indice dei prezzi alla produzione dei prodotti venduti dagli agricoltori (base 2020=100) - dati mensili,PLANTDFLO,Fiori e piante,2022-04,121,,
M,Mensile,IT,Italia,76,Indice dei prezzi alla produzione dei prodotti venduti dagli agricoltori (base 2020=100) - dati mensili,PLANTDFLO,Fiori e piante,2022-05,119,,
M,Mensile,IT,Italia,76,Indice dei prezzi alla produzione dei prodotti venduti dagli agricoltori (base 2020=100) - dati mensili,PLANTDFLO,Fiori e piante,2022-06,121,,
M,Mensile,IT,Italia,76,Indice dei prezzi alla produzione dei prodotti venduti dagli agricoltori (base 2020=100) - dati mensili,PLANTDFLO,Fiori e piante,2022-07,122,,
M,Mensile,IT,Italia,76,Indice dei prezzi alla produzione dei prodotti venduti dagli agricoltori (base 2020=100) - dati mensili,PLANTDFLO,Fiori e piante,2022-08,118,,
M,Mensile,IT,Italia,76,Indice dei prezzi alla produzione dei prodotti venduti dagli agricoltori (base 2020=100) - dati mensili,PLANTDFLO,Fiori e piante,2022-09,127,,
M,Mensile,IT,Italia,76,Indice dei prezzi alla produzione dei prodotti venduti dagli agricoltori (base 2020=100) - dati mensili,PLANTDFLO,Fiori e piante,2022-10,131,,
M,Mensile,IT,Italia,76,Indice dei prezzi alla produzione dei prodotti venduti dagli agricoltori (base 2020=100) - dati mensili,PLANTDFLO,Fiori e piante,2022-11,132,,
M,Mensile,IT,Italia,76,Indice dei prezzi alla produzione dei prodotti venduti dagli agricoltori (base 2020=100) - dati mensili,PLANTDFLO,Fiori e piante,2022-12,118,,
M,Mensile,IT,Italia,76,Indice dei prezzi alla produzione dei prodotti venduti dagli agricoltori (base 2020=100) - dati mensili,PLANTDFLO,Fiori e piante,2023-01,119,,
M,Mensile,IT,Italia,76,Indice dei prezzi alla produzione dei prodotti venduti dagli agricoltori (base 2020=100) - dati mensili,PLANTDFLO,Fiori e piante,2023-02,137,,
M,Mensile,IT,Italia,76,Indice dei prezzi alla produzione dei prodotti venduti dagli agricoltori (base 2020=100) - dati mensili,PLANTDFLO,Fiori e piante,2023-03,127,,
M,Mensile,IT,Italia,76,Indice dei prezzi alla produzione dei prodotti venduti dagli agricoltori (base 2020=100) - dati mensili,PLANTDFLO,Fiori e piante,2023-04,122,,
M,Mensile,IT,Italia,76,Indice dei prezzi alla produzione dei prodotti venduti dagli agricoltori (base 2020=100) - dati mensili,PLANTDFLO,Fiori e piante,2023-05,128,,
M,Mensile,IT,Italia,76,Indice dei prezzi alla produzione dei prodotti venduti dagli agricoltori (base 2020=100) - dati mensili,PLANTDFLO,Fiori e piante,2023-06,129,,
M,Mensile,IT,Italia,76,Indice dei prezzi alla produzione dei prodotti venduti dagli agricoltori (base 2020=100) - dati mensili,PLANTDFLO,Fiori e piante,2023-07,121,,
M,Mensile,IT,Italia,76,Indice dei prezzi alla produzione dei prodotti venduti dagli agricoltori (base 2020=100) - dati mensili,PLANTDFLO,Fiori e piante,2023-08,111,,
M,Mensile,IT,Italia,76,Indice dei prezzi alla produzione dei prodotti venduti dagli agricoltori (base 2020=100) - dati mensili,PLANTDFLO,Fiori e piante,2023-09,114,,
M,Mensile,IT,Italia,76,Indice dei prezzi alla produzione dei prodotti venduti dagli agricoltori (base 2020=100) - dati mensili,PLANTDFLO,Fiori e piante,2023-10,114,,
M,Mensile,IT,Italia,76,Indice dei prezzi alla produzione dei prodotti venduti dagli agricoltori (base 2020=100) - dati mensili,PLANTDFLO,Fiori e piante,2023-11,120,,
M,Mensile,IT,Italia,76,Indice dei prezzi alla produzione dei prodotti venduti dagli agricoltori (base 2020=100) - dati mensili,PLANTDFLO,Fiori e piante,2023-12,123,,
M,Mensile,IT,Italia,76,Indice dei prezzi alla produzione dei prodotti venduti dagli agricoltori (base 2020=100) - dati mensili,PLANTDFLO,Fiori e piante,2024-01,120,,
M,Mensile,IT,Italia,76,Indice dei prezzi alla produzione dei prodotti venduti dagli agricoltori (base 2020=100) - dati mensili,PLANTDFLO,Fiori e piante,2024-02,132,,
M,Mensile,IT,Italia,76,Indice dei prezzi alla produzione dei prodotti venduti dagli agricoltori (base 2020=100) - dati mensili,PLANTDFLO,Fiori e piante,2024-03,112,,
M,Mensile,IT,Italia,76,Indice dei prezzi alla produzione dei prodotti venduti dagli agricoltori (base 2020=100) - dati mensili,PLANTDFLO,Fiori e piante,2024-04,120,,
M,Mensile,IT,Italia,76,Indice dei prezzi alla produzione dei prodotti venduti dagli agricoltori (base 2020=100) - dati mensili,PLANTDFLO,Fiori e piante,2024-05,127,,
M,Mensile,IT,Italia,76,Indice dei prezzi alla produzione dei prodotti venduti dagli agricoltori (base 2020=100) - dati mensili,PLANTDFLO,Fiori e piante,2024-06,124,,
M,Mensile,IT,Italia,76,Indice dei prezzi alla produzione dei prodotti venduti dagli agricoltori (base 2020=100) - dati mensili,PLANTDFLO,Fiori e piante,2024-07,122,,
M,Mensile,IT,Italia,76,Indice dei prezzi alla produzione dei prodotti venduti dagli agricoltori (base 2020=100) - dati mensili,PLANTDFLO,Fiori e piante,2024-08,117,,
M,Mensile,IT,Italia,76,Indice dei prezzi alla produzione dei prodotti venduti dagli agricoltori (base 2020=100) - dati mensili,PLANTDFLO,Fiori e piante,2024-09,120,,
M,Mensile,IT,Italia,76,Indice dei prezzi alla produzione dei prodotti venduti dagli agricoltori (base 2020=100) - dati mensili,PLANTDFLO,Fiori e piante,2024-10,137,,
M,Mensile,IT,Italia,76,Indice dei prezzi alla produzione dei prodotti venduti dagli agricoltori (base 2020=100) - dati mensili,PLANTDFLO,Fiori e piante,2024-11,137,,
M,Mensile,IT,Italia,76,Indice dei prezzi alla produzione dei prodotti venduti dagli agricoltori (base 2020=100) - dati mensili,PLANTDFLO,Fiori e piante,2024-12,130,,
M,Mensile,IT,Italia,76,Indice dei prezzi alla produzione dei prodotti venduti dagli agricoltori (base 2020=100) - dati mensili,PLANTDFLO,Fiori e piante,2025-01,135,,
M,Mensile,IT,Italia,76,Indice dei prezzi alla produzione dei prodotti venduti dagli agricoltori (base 2020=100) - dati mensili,PLANTDFLO,Fiori e piante,2025-02,147,,
M,Mensile,IT,Italia,76,Indice dei prezzi alla produzione dei prodotti venduti dagli agricoltori (base 2020=100) - dati mensili,PLANTDFLO,Fiori e piante,2025-03,125,,
M,Mensile,IT,Italia,76,Indice dei prezzi alla produzione dei prodotti venduti dagli agricoltori (base 2020=100) - dati mensili,PLANTDFLO,Fiori e piante,2025-04,131,,
M,Mensile,IT,Italia,76,Indice dei prezzi alla produzione dei prodotti venduti dagli agricoltori (base 2020=100) - dati mensili,PLANTDFLO,Fiori e piante,2025-05,136,,
M,Mensile,IT,Italia,76,Indice dei prezzi alla produzione dei prodotti venduti dagli agricoltori (base 2020=100) - dati mensili,PLANTDFLO,Fiori e piante,2025-06,130,,
M,Mensile,IT,Italia,76,Indice dei prezzi alla produzione dei prodotti venduti dagli agricoltori (base 2020=100) - dati mensili,PLANTDFLO,Fiori e piante,2025-07,138,,
M,Mensile,IT,Italia,76,Indice dei prezzi alla produzione dei prodotti venduti dagli agricoltori (base 2020=100) - dati mensili,PLANTDFLO,Fiori e piante,2025-08,134,,
M,Mensile,IT,Italia,76,Indice dei prezzi alla produzione dei prodotti venduti dagli agricoltori (base 2020=100) - dati mensili,PLANTDFLO,Fiori e piante,2025-09,140,,
M,Mensile,IT,Italia,76,Indice dei prezzi alla produzione dei prodotti venduti dagli agricoltori (base 2020=100) - dati mensili,PLANTDFLO,Fiori e piante,2025-10,142,,
M,Mensile,IT,Italia,76,Indice dei prezzi alla produzione dei prodotti venduti dagli agricoltori (base 2020=100) - dati mensili,PLANTDFLO,Fiori e piante,2025-11,135,,
M,Mensile,IT,Italia,76,Indice dei prezzi alla produzione dei prodotti venduti dagli agricoltori (base 2020=100) - dati mensili,PLANTDFLO,Fiori e piante,2025-12,123,,
M,Mensile,IT,Italia,76,Indice dei prezzi alla produzione dei prodotti venduti dagli agricoltori (base 2020=100) - dati mensili,PLANTDFLO,Fiori e piante,2026-01,143,p,Dato provvisorio
M,Mensile,IT,Italia,76,Indice dei prezzi alla produzione dei prodotti venduti dagli agricoltori (base 2020=100) - dati mensili,PLANTDFLO,Fiori e piante,2026-02,158,p,Dato provvisorio
M,Mensile,IT,Italia,76,Indice dei prezzi alla produzione dei prodotti venduti dagli agricoltori (base 2020=100) - dati mensili,PLANTDFLO,Fiori e piante,2026-03,152,p,Dato provvisorio
M,Mensile,IT,Italia,76,Indice dei prezzi alla produzione dei prodotti venduti dagli agricoltori (base 2020=100) - dati mensili,POTAT,Patate,2020-01,109,,
M,Mensile,IT,Italia,76,Indice dei prezzi alla produzione dei prodotti venduti dagli agricoltori (base 2020=100) - dati mensili,POTAT,Patate,2020-02,110,,
M,Mensile,IT,Italia,76,Indice dei prezzi alla produzione dei prodotti venduti dagli agricoltori (base 2020=100) - dati mensili,POTAT,Patate,2020-03,113,,
M,Mensile,IT,Italia,76,Indice dei prezzi alla produzione dei prodotti venduti dagli agricoltori (base 2020=100) - dati mensili,POTAT,Patate,2020-04,110,,
M,Mensile,IT,Italia,76,Indice dei prezzi alla produzione dei prodotti venduti dagli agricoltori (base 2020=100) - dati mensili,POTAT,Patate,2020-05,108,,
M,Mensile,IT,Italia,76,Indice dei prezzi alla produzione dei prodotti venduti dagli agricoltori (base 2020=100) - dati mensili,POTAT,Patate,2020-06,101,,
M,Mensile,IT,Italia,76,Indice dei prezzi alla produzione dei prodotti venduti dagli agricoltori (base 2020=100) - dati mensili,POTAT,Patate,2020-07,96,,
M,Mensile,IT,Italia,76,Indice dei prezzi alla produzione dei prodotti venduti dagli agricoltori (base 2020=100) - dati mensili,POTAT,Patate,2020-08,85,,
M,Mensile,IT,Italia,76,Indice dei prezzi alla produzione dei prodotti venduti dagli agricoltori (base 2020=100) - dati mensili,POTAT,Patate,2020-09,83,,
M,Mensile,IT,Italia,76,Indice dei prezzi alla produzione dei prodotti venduti dagli agricoltori (base 2020=100) - dati mensili,POTAT,Patate,2020-10,85,,
M,Mensile,IT,Italia,76,Indice dei prezzi alla produzione dei prodotti venduti dagli agricoltori (base 2020=100) - dati mensili,POTAT,Patate,2020-11,89,,
M,Mensile,IT,Italia,76,Indice dei prezzi alla produzione dei prodotti venduti dagli agricoltori (base 2020=100) - dati mensili,POTAT,Patate,2020-12,92,,
M,Mensile,IT,Italia,76,Indice dei prezzi alla produzione dei prodotti venduti dagli agricoltori (base 2020=100) - dati mensili,POTAT,Patate,2021-01,93,,
M,Mensile,IT,Italia,76,Indice dei prezzi alla produzione dei prodotti venduti dagli agricoltori (base 2020=100) - dati mensili,POTAT,Patate,2021-02,88,,
M,Mensile,IT,Italia,76,Indice dei prezzi alla produzione dei prodotti venduti dagli agricoltori (base 2020=100) - dati mensili,POTAT,Patate,2021-03,88,,
M,Mensile,IT,Italia,76,Indice dei prezzi alla produzione dei prodotti venduti dagli agricoltori (base 2020=100) - dati mensili,POTAT,Patate,2021-04,100,,
M,Mensile,IT,Italia,76,Indice dei prezzi alla produzione dei prodotti venduti dagli agricoltori (base 2020=100) - dati mensili,POTAT,Patate,2021-05,111,,
M,Mensile,IT,Italia,76,Indice dei prezzi alla produzione dei prodotti venduti dagli agricoltori (base 2020=100) - dati mensili,POTAT,Patate,2021-06,106,,
M,Mensile,IT,Italia,76,Indice dei prezzi alla produzione dei prodotti venduti dagli agricoltori (base 2020=100) - dati mensili,POTAT,Patate,2021-07,93,,
M,Mensile,IT,Italia,76,Indice dei prezzi alla produzione dei prodotti venduti dagli agricoltori (base 2020=100) - dati mensili,POTAT,Patate,2021-08,86,,
M,Mensile,IT,Italia,76,Indice dei prezzi alla produzione dei prodotti venduti dagli agricoltori (base 2020=100) - dati mensili,POTAT,Patate,2021-09,95,,
M,Mensile,IT,Italia,76,Indice dei prezzi alla produzione dei prodotti venduti dagli agricoltori (base 2020=100) - dati mensili,POTAT,Patate,2021-10,98,,
M,Mensile,IT,Italia,76,Indice dei prezzi alla produzione dei prodotti venduti dagli agricoltori (base 2020=100) - dati mensili,POTAT,Patate,2021-11,104,,
M,Mensile,IT,Italia,76,Indice dei prezzi alla produzione dei prodotti venduti dagli agricoltori (base 2020=100) - dati mensili,POTAT,Patate,2021-12,116,,
M,Mensile,IT,Italia,76,Indice dei prezzi alla produzione dei prodotti venduti dagli agricoltori (base 2020=100) - dati mensili,POTAT,Patate,2022-01,111,,
M,Mensile,IT,Italia,76,Indice dei prezzi alla produzione dei prodotti venduti dagli agricoltori (base 2020=100) - dati mensili,POTAT,Patate,2022-02,112,,
M,Mensile,IT,Italia,76,Indice dei prezzi alla produzione dei prodotti venduti dagli agricoltori (base 2020=100) - dati mensili,POTAT,Patate,2022-03,113,,
M,Mensile,IT,Italia,76,Indice dei prezzi alla produzione dei prodotti venduti dagli agricoltori (base 2020=100) - dati mensili,POTAT,Patate,2022-04,116,,
M,Mensile,IT,Italia,76,Indice dei prezzi alla produzione dei prodotti venduti dagli agricoltori (base 2020=100) - dati mensili,POTAT,Patate,2022-05,104,,
M,Mensile,IT,Italia,76,Indice dei prezzi alla produzione dei prodotti venduti dagli agricoltori (base 2020=100) - dati mensili,POTAT,Patate,2022-06,106,,
M,Mensile,IT,Italia,76,Indice dei prezzi alla produzione dei prodotti venduti dagli agricoltori (base 2020=100) - dati mensili,POTAT,Patate,2022-07,127,,
M,Mensile,IT,Italia,76,Indice dei prezzi alla produzione dei prodotti venduti dagli agricoltori (base 2020=100) - dati mensili,POTAT,Patate,2022-08,140,,
M,Mensile,IT,Italia,76,Indice dei prezzi alla produzione dei prodotti venduti dagli agricoltori (base 2020=100) - dati mensili,POTAT,Patate,2022-09,162,,
M,Mensile,IT,Italia,76,Indice dei prezzi alla produzione dei prodotti venduti dagli agricoltori (base 2020=100) - dati mensili,POTAT,Patate,2022-10,168,,
M,Mensile,IT,Italia,76,Indice dei prezzi alla produzione dei prodotti venduti dagli agricoltori (base 2020=100) - dati mensili,POTAT,Patate,2022-11,169,,
M,Mensile,IT,Italia,76,Indice dei prezzi alla produzione dei prodotti venduti dagli agricoltori (base 2020=100) - dati mensili,POTAT,Patate,2022-12,191,,
M,Mensile,IT,Italia,76,Indice dei prezzi alla produzione dei prodotti venduti dagli agricoltori (base 2020=100) - dati mensili,POTAT,Patate,2023-01,170,,
M,Mensile,IT,Italia,76,Indice dei prezzi alla produzione dei prodotti venduti dagli agricoltori (base 2020=100) - dati mensili,POTAT,Patate,2023-02,169,,
M,Mensile,IT,Italia,76,Indice dei prezzi alla produzione dei prodotti venduti dagli agricoltori (base 2020=100) - dati mensili,POTAT,Patate,2023-03,184,,
M,Mensile,IT,Italia,76,Indice dei prezzi alla produzione dei prodotti venduti dagli agricoltori (base 2020=100) - dati mensili,POTAT,Patate,2023-04,175,,
M,Mensile,IT,Italia,76,Indice dei prezzi alla produzione dei prodotti venduti dagli agricoltori (base 2020=100) - dati mensili,POTAT,Patate,2023-05,182,,
M,Mensile,IT,Italia,76,Indice dei prezzi alla produzione dei prodotti venduti dagli agricoltori (base 2020=100) - dati mensili,POTAT,Patate,2023-06,175,,
M,Mensile,IT,Italia,76,Indice dei prezzi alla produzione dei prodotti venduti dagli agricoltori (base 2020=100) - dati mensili,POTAT,Patate,2023-07,163,,
M,Mensile,IT,Italia,76,Indice dei prezzi alla produzione dei prodotti venduti dagli agricoltori (base 2020=100) - dati mensili,POTAT,Patate,2023-08,185,,
M,Mensile,IT,Italia,76,Indice dei prezzi alla produzione dei prodotti venduti dagli agricoltori (base 2020=100) - dati mensili,POTAT,Patate,2023-09,195,,
M,Mensile,IT,Italia,76,Indice dei prezzi alla produzione dei prodotti venduti dagli agricoltori (base 2020=100) - dati mensili,POTAT,Patate,2023-10,198,,
M,Mensile,IT,Italia,76,Indice dei prezzi alla produzione dei prodotti venduti dagli agricoltori (base 2020=100) - dati mensili,POTAT,Patate,2023-11,205,,
M,Mensile,IT,Italia,76,Indice dei prezzi alla produzione dei prodotti venduti dagli agricoltori (base 2020=100) - dati mensili,POTAT,Patate,2023-12,206,,
M,Mensile,IT,Italia,76,Indice dei prezzi alla produzione dei prodotti venduti dagli agricoltori (base 2020=100) - dati mensili,POTAT,Patate,2024-01,202,,
M,Mensile,IT,Italia,76,Indice dei prezzi alla produzione dei prodotti venduti dagli agricoltori (base 2020=100) - dati mensili,POTAT,Patate,2024-02,199,,
M,Mensile,IT,Italia,76,Indice dei prezzi alla produzione dei prodotti venduti dagli agricoltori (base 2020=100) - dati mensili,POTAT,Patate,2024-03,209,,
M,Mensile,IT,Italia,76,Indice dei prezzi alla produzione dei prodotti venduti dagli agricoltori (base 2020=100) - dati mensili,POTAT,Patate,2024-04,188,,
M,Mensile,IT,Italia,76,Indice dei prezzi alla produzione dei prodotti venduti dagli agricoltori (base 2020=100) - dati mensili,POTAT,Patate,2024-05,190,,
M,Mensile,IT,Italia,76,Indice dei prezzi alla produzione dei prodotti venduti dagli agricoltori (base 2020=100) - dati mensili,POTAT,Patate,2024-06,139,,
M,Mensile,IT,Italia,76,Indice dei prezzi alla produzione dei prodotti venduti dagli agricoltori (base 2020=100) - dati mensili,POTAT,Patate,2024-07,170,,
M,Mensile,IT,Italia,76,Indice dei prezzi alla produzione dei prodotti venduti dagli agricoltori (base 2020=100) - dati mensili,POTAT,Patate,2024-08,170,,
M,Mensile,IT,Italia,76,Indice dei prezzi alla produzione dei prodotti venduti dagli agricoltori (base 2020=100) - dati mensili,POTAT,Patate,2024-09,181,,
M,Mensile,IT,Italia,76,Indice dei prezzi alla produzione dei prodotti venduti dagli agricoltori (base 2020=100) - dati mensili,POTAT,Patate,2024-10,177,,
M,Mensile,IT,Italia,76,Indice dei prezzi alla produzione dei prodotti venduti dagli agricoltori (base 2020=100) - dati mensili,POTAT,Patate,2024-11,182,,
M,Mensile,IT,Italia,76,Indice dei prezzi alla produzione dei prodotti venduti dagli agricoltori (base 2020=100) - dati mensili,POTAT,Patate,2024-12,181,,
M,Mensile,IT,Italia,76,Indice dei prezzi alla produzione dei prodotti venduti dagli agricoltori (base 2020=100) - dati mensili,POTAT,Patate,2025-01,181,,
M,Mensile,IT,Italia,76,Indice dei prezzi alla produzione dei prodotti venduti dagli agricoltori (base 2020=100) - dati mensili,POTAT,Patate,2025-02,184,,
M,Mensile,IT,Italia,76,Indice dei prezzi alla produzione dei prodotti venduti dagli agricoltori (base 2020=100) - dati mensili,POTAT,Patate,2025-03,182,,
M,Mensile,IT,Italia,76,Indice dei prezzi alla produzione dei prodotti venduti dagli agricoltori (base 2020=100) - dati mensili,POTAT,Patate,2025-04,190,,
M,Mensile,IT,Italia,76,Indice dei prezzi alla produzione dei prodotti venduti dagli agricoltori (base 2020=100) - dati mensili,POTAT,Patate,2025-05,152,,
M,Mensile,IT,Italia,76,Indice dei prezzi alla produzione dei prodotti venduti dagli agricoltori (base 2020=100) - dati mensili,POTAT,Patate,2025-06,149,,
M,Mensile,IT,Italia,76,Indice dei prezzi alla produzione dei prodotti venduti dagli agricoltori (base 2020=100) - dati mensili,POTAT,Patate,2025-07,146,,
M,Mensile,IT,Italia,76,Indice dei prezzi alla produzione dei prodotti venduti dagli agricoltori (base 2020=100) - dati mensili,POTAT,Patate,2025-08,147,,
M,Mensile,IT,Italia,76,Indice dei prezzi alla produzione dei prodotti venduti dagli agricoltori (base 2020=100) - dati mensili,POTAT,Patate,2025-09,152,,
M,Mensile,IT,Italia,76,Indice dei prezzi alla produzione dei prodotti venduti dagli agricoltori (base 2020=100) - dati mensili,POTAT,Patate,2025-10,151,,
M,Mensile,IT,Italia,76,Indice dei prezzi alla produzione dei prodotti venduti dagli agricoltori (base 2020=100) - dati mensili,POTAT,Patate,2025-11,154,,
M,Mensile,IT,Italia,76,Indice dei prezzi alla produzione dei prodotti venduti dagli agricoltori (base 2020=100) - dati mensili,POTAT,Patate,2025-12,154,,
M,Mensile,IT,Italia,76,Indice dei prezzi alla produzione dei prodotti venduti dagli agricoltori (base 2020=100) - dati mensili,POTAT,Patate,2026-01,172,p,Dato provvisorio
M,Mensile,IT,Italia,76,Indice dei prezzi alla produzione dei prodotti venduti dagli agricoltori (base 2020=100) - dati mensili,POTAT,Patate,2026-02,171,p,Dato provvisorio
M,Mensile,IT,Italia,76,Indice dei prezzi alla produzione dei prodotti venduti dagli agricoltori (base 2020=100) - dati mensili,POTAT,Patate,2026-03,175,p,Dato provvisorio
M,Mensile,IT,Italia,76,Indice dei prezzi alla produzione dei prodotti venduti dagli agricoltori (base 2020=100) - dati mensili,FRUIT,Frutta,2020-01,99,,
M,Mensile,IT,Italia,76,Indice dei prezzi alla produzione dei prodotti venduti dagli agricoltori (base 2020=100) - dati mensili,FRUIT,Frutta,2020-02,94,,
M,Mensile,IT,Italia,76,Indice dei prezzi alla produzione dei prodotti venduti dagli agricoltori (base 2020=100) - dati mensili,FRUIT,Frutta,2020-03,97,,
M,Mensile,IT,Italia,76,Indice dei prezzi alla produzione dei prodotti venduti dagli agricoltori (base 2020=100) - dati mensili,FRUIT,Frutta,2020-04,95,,
M,Mensile,IT,Italia,76,Indice dei prezzi alla produzione dei prodotti venduti dagli agricoltori (base 2020=100) - dati mensili,FRUIT,Frutta,2020-05,102,,
M,Mensile,IT,Italia,76,Indice dei prezzi alla produzione dei prodotti venduti dagli agricoltori (base 2020=100) - dati mensili,FRUIT,Frutta,2020-06,103,,
M,Mensile,IT,Italia,76,Indice dei prezzi alla produzione dei prodotti venduti dagli agricoltori (base 2020=100) - dati mensili,FRUIT,Frutta,2020-07,102,,
M,Mensile,IT,Italia,76,Indice dei prezzi alla produzione dei prodotti venduti dagli agricoltori (base 2020=100) - dati mensili,FRUIT,Frutta,2020-08,103,,
M,Mensile,IT,Italia,76,Indice dei prezzi alla produzione dei prodotti venduti dagli agricoltori (base 2020=100) - dati mensili,FRUIT,Frutta,2020-09,99,,
M,Mensile,IT,Italia,76,Indice dei prezzi alla produzione dei prodotti venduti dagli agricoltori (base 2020=100) - dati mensili,FRUIT,Frutta,2020-10,99,,
M,Mensile,IT,Italia,76,Indice dei prezzi alla produzione dei prodotti venduti dagli agricoltori (base 2020=100) - dati mensili,FRUIT,Frutta,2020-11,102,,
M,Mensile,IT,Italia,76,Indice dei prezzi alla produzione dei prodotti venduti dagli agricoltori (base 2020=100) - dati mensili,FRUIT,Frutta,2020-12,102,,
M,Mensile,IT,Italia,76,Indice dei prezzi alla produzione dei prodotti venduti dagli agricoltori (base 2020=100) - dati mensili,FRUIT,Frutta,2021-01,97,,
M,Mensile,IT,Italia,76,Indice dei prezzi alla produzione dei prodotti venduti dagli agricoltori (base 2020=100) - dati mensili,FRUIT,Frutta,2021-02,101,,
M,Mensile,IT,Italia,76,Indice dei prezzi alla produzione dei prodotti venduti dagli agricoltori (base 2020=100) - dati mensili,FRUIT,Frutta,2021-03,98,,
M,Mensile,IT,Italia,76,Indice dei prezzi alla produzione dei prodotti venduti dagli agricoltori (base 2020=100) - dati mensili,FRUIT,Frutta,2021-04,100,,
M,Mensile,IT,Italia,76,Indice dei prezzi alla produzione dei prodotti venduti dagli agricoltori (base 2020=100) - dati mensili,FRUIT,Frutta,2021-05,100,,
M,Mensile,IT,Italia,76,Indice dei prezzi alla produzione dei prodotti venduti dagli agricoltori (base 2020=100) - dati mensili,FRUIT,Frutta,2021-06,106,,
M,Mensile,IT,Italia,76,Indice dei prezzi alla produzione dei prodotti venduti dagli agricoltori (base 2020=100) - dati mensili,FRUIT,Frutta,2021-07,103,,
M,Mensile,IT,Italia,76,Indice dei prezzi alla produzione dei prodotti venduti dagli agricoltori (base 2020=100) - dati mensili,FRUIT,Frutta,2021-08,115,,
M,Mensile,IT,Italia,76,Indice dei prezzi alla produzione dei prodotti venduti dagli agricoltori (base 2020=100) - dati mensili,FRUIT,Frutta,2021-09,112,,
M,Mensile,IT,Italia,76,Indice dei prezzi alla produzione dei prodotti venduti dagli agricoltori (base 2020=100) - dati mensili,FRUIT,Frutta,2021-10,121,,
M,Mensile,IT,Italia,76,Indice dei prezzi alla produzione dei prodotti venduti dagli agricoltori (base 2020=100) - dati mensili,FRUIT,Frutta,2021-11,127,,
M,Mensile,IT,Italia,76,Indice dei prezzi alla produzione dei prodotti venduti dagli agricoltori (base 2020=100) - dati mensili,FRUIT,Frutta,2021-12,112,,
M,Mensile,IT,Italia,76,Indice dei prezzi alla produzione dei prodotti venduti dagli agricoltori (base 2020=100) - dati mensili,FRUIT,Frutta,2022-01,112,,
M,Mensile,IT,Italia,76,Indice dei prezzi alla produzione dei prodotti venduti dagli agricoltori (base 2020=100) - dati mensili,FRUIT,Frutta,2022-02,108,,
M,Mensile,IT,Italia,76,Indice dei prezzi alla produzione dei prodotti venduti dagli agricoltori (base 2020=100) - dati mensili,FRUIT,Frutta,2022-03,109,,
M,Mensile,IT,Italia,76,Indice dei prezzi alla produzione dei prodotti venduti dagli agricoltori (base 2020=100) - dati mensili,FRUIT,Frutta,2022-04,111,,
M,Mensile,IT,Italia,76,Indice dei prezzi alla produzione dei prodotti venduti dagli agricoltori (base 2020=100) - dati mensili,FRUIT,Frutta,2022-05,107,,
M,Mensile,IT,Italia,76,Indice dei prezzi alla produzione dei prodotti venduti dagli agricoltori (base 2020=100) - dati mensili,FRUIT,Frutta,2022-06,111,,
M,Mensile,IT,Italia,76,Indice dei prezzi alla produzione dei prodotti venduti dagli agricoltori (base 2020=100) - dati mensili,FRUIT,Frutta,2022-07,110,,
M,Mensile,IT,Italia,76,Indice dei prezzi alla produzione dei prodotti venduti dagli agricoltori (base 2020=100) - dati mensili,FRUIT,Frutta,2022-08,130,,
M,Mensile,IT,Italia,76,Indice dei prezzi alla produzione dei prodotti venduti dagli agricoltori (base 2020=100) - dati mensili,FRUIT,Frutta,2022-09,110,,
M,Mensile,IT,Italia,76,Indice dei prezzi alla produzione dei prodotti venduti dagli agricoltori (base 2020=100) - dati mensili,FRUIT,Frutta,2022-10,110,,
M,Mensile,IT,Italia,76,Indice dei prezzi alla produzione dei prodotti venduti dagli agricoltori (base 2020=100) - dati mensili,FRUIT,Frutta,2022-11,124,,
M,Mensile,IT,Italia,76,Indice dei prezzi alla produzione dei prodotti venduti dagli agricoltori (base 2020=100) - dati mensili,FRUIT,Frutta,2022-12,125,,
M,Mensile,IT,Italia,76,Indice dei prezzi alla produzione dei prodotti venduti dagli agricoltori (base 2020=100) - dati mensili,FRUIT,Frutta,2023-01,132,,
M,Mensile,IT,Italia,76,Indice dei prezzi alla produzione dei prodotti venduti dagli agricoltori (base 2020=100) - dati mensili,FRUIT,Frutta,2023-02,132,,
M,Mensile,IT,Italia,76,Indice dei prezzi alla produzione dei prodotti venduti dagli agricoltori (base 2020=100) - dati mensili,FRUIT,Frutta,2023-03,125,,
M,Mensile,IT,Italia,76,Indice dei prezzi alla produzione dei prodotti venduti dagli agricoltori (base 2020=100) - dati mensili,FRUIT,Frutta,2023-04,124,,
M,Mensile,IT,Italia,76,Indice dei prezzi alla produzione dei prodotti venduti dagli agricoltori (base 2020=100) - dati mensili,FRUIT,Frutta,2023-05,112,,
M,Mensile,IT,Italia,76,Indice dei prezzi alla produzione dei prodotti venduti dagli agricoltori (base 2020=100) - dati mensili,FRUIT,Frutta,2023-06,130,,
M,Mensile,IT,Italia,76,Indice dei prezzi alla produzione dei prodotti venduti dagli agricoltori (base 2020=100) - dati mensili,FRUIT,Frutta,2023-07,117,,
M,Mensile,IT,Italia,76,Indice dei prezzi alla produzione dei prodotti venduti dagli agricoltori (base 2020=100) - dati mensili,FRUIT,Frutta,2023-08,116,,
M,Mensile,IT,Italia,76,Indice dei prezzi alla produzione dei prodotti venduti dagli agricoltori (base 2020=100) - dati mensili,FRUIT,Frutta,2023-09,123,,
M,Mensile,IT,Italia,76,Indice dei prezzi alla produzione dei prodotti venduti dagli agricoltori (base 2020=100) - dati mensili,FRUIT,Frutta,2023-10,136,,
M,Mensile,IT,Italia,76,Indice dei prezzi alla produzione dei prodotti venduti dagli agricoltori (base 2020=100) - dati mensili,FRUIT,Frutta,2023-11,139,,
M,Mensile,IT,Italia,76,Indice dei prezzi alla produzione dei prodotti venduti dagli agricoltori (base 2020=100) - dati mensili,FRUIT,Frutta,2023-12,146,,
M,Mensile,IT,Italia,76,Indice dei prezzi alla produzione dei prodotti venduti dagli agricoltori (base 2020=100) - dati mensili,FRUIT,Frutta,2024-01,112,,
M,Mensile,IT,Italia,76,Indice dei prezzi alla produzione dei prodotti venduti dagli agricoltori (base 2020=100) - dati mensili,FRUIT,Frutta,2024-02,118,,
M,Mensile,IT,Italia,76,Indice dei prezzi alla produzione dei prodotti venduti dagli agricoltori (base 2020=100) - dati mensili,FRUIT,Frutta,2024-03,107,,
M,Mensile,IT,Italia,76,Indice dei prezzi alla produzione dei prodotti venduti dagli agricoltori (base 2020=100) - dati mensili,FRUIT,Frutta,2024-04,109,,
M,Mensile,IT,Italia,76,Indice dei prezzi alla produzione dei prodotti venduti dagli agricoltori (base 2020=100) - dati mensili,FRUIT,Frutta,2024-05,132,,
M,Mensile,IT,Italia,76,Indice dei prezzi alla produzione dei prodotti venduti dagli agricoltori (base 2020=100) - dati mensili,FRUIT,Frutta,2024-06,144,,
M,Mensile,IT,Italia,76,Indice dei prezzi alla produzione dei prodotti venduti dagli agricoltori (base 2020=100) - dati mensili,FRUIT,Frutta,2024-07,113,,
M,Mensile,IT,Italia,76,Indice dei prezzi alla produzione dei prodotti venduti dagli agricoltori (base 2020=100) - dati mensili,FRUIT,Frutta,2024-08,118,,
M,Mensile,IT,Italia,76,Indice dei prezzi alla produzione dei prodotti venduti dagli agricoltori (base 2020=100) - dati mensili,FRUIT,Frutta,2024-09,125,,
M,Mensile,IT,Italia,76,Indice dei prezzi alla produzione dei prodotti venduti dagli agricoltori (base 2020=100) - dati mensili,FRUIT,Frutta,2024-10,134,,
M,Mensile,IT,Italia,76,Indice dei prezzi alla produzione dei prodotti venduti dagli agricoltori (base 2020=100) - dati mensili,FRUIT,Frutta,2024-11,139,,
M,Mensile,IT,Italia,76,Indice dei prezzi alla produzione dei prodotti venduti dagli agricoltori (base 2020=100) - dati mensili,FRUIT,Frutta,2024-12,127,,
M,Mensile,IT,Italia,76,Indice dei prezzi alla produzione dei prodotti venduti dagli agricoltori (base 2020=100) - dati mensili,FRUIT,Frutta,2025-01,113,,
M,Mensile,IT,Italia,76,Indice dei prezzi alla produzione dei prodotti venduti dagli agricoltori (base 2020=100) - dati mensili,FRUIT,Frutta,2025-02,115,,
M,Mensile,IT,Italia,76,Indice dei prezzi alla produzione dei prodotti venduti dagli agricoltori (base 2020=100) - dati mensili,FRUIT,Frutta,2025-03,119,,
M,Mensile,IT,Italia,76,Indice dei prezzi alla produzione dei prodotti venduti dagli agricoltori (base 2020=100) - dati mensili,FRUIT,Frutta,2025-04,103,,
M,Mensile,IT,Italia,76,Indice dei prezzi alla produzione dei prodotti venduti dagli agricoltori (base 2020=100) - dati mensili,FRUIT,Frutta,2025-05,131,,
M,Mensile,IT,Italia,76,Indice dei prezzi alla produzione dei prodotti venduti dagli agricoltori (base 2020=100) - dati mensili,FRUIT,Frutta,2025-06,164,,
M,Mensile,IT,Italia,76,Indice dei prezzi alla produzione dei prodotti venduti dagli agricoltori (base 2020=100) - dati mensili,FRUIT,Frutta,2025-07,136,,
M,Mensile,IT,Italia,76,Indice dei prezzi alla produzione dei prodotti venduti dagli agricoltori (base 2020=100) - dati mensili,FRUIT,Frutta,2025-08,137,,
M,Mensile,IT,Italia,76,Indice dei prezzi alla produzione dei prodotti venduti dagli agricoltori (base 2020=100) - dati mensili,FRUIT,Frutta,2025-09,128,,
M,Mensile,IT,Italia,76,Indice dei prezzi alla produzione dei prodotti venduti dagli agricoltori (base 2020=100) - dati mensili,FRUIT,Frutta,2025-10,137,,
M,Mensile,IT,Italia,76,Indice dei prezzi alla produzione dei prodotti venduti dagli agricoltori (base 2020=100) - dati mensili,FRUIT,Frutta,2025-11,154,,
M,Mensile,IT,Italia,76,Indice dei prezzi alla produzione dei prodotti venduti dagli agricoltori (base 2020=100) - dati mensili,FRUIT,Frutta,2025-12,143,,
M,Mensile,IT,Italia,76,Indice dei prezzi alla produzione dei prodotti venduti dagli agricoltori (base 2020=100) - dati mensili,FRUIT,Frutta,2026-01,129,p,Dato provvisorio
M,Mensile,IT,Italia,76,Indice dei prezzi alla produzione dei prodotti venduti dagli agricoltori (base 2020=100) - dati mensili,FRUIT,Frutta,2026-02,126,p,Dato provvisorio
M,Mensile,IT,Italia,76,Indice dei prezzi alla produzione dei prodotti venduti dagli agricoltori (base 2020=100) - dati mensili,FRUIT,Frutta,2026-03,145,p,Dato provvisorio
M,Mensile,IT,Italia,76,Indice dei prezzi alla produzione dei prodotti venduti dagli agricoltori (base 2020=100) - dati mensili,WINE,Vino,2020-01,103,,
M,Mensile,IT,Italia,76,Indice dei prezzi alla produzione dei prodotti venduti dagli agricoltori (base 2020=100) - dati mensili,WINE,Vino,2020-02,102,,
M,Mensile,IT,Italia,76,Indice dei prezzi alla produzione dei prodotti venduti dagli agricoltori (base 2020=100) - dati mensili,WINE,Vino,2020-03,102,,
M,Mensile,IT,Italia,76,Indice dei prezzi alla produzione dei prodotti venduti dagli agricoltori (base 2020=100) - dati mensili,WINE,Vino,2020-04,102,,
M,Mensile,IT,Italia,76,Indice dei prezzi alla produzione dei prodotti venduti dagli agricoltori (base 2020=100) - dati mensili,WINE,Vino,2020-05,101,,
M,Mensile,IT,Italia,76,Indice dei prezzi alla produzione dei prodotti venduti dagli agricoltori (base 2020=100) - dati mensili,WINE,Vino,2020-06,100,,
M,Mensile,IT,Italia,76,Indice dei prezzi alla produzione dei prodotti venduti dagli agricoltori (base 2020=100) - dati mensili,WINE,Vino,2020-07,99,,
M,Mensile,IT,Italia,76,Indice dei prezzi alla produzione dei prodotti venduti dagli agricoltori (base 2020=100) - dati mensili,WINE,Vino,2020-08,98,,
M,Mensile,IT,Italia,76,Indice dei prezzi alla produzione dei prodotti venduti dagli agricoltori (base 2020=100) - dati mensili,WINE,Vino,2020-09,98,,
M,Mensile,IT,Italia,76,Indice dei prezzi alla produzione dei prodotti venduti dagli agricoltori (base 2020=100) - dati mensili,WINE,Vino,2020-10,98,,
M,Mensile,IT,Italia,76,Indice dei prezzi alla produzione dei prodotti venduti dagli agricoltori (base 2020=100) - dati mensili,WINE,Vino,2020-11,98,,
M,Mensile,IT,Italia,76,Indice dei prezzi alla produzione dei prodotti venduti dagli agricoltori (base 2020=100) - dati mensili,WINE,Vino,2020-12,98,,
M,Mensile,IT,Italia,76,Indice dei prezzi alla produzione dei prodotti venduti dagli agricoltori (base 2020=100) - dati mensili,WINE,Vino,2021-01,97,,
M,Mensile,IT,Italia,76,Indice dei prezzi alla produzione dei prodotti venduti dagli agricoltori (base 2020=100) - dati mensili,WINE,Vino,2021-02,98,,
M,Mensile,IT,Italia,76,Indice dei prezzi alla produzione dei prodotti venduti dagli agricoltori (base 2020=100) - dati mensili,WINE,Vino,2021-03,98,,
M,Mensile,IT,Italia,76,Indice dei prezzi alla produzione dei prodotti venduti dagli agricoltori (base 2020=100) - dati mensili,WINE,Vino,2021-04,98,,
M,Mensile,IT,Italia,76,Indice dei prezzi alla produzione dei prodotti venduti dagli agricoltori (base 2020=100) - dati mensili,WINE,Vino,2021-05,98,,
M,Mensile,IT,Italia,76,Indice dei prezzi alla produzione dei prodotti venduti dagli agricoltori (base 2020=100) - dati mensili,WINE,Vino,2021-06,99,,
M,Mensile,IT,Italia,76,Indice dei prezzi alla produzione dei prodotti venduti dagli agricoltori (base 2020=100) - dati mensili,WINE,Vino,2021-07,100,,
M,Mensile,IT,Italia,76,Indice dei prezzi alla produzione dei prodotti venduti dagli agricoltori (base 2020=100) - dati mensili,WINE,Vino,2021-08,101,,
M,Mensile,IT,Italia,76,Indice dei prezzi alla produzione dei prodotti venduti dagli agricoltori (base 2020=100) - dati mensili,WINE,Vino,2021-09,102,,
M,Mensile,IT,Italia,76,Indice dei prezzi alla produzione dei prodotti venduti dagli agricoltori (base 2020=100) - dati mensili,WINE,Vino,2021-10,104,,
M,Mensile,IT,Italia,76,Indice dei prezzi alla produzione dei prodotti venduti dagli agricoltori (base 2020=100) - dati mensili,WINE,Vino,2021-11,105,,
M,Mensile,IT,Italia,76,Indice dei prezzi alla produzione dei prodotti venduti dagli agricoltori (base 2020=100) - dati mensili,WINE,Vino,2021-12,106,,
M,Mensile,IT,Italia,76,Indice dei prezzi alla produzione dei prodotti venduti dagli agricoltori (base 2020=100) - dati mensili,WINE,Vino,2022-01,107,,
M,Mensile,IT,Italia,76,Indice dei prezzi alla produzione dei prodotti venduti dagli agricoltori (base 2020=100) - dati mensili,WINE,Vino,2022-02,110,,
M,Mensile,IT,Italia,76,Indice dei prezzi alla produzione dei prodotti venduti dagli agricoltori (base 2020=100) - dati mensili,WINE,Vino,2022-03,110,,
M,Mensile,IT,Italia,76,Indice dei prezzi alla produzione dei prodotti venduti dagli agricoltori (base 2020=100) - dati mensili,WINE,Vino,2022-04,109,,
M,Mensile,IT,Italia,76,Indice dei prezzi alla produzione dei prodotti venduti dagli agricoltori (base 2020=100) - dati mensili,WINE,Vino,2022-05,110,,
M,Mensile,IT,Italia,76,Indice dei prezzi alla produzione dei prodotti venduti dagli agricoltori (base 2020=100) - dati mensili,WINE,Vino,2022-06,109,,
M,Mensile,IT,Italia,76,Indice dei prezzi alla produzione dei prodotti venduti dagli agricoltori (base 2020=100) - dati mensili,WINE,Vino,2022-07,109,,
M,Mensile,IT,Italia,76,Indice dei prezzi alla produzione dei prodotti venduti dagli agricoltori (base 2020=100) - dati mensili,WINE,Vino,2022-08,109,,
M,Mensile,IT,Italia,76,Indice dei prezzi alla produzione dei prodotti venduti dagli agricoltori (base 2020=100) - dati mensili,WINE,Vino,2022-09,106,,
M,Mensile,IT,Italia,76,Indice dei prezzi alla produzione dei prodotti venduti dagli agricoltori (base 2020=100) - dati mensili,WINE,Vino,2022-10,108,,
M,Mensile,IT,Italia,76,Indice dei prezzi alla produzione dei prodotti venduti dagli agricoltori (base 2020=100) - dati mensili,WINE,Vino,2022-11,105,,
M,Mensile,IT,Italia,76,Indice dei prezzi alla produzione dei prodotti venduti dagli agricoltori (base 2020=100) - dati mensili,WINE,Vino,2022-12,105,,
M,Mensile,IT,Italia,76,Indice dei prezzi alla produzione dei prodotti venduti dagli agricoltori (base 2020=100) - dati mensili,WINE,Vino,2023-01,103,,
M,Mensile,IT,Italia,76,Indice dei prezzi alla produzione dei prodotti venduti dagli agricoltori (base 2020=100) - dati mensili,WINE,Vino,2023-02,102,,
M,Mensile,IT,Italia,76,Indice dei prezzi alla produzione dei prodotti venduti dagli agricoltori (base 2020=100) - dati mensili,WINE,Vino,2023-03,102,,
M,Mensile,IT,Italia,76,Indice dei prezzi alla produzione dei prodotti venduti dagli agricoltori (base 2020=100) - dati mensili,WINE,Vino,2023-04,102,,
M,Mensile,IT,Italia,76,Indice dei prezzi alla produzione dei prodotti venduti dagli agricoltori (base 2020=100) - dati mensili,WINE,Vino,2023-05,101,,
M,Mensile,IT,Italia,76,Indice dei prezzi alla produzione dei prodotti venduti dagli agricoltori (base 2020=100) - dati mensili,WINE,Vino,2023-06,101,,
M,Mensile,IT,Italia,76,Indice dei prezzi alla produzione dei prodotti venduti dagli agricoltori (base 2020=100) - dati mensili,WINE,Vino,2023-07,102,,
M,Mensile,IT,Italia,76,Indice dei prezzi alla produzione dei prodotti venduti dagli agricoltori (base 2020=100) - dati mensili,WINE,Vino,2023-08,102,,
M,Mensile,IT,Italia,76,Indice dei prezzi alla produzione dei prodotti venduti dagli agricoltori (base 2020=100) - dati mensili,WINE,Vino,2023-09,103,,
M,Mensile,IT,Italia,76,Indice dei prezzi alla produzione dei prodotti venduti dagli agricoltori (base 2020=100) - dati mensili,WINE,Vino,2023-10,109,,
M,Mensile,IT,Italia,76,Indice dei prezzi alla produzione dei prodotti venduti dagli agricoltori (base 2020=100) - dati mensili,WINE,Vino,2023-11,111,,
M,Mensile,IT,Italia,76,Indice dei prezzi alla produzione dei prodotti venduti dagli agricoltori (base 2020=100) - dati mensili,WINE,Vino,2023-12,111,,
M,Mensile,IT,Italia,76,Indice dei prezzi alla produzione dei prodotti venduti dagli agricoltori (base 2020=100) - dati mensili,WINE,Vino,2024-01,112,,
M,Mensile,IT,Italia,76,Indice dei prezzi alla produzione dei prodotti venduti dagli agricoltori (base 2020=100) - dati mensili,WINE,Vino,2024-02,113,,
M,Mensile,IT,Italia,76,Indice dei prezzi alla produzione dei prodotti venduti dagli agricoltori (base 2020=100) - dati mensili,WINE,Vino,2024-03,113,,
M,Mensile,IT,Italia,76,Indice dei prezzi alla produzione dei prodotti venduti dagli agricoltori (base 2020=100) - dati mensili,WINE,Vino,2024-04,113,,
M,Mensile,IT,Italia,76,Indice dei prezzi alla produzione dei prodotti venduti dagli agricoltori (base 2020=100) - dati mensili,WINE,Vino,2024-05,113,,
M,Mensile,IT,Italia,76,Indice dei prezzi alla produzione dei prodotti venduti dagli agricoltori (base 2020=100) - dati mensili,WINE,Vino,2024-06,113,,
M,Mensile,IT,Italia,76,Indice dei prezzi alla produzione dei prodotti venduti dagli agricoltori (base 2020=100) - dati mensili,WINE,Vino,2024-07,113,,
M,Mensile,IT,Italia,76,Indice dei prezzi alla produzione dei prodotti venduti dagli agricoltori (base 2020=100) - dati mensili,WINE,Vino,2024-08,112,,
M,Mensile,IT,Italia,76,Indice dei prezzi alla produzione dei prodotti venduti dagli agricoltori (base 2020=100) - dati mensili,WINE,Vino,2024-09,112,,
M,Mensile,IT,Italia,76,Indice dei prezzi alla produzione dei prodotti venduti dagli agricoltori (base 2020=100) - dati mensili,WINE,Vino,2024-10,113,,
M,Mensile,IT,Italia,76,Indice dei prezzi alla produzione dei prodotti venduti dagli agricoltori (base 2020=100) - dati mensili,WINE,Vino,2024-11,113,,
M,Mensile,IT,Italia,76,Indice dei prezzi alla produzione dei prodotti venduti dagli agricoltori (base 2020=100) - dati mensili,WINE,Vino,2024-12,113,,
M,Mensile,IT,Italia,76,Indice dei prezzi alla produzione dei prodotti venduti dagli agricoltori (base 2020=100) - dati mensili,WINE,Vino,2025-01,114,,
M,Mensile,IT,Italia,76,Indice dei prezzi alla produzione dei prodotti venduti dagli agricoltori (base 2020=100) - dati mensili,WINE,Vino,2025-02,115,,
M,Mensile,IT,Italia,76,Indice dei prezzi alla produzione dei prodotti venduti dagli agricoltori (base 2020=100) - dati mensili,WINE,Vino,2025-03,115,,
M,Mensile,IT,Italia,76,Indice dei prezzi alla produzione dei prodotti venduti dagli agricoltori (base 2020=100) - dati mensili,WINE,Vino,2025-04,115,,
M,Mensile,IT,Italia,76,Indice dei prezzi alla produzione dei prodotti venduti dagli agricoltori (base 2020=100) - dati mensili,WINE,Vino,2025-05,115,,
M,Mensile,IT,Italia,76,Indice dei prezzi alla produzione dei prodotti venduti dagli agricoltori (base 2020=100) - dati mensili,WINE,Vino,2025-06,114,,
M,Mensile,IT,Italia,76,Indice dei prezzi alla produzione dei prodotti venduti dagli agricoltori (base 2020=100) - dati mensili,WINE,Vino,2025-07,114,,
M,Mensile,IT,Italia,76,Indice dei prezzi alla produzione dei prodotti venduti dagli agricoltori (base 2020=100) - dati mensili,WINE,Vino,2025-08,114,,
M,Mensile,IT,Italia,76,Indice dei prezzi alla produzione dei prodotti venduti dagli agricoltori (base 2020=100) - dati mensili,WINE,Vino,2025-09,111,,
M,Mensile,IT,Italia,76,Indice dei prezzi alla produzione dei prodotti venduti dagli agricoltori (base 2020=100) - dati mensili,WINE,Vino,2025-10,113,,
M,Mensile,IT,Italia,76,Indice dei prezzi alla produzione dei prodotti venduti dagli agricoltori (base 2020=100) - dati mensili,WINE,Vino,2025-11,113,,
M,Mensile,IT,Italia,76,Indice dei prezzi alla produzione dei prodotti venduti dagli agricoltori (base 2020=100) - dati mensili,WINE,Vino,2025-12,112,,
M,Mensile,IT,Italia,76,Indice dei prezzi alla produzione dei prodotti venduti dagli agricoltori (base 2020=100) - dati mensili,WINE,Vino,2026-01,111,p,Dato provvisorio
M,Mensile,IT,Italia,76,Indice dei prezzi alla produzione dei prodotti venduti dagli agricoltori (base 2020=100) - dati mensili,WINE,Vino,2026-02,111,p,Dato provvisorio
M,Mensile,IT,Italia,76,Indice dei prezzi alla produzione dei prodotti venduti dagli agricoltori (base 2020=100) - dati mensili,WINE,Vino,2026-03,111,p,Dato provvisorio
M,Mensile,IT,Italia,76,Indice dei prezzi alla produzione dei prodotti venduti dagli agricoltori (base 2020=100) - dati mensili,OLIVE,'Olio d"'oliva',2020-01,97,,
M,Mensile,IT,Italia,76,Indice dei prezzi alla produzione dei prodotti venduti dagli agricoltori (base 2020=100) - dati mensili,OLIVE,'Olio d"'oliva',2020-02,97,,
M,Mensile,IT,Italia,76,Indice dei prezzi alla produzione dei prodotti venduti dagli agricoltori (base 2020=100) - dati mensili,OLIVE,'Olio d"'oliva',2020-03,98,,
M,Mensile,IT,Italia,76,Indice dei prezzi alla produzione dei prodotti venduti dagli agricoltori (base 2020=100) - dati mensili,OLIVE,'Olio d"'oliva',2020-04,97,,
M,Mensile,IT,Italia,76,Indice dei prezzi alla produzione dei prodotti venduti dagli agricoltori (base 2020=100) - dati mensili,OLIVE,'Olio d"'oliva',2020-05,96,,
M,Mensile,IT,Italia,76,Indice dei prezzi alla produzione dei prodotti venduti dagli agricoltori (base 2020=100) - dati mensili,OLIVE,'Olio d"'oliva',2020-06,97,,
M,Mensile,IT,Italia,76,Indice dei prezzi alla produzione dei prodotti venduti dagli agricoltori (base 2020=100) - dati mensili,OLIVE,'Olio d"'oliva',2020-07,98,,
M,Mensile,IT,Italia,76,Indice dei prezzi alla produzione dei prodotti venduti dagli agricoltori (base 2020=100) - dati mensili,OLIVE,'Olio d"'oliva',2020-08,99,,
M,Mensile,IT,Italia,76,Indice dei prezzi alla produzione dei prodotti venduti dagli agricoltori (base 2020=100) - dati mensili,OLIVE,'Olio d"'oliva',2020-09,102,,
M,Mensile,IT,Italia,76,Indice dei prezzi alla produzione dei prodotti venduti dagli agricoltori (base 2020=100) - dati mensili,OLIVE,'Olio d"'oliva',2020-10,104,,
M,Mensile,IT,Italia,76,Indice dei prezzi alla produzione dei prodotti venduti dagli agricoltori (base 2020=100) - dati mensili,OLIVE,'Olio d"'oliva',2020-11,107,,
M,Mensile,IT,Italia,76,Indice dei prezzi alla produzione dei prodotti venduti dagli agricoltori (base 2020=100) - dati mensili,OLIVE,'Olio d"'oliva',2020-12,107,,
M,Mensile,IT,Italia,76,Indice dei prezzi alla produzione dei prodotti venduti dagli agricoltori (base 2020=100) - dati mensili,OLIVE,'Olio d"'oliva',2021-01,108,,
M,Mensile,IT,Italia,76,Indice dei prezzi alla produzione dei prodotti venduti dagli agricoltori (base 2020=100) - dati mensili,OLIVE,'Olio d"'oliva',2021-02,108,,
M,Mensile,IT,Italia,76,Indice dei prezzi alla produzione dei prodotti venduti dagli agricoltori (base 2020=100) - dati mensili,OLIVE,'Olio d"'oliva',2021-03,108,,
M,Mensile,IT,Italia,76,Indice dei prezzi alla produzione dei prodotti venduti dagli agricoltori (base 2020=100) - dati mensili,OLIVE,'Olio d"'oliva',2021-04,114,,
M,Mensile,IT,Italia,76,Indice dei prezzi alla produzione dei prodotti venduti dagli agricoltori (base 2020=100) - dati mensili,OLIVE,'Olio d"'oliva',2021-05,114,,
M,Mensile,IT,Italia,76,Indice dei prezzi alla produzione dei prodotti venduti dagli agricoltori (base 2020=100) - dati mensili,OLIVE,'Olio d"'oliva',2021-06,112,,
M,Mensile,IT,Italia,76,Indice dei prezzi alla produzione dei prodotti venduti dagli agricoltori (base 2020=100) - dati mensili,OLIVE,'Olio d"'oliva',2021-07,109,,
M,Mensile,IT,Italia,76,Indice dei prezzi alla produzione dei prodotti venduti dagli agricoltori (base 2020=100) - dati mensili,OLIVE,'Olio d"'oliva',2021-08,109,,
M,Mensile,IT,Italia,76,Indice dei prezzi alla produzione dei prodotti venduti dagli agricoltori (base 2020=100) - dati mensili,OLIVE,'Olio d"'oliva',2021-09,110,,
M,Mensile,IT,Italia,76,Indice dei prezzi alla produzione dei prodotti venduti dagli agricoltori (base 2020=100) - dati mensili,OLIVE,'Olio d"'oliva',2021-10,112,,
M,Mensile,IT,Italia,76,Indice dei prezzi alla produzione dei prodotti venduti dagli agricoltori (base 2020=100) - dati mensili,OLIVE,'Olio d"'oliva',2021-11,112,,
M,Mensile,IT,Italia,76,Indice dei prezzi alla produzione dei prodotti venduti dagli agricoltori (base 2020=100) - dati mensili,OLIVE,'Olio d"'oliva',2021-12,114,,
M,Mensile,IT,Italia,76,Indice dei prezzi alla produzione dei prodotti venduti dagli agricoltori (base 2020=100) - dati mensili,OLIVE,'Olio d"'oliva',2022-01,115,,
M,Mensile,IT,Italia,76,Indice dei prezzi alla produzione dei prodotti venduti dagli agricoltori (base 2020=100) - dati mensili,OLIVE,'Olio d"'oliva',2022-02,115,,
M,Mensile,IT,Italia,76,Indice dei prezzi alla produzione dei prodotti venduti dagli agricoltori (base 2020=100) - dati mensili,OLIVE,'Olio d"'oliva',2022-03,117,,
M,Mensile,IT,Italia,76,Indice dei prezzi alla produzione dei prodotti venduti dagli agricoltori (base 2020=100) - dati mensili,OLIVE,'Olio d"'oliva',2022-04,117,,
M,Mensile,IT,Italia,76,Indice dei prezzi alla produzione dei prodotti venduti dagli agricoltori (base 2020=100) - dati mensili,OLIVE,'Olio d"'oliva',2022-05,117,,
M,Mensile,IT,Italia,76,Indice dei prezzi alla produzione dei prodotti venduti dagli agricoltori (base 2020=100) - dati mensili,OLIVE,'Olio d"'oliva',2022-06,117,,
M,Mensile,IT,Italia,76,Indice dei prezzi alla produzione dei prodotti venduti dagli agricoltori (base 2020=100) - dati mensili,OLIVE,'Olio d"'oliva',2022-07,119,,
M,Mensile,IT,Italia,76,Indice dei prezzi alla produzione dei prodotti venduti dagli agricoltori (base 2020=100) - dati mensili,OLIVE,'Olio d"'oliva',2022-08,124,,
M,Mensile,IT,Italia,76,Indice dei prezzi alla produzione dei prodotti venduti dagli agricoltori (base 2020=100) - dati mensili,OLIVE,'Olio d"'oliva',2022-09,130,,
M,Mensile,IT,Italia,76,Indice dei prezzi alla produzione dei prodotti venduti dagli agricoltori (base 2020=100) - dati mensili,OLIVE,'Olio d"'oliva',2022-10,138,,
M,Mensile,IT,Italia,76,Indice dei prezzi alla produzione dei prodotti venduti dagli agricoltori (base 2020=100) - dati mensili,OLIVE,'Olio d"'oliva',2022-11,144,,
M,Mensile,IT,Italia,76,Indice dei prezzi alla produzione dei prodotti venduti dagli agricoltori (base 2020=100) - dati mensili,OLIVE,'Olio d"'oliva',2022-12,147,,
M,Mensile,IT,Italia,76,Indice dei prezzi alla produzione dei prodotti venduti dagli agricoltori (base 2020=100) - dati mensili,OLIVE,'Olio d"'oliva',2023-01,136,,
M,Mensile,IT,Italia,76,Indice dei prezzi alla produzione dei prodotti venduti dagli agricoltori (base 2020=100) - dati mensili,OLIVE,'Olio d"'oliva',2023-02,137,,
M,Mensile,IT,Italia,76,Indice dei prezzi alla produzione dei prodotti venduti dagli agricoltori (base 2020=100) - dati mensili,OLIVE,'Olio d"'oliva',2023-03,137,,
M,Mensile,IT,Italia,76,Indice dei prezzi alla produzione dei prodotti venduti dagli agricoltori (base 2020=100) - dati mensili,OLIVE,'Olio d"'oliva',2023-04,139,,
M,Mensile,IT,Italia,76,Indice dei prezzi alla produzione dei prodotti venduti dagli agricoltori (base 2020=100) - dati mensili,OLIVE,'Olio d"'oliva',2023-05,143,,
M,Mensile,IT,Italia,76,Indice dei prezzi alla produzione dei prodotti venduti dagli agricoltori (base 2020=100) - dati mensili,OLIVE,'Olio d"'oliva',2023-06,149,,
M,Mensile,IT,Italia,76,Indice dei prezzi alla produzione dei prodotti venduti dagli agricoltori (base 2020=100) - dati mensili,OLIVE,'Olio d"'oliva',2023-07,157,,
M,Mensile,IT,Italia,76,Indice dei prezzi alla produzione dei prodotti venduti dagli agricoltori (base 2020=100) - dati mensili,OLIVE,'Olio d"'oliva',2023-08,165,,
M,Mensile,IT,Italia,76,Indice dei prezzi alla produzione dei prodotti venduti dagli agricoltori (base 2020=100) - dati mensili,OLIVE,'Olio d"'oliva',2023-09,181,,
M,Mensile,IT,Italia,76,Indice dei prezzi alla produzione dei prodotti venduti dagli agricoltori (base 2020=100) - dati mensili,OLIVE,'Olio d"'oliva',2023-10,188,,
M,Mensile,IT,Italia,76,Indice dei prezzi alla produzione dei prodotti venduti dagli agricoltori (base 2020=100) - dati mensili,OLIVE,'Olio d"'oliva',2023-11,189,,
M,Mensile,IT,Italia,76,Indice dei prezzi alla produzione dei prodotti venduti dagli agricoltori (base 2020=100) - dati mensili,OLIVE,'Olio d"'oliva',2023-12,198,,
M,Mensile,IT,Italia,76,Indice dei prezzi alla produzione dei prodotti venduti dagli agricoltori (base 2020=100) - dati mensili,OLIVE,'Olio d"'oliva',2024-01,217,,
M,Mensile,IT,Italia,76,Indice dei prezzi alla produzione dei prodotti venduti dagli agricoltori (base 2020=100) - dati mensili,OLIVE,'Olio d"'oliva',2024-02,215,,
M,Mensile,IT,Italia,76,Indice dei prezzi alla produzione dei prodotti venduti dagli agricoltori (base 2020=100) - dati mensili,OLIVE,'Olio d"'oliva',2024-03,214,,
M,Mensile,IT,Italia,76,Indice dei prezzi alla produzione dei prodotti venduti dagli agricoltori (base 2020=100) - dati mensili,OLIVE,'Olio d"'oliva',2024-04,207,,
M,Mensile,IT,Italia,76,Indice dei prezzi alla produzione dei prodotti venduti dagli agricoltori (base 2020=100) - dati mensili,OLIVE,'Olio d"'oliva',2024-05,207,,
M,Mensile,IT,Italia,76,Indice dei prezzi alla produzione dei prodotti venduti dagli agricoltori (base 2020=100) - dati mensili,OLIVE,'Olio d"'oliva',2024-06,206,,
M,Mensile,IT,Italia,76,Indice dei prezzi alla produzione dei prodotti venduti dagli agricoltori (base 2020=100) - dati mensili,OLIVE,'Olio d"'oliva',2024-07,202,,
M,Mensile,IT,Italia,76,Indice dei prezzi alla produzione dei prodotti venduti dagli agricoltori (base 2020=100) - dati mensili,OLIVE,'Olio d"'oliva',2024-08,198,,
M,Mensile,IT,Italia,76,Indice dei prezzi alla produzione dei prodotti venduti dagli agricoltori (base 2020=100) - dati mensili,OLIVE,'Olio d"'oliva',2024-09,198,,
M,Mensile,IT,Italia,76,Indice dei prezzi alla produzione dei prodotti venduti dagli agricoltori (base 2020=100) - dati mensili,OLIVE,'Olio d"'oliva',2024-10,203,,
M,Mensile,IT,Italia,76,Indice dei prezzi alla produzione dei prodotti venduti dagli agricoltori (base 2020=100) - dati mensili,OLIVE,'Olio d"'oliva',2024-11,200,,
M,Mensile,IT,Italia,76,Indice dei prezzi alla produzione dei prodotti venduti dagli agricoltori (base 2020=100) - dati mensili,OLIVE,'Olio d"'oliva',2024-12,204,,
M,Mensile,IT,Italia,76,Indice dei prezzi alla produzione dei prodotti venduti dagli agricoltori (base 2020=100) - dati mensili,OLIVE,'Olio d"'oliva',2025-01,201,,
M,Mensile,IT,Italia,76,Indice dei prezzi alla produzione dei prodotti venduti dagli agricoltori (base 2020=100) - dati mensili,OLIVE,'Olio d"'oliva',2025-02,200,,
M,Mensile,IT,Italia,76,Indice dei prezzi alla produzione dei prodotti venduti dagli agricoltori (base 2020=100) - dati mensili,OLIVE,'Olio d"'oliva',2025-03,199,,
M,Mensile,IT,Italia,76,Indice dei prezzi alla produzione dei prodotti venduti dagli agricoltori (base 2020=100) - dati mensili,OLIVE,'Olio d"'oliva',2025-04,202,,
M,Mensile,IT,Italia,76,Indice dei prezzi alla produzione dei prodotti venduti dagli agricoltori (base 2020=100) - dati mensili,OLIVE,'Olio d"'oliva',2025-05,203,,
M,Mensile,IT,Italia,76,Indice dei prezzi alla produzione dei prodotti venduti dagli agricoltori (base 2020=100) - dati mensili,OLIVE,'Olio d"'oliva',2025-06,202,,
M,Mensile,IT,Italia,76,Indice dei prezzi alla produzione dei prodotti venduti dagli agricoltori (base 2020=100) - dati mensili,OLIVE,'Olio d"'oliva',2025-07,200,,
M,Mensile,IT,Italia,76,Indice dei prezzi alla produzione dei prodotti venduti dagli agricoltori (base 2020=100) - dati mensili,OLIVE,'Olio d"'oliva',2025-08,200,,
M,Mensile,IT,Italia,76,Indice dei prezzi alla produzione dei prodotti venduti dagli agricoltori (base 2020=100) - dati mensili,OLIVE,'Olio d"'oliva',2025-09,200,,
M,Mensile,IT,Italia,76,Indice dei prezzi alla produzione dei prodotti venduti dagli agricoltori (base 2020=100) - dati mensili,OLIVE,'Olio d"'oliva',2025-10,192,,
M,Mensile,IT,Italia,76,Indice dei prezzi alla produzione dei prodotti venduti dagli agricoltori (base 2020=100) - dati mensili,OLIVE,'Olio d"'oliva',2025-11,179,,
M,Mensile,IT,Italia,76,Indice dei prezzi alla produzione dei prodotti venduti dagli agricoltori (base 2020=100) - dati mensili,OLIVE,'Olio d"'oliva',2025-12,176,,
M,Mensile,IT,Italia,76,Indice dei prezzi alla produzione dei prodotti venduti dagli agricoltori (base 2020=100) - dati mensili,OLIVE,'Olio d"'oliva',2026-01,177,p,Dato provvisorio
M,Mensile,IT,Italia,76,Indice dei prezzi alla produzione dei prodotti venduti dagli agricoltori (base 2020=100) - dati mensili,OLIVE,'Olio d"'oliva',2026-02,177,p,Dato provvisorio
M,Mensile,IT,Italia,76,Indice dei prezzi alla produzione dei prodotti venduti dagli agricoltori (base 2020=100) - dati mensili,OLIVE,'Olio d"'oliva',2026-03,177,p,Dato provvisorio
M,Mensile,IT,Italia,76,Indice dei prezzi alla produzione dei prodotti venduti dagli agricoltori (base 2020=100) - dati mensili,ANIMATPUT,Animali e prodotti animali,2020-01,105,,
M,Mensile,IT,Italia,76,Indice dei prezzi alla produzione dei prodotti venduti dagli agricoltori (base 2020=100) - dati mensili,ANIMATPUT,Animali e prodotti animali,2020-02,104,,
M,Mensile,IT,Italia,76,Indice dei prezzi alla produzione dei prodotti venduti dagli agricoltori (base 2020=100) - dati mensili,ANIMATPUT,Animali e prodotti animali,2020-03,104,,
M,Mensile,IT,Italia,76,Indice dei prezzi alla produzione dei prodotti venduti dagli agricoltori (base 2020=100) - dati mensili,ANIMATPUT,Animali e prodotti animali,2020-04,99,,
M,Mensile,IT,Italia,76,Indice dei prezzi alla produzione dei prodotti venduti dagli agricoltori (base 2020=100) - dati mensili,ANIMATPUT,Animali e prodotti animali,2020-05,94,,
M,Mensile,IT,Italia,76,Indice dei prezzi alla produzione dei prodotti venduti dagli agricoltori (base 2020=100) - dati mensili,ANIMATPUT,Animali e prodotti animali,2020-06,94,,
M,Mensile,IT,Italia,76,Indice dei prezzi alla produzione dei prodotti venduti dagli agricoltori (base 2020=100) - dati mensili,ANIMATPUT,Animali e prodotti animali,2020-07,96,,
M,Mensile,IT,Italia,76,Indice dei prezzi alla produzione dei prodotti venduti dagli agricoltori (base 2020=100) - dati mensili,ANIMATPUT,Animali e prodotti animali,2020-08,99,,
M,Mensile,IT,Italia,76,Indice dei prezzi alla produzione dei prodotti venduti dagli agricoltori (base 2020=100) - dati mensili,ANIMATPUT,Animali e prodotti animali,2020-09,101,,
M,Mensile,IT,Italia,76,Indice dei prezzi alla produzione dei prodotti venduti dagli agricoltori (base 2020=100) - dati mensili,ANIMATPUT,Animali e prodotti animali,2020-10,103,,
M,Mensile,IT,Italia,76,Indice dei prezzi alla produzione dei prodotti venduti dagli agricoltori (base 2020=100) - dati mensili,ANIMATPUT,Animali e prodotti animali,2020-11,101,,
M,Mensile,IT,Italia,76,Indice dei prezzi alla produzione dei prodotti venduti dagli agricoltori (base 2020=100) - dati mensili,ANIMATPUT,Animali e prodotti animali,2020-12,99,,
M,Mensile,IT,Italia,76,Indice dei prezzi alla produzione dei prodotti venduti dagli agricoltori (base 2020=100) - dati mensili,ANIMATPUT,Animali e prodotti animali,2021-01,98,,
M,Mensile,IT,Italia,76,Indice dei prezzi alla produzione dei prodotti venduti dagli agricoltori (base 2020=100) - dati mensili,ANIMATPUT,Animali e prodotti animali,2021-02,100,,
M,Mensile,IT,Italia,76,Indice dei prezzi alla produzione dei prodotti venduti dagli agricoltori (base 2020=100) - dati mensili,ANIMATPUT,Animali e prodotti animali,2021-03,101,,
M,Mensile,IT,Italia,76,Indice dei prezzi alla produzione dei prodotti venduti dagli agricoltori (base 2020=100) - dati mensili,ANIMATPUT,Animali e prodotti animali,2021-04,100,,
M,Mensile,IT,Italia,76,Indice dei prezzi alla produzione dei prodotti venduti dagli agricoltori (base 2020=100) - dati mensili,ANIMATPUT,Animali e prodotti animali,2021-05,102,,
M,Mensile,IT,Italia,76,Indice dei prezzi alla produzione dei prodotti venduti dagli agricoltori (base 2020=100) - dati mensili,ANIMATPUT,Animali e prodotti animali,2021-06,104,,
M,Mensile,IT,Italia,76,Indice dei prezzi alla produzione dei prodotti venduti dagli agricoltori (base 2020=100) - dati mensili,ANIMATPUT,Animali e prodotti animali,2021-07,104,,
M,Mensile,IT,Italia,76,Indice dei prezzi alla produzione dei prodotti venduti dagli agricoltori (base 2020=100) - dati mensili,ANIMATPUT,Animali e prodotti animali,2021-08,106,,
M,Mensile,IT,Italia,76,Indice dei prezzi alla produzione dei prodotti venduti dagli agricoltori (base 2020=100) - dati mensili,ANIMATPUT,Animali e prodotti animali,2021-09,107,,
M,Mensile,IT,Italia,76,Indice dei prezzi alla produzione dei prodotti venduti dagli agricoltori (base 2020=100) - dati mensili,ANIMATPUT,Animali e prodotti animali,2021-10,108,,
M,Mensile,IT,Italia,76,Indice dei prezzi alla produzione dei prodotti venduti dagli agricoltori (base 2020=100) - dati mensili,ANIMATPUT,Animali e prodotti animali,2021-11,111,,
M,Mensile,IT,Italia,76,Indice dei prezzi alla produzione dei prodotti venduti dagli agricoltori (base 2020=100) - dati mensili,ANIMATPUT,Animali e prodotti animali,2021-12,115,,
M,Mensile,IT,Italia,76,Indice dei prezzi alla produzione dei prodotti venduti dagli agricoltori (base 2020=100) - dati mensili,ANIMATPUT,Animali e prodotti animali,2022-01,119,,
M,Mensile,IT,Italia,76,Indice dei prezzi alla produzione dei prodotti venduti dagli agricoltori (base 2020=100) - dati mensili,ANIMATPUT,Animali e prodotti animali,2022-02,118,,
M,Mensile,IT,Italia,76,Indice dei prezzi alla produzione dei prodotti venduti dagli agricoltori (base 2020=100) - dati mensili,ANIMATPUT,Animali e prodotti animali,2022-03,122,,
M,Mensile,IT,Italia,76,Indice dei prezzi alla produzione dei prodotti venduti dagli agricoltori (base 2020=100) - dati mensili,ANIMATPUT,Animali e prodotti animali,2022-04,127,,
M,Mensile,IT,Italia,76,Indice dei prezzi alla produzione dei prodotti venduti dagli agricoltori (base 2020=100) - dati mensili,ANIMATPUT,Animali e prodotti animali,2022-05,126,,
M,Mensile,IT,Italia,76,Indice dei prezzi alla produzione dei prodotti venduti dagli agricoltori (base 2020=100) - dati mensili,ANIMATPUT,Animali e prodotti animali,2022-06,126,,
M,Mensile,IT,Italia,76,Indice dei prezzi alla produzione dei prodotti venduti dagli agricoltori (base 2020=100) - dati mensili,ANIMATPUT,Animali e prodotti animali,2022-07,128,,
M,Mensile,IT,Italia,76,Indice dei prezzi alla produzione dei prodotti venduti dagli agricoltori (base 2020=100) - dati mensili,ANIMATPUT,Animali e prodotti animali,2022-08,131,,
M,Mensile,IT,Italia,76,Indice dei prezzi alla produzione dei prodotti venduti dagli agricoltori (base 2020=100) - dati mensili,ANIMATPUT,Animali e prodotti animali,2022-09,137,,
M,Mensile,IT,Italia,76,Indice dei prezzi alla produzione dei prodotti venduti dagli agricoltori (base 2020=100) - dati mensili,ANIMATPUT,Animali e prodotti animali,2022-10,139,,
M,Mensile,IT,Italia,76,Indice dei prezzi alla produzione dei prodotti venduti dagli agricoltori (base 2020=100) - dati mensili,ANIMATPUT,Animali e prodotti animali,2022-11,141,,
M,Mensile,IT,Italia,76,Indice dei prezzi alla produzione dei prodotti venduti dagli agricoltori (base 2020=100) - dati mensili,ANIMATPUT,Animali e prodotti animali,2022-12,141,,
M,Mensile,IT,Italia,76,Indice dei prezzi alla produzione dei prodotti venduti dagli agricoltori (base 2020=100) - dati mensili,ANIMATPUT,Animali e prodotti animali,2023-01,137,,
M,Mensile,IT,Italia,76,Indice dei prezzi alla produzione dei prodotti venduti dagli agricoltori (base 2020=100) - dati mensili,ANIMATPUT,Animali e prodotti animali,2023-02,137,,
M,Mensile,IT,Italia,76,Indice dei prezzi alla produzione dei prodotti venduti dagli agricoltori (base 2020=100) - dati mensili,ANIMATPUT,Animali e prodotti animali,2023-03,139,,
M,Mensile,IT,Italia,76,Indice dei prezzi alla produzione dei prodotti venduti dagli agricoltori (base 2020=100) - dati mensili,ANIMATPUT,Animali e prodotti animali,2023-04,139,,
M,Mensile,IT,Italia,76,Indice dei prezzi alla produzione dei prodotti venduti dagli agricoltori (base 2020=100) - dati mensili,ANIMATPUT,Animali e prodotti animali,2023-05,138,,
M,Mensile,IT,Italia,76,Indice dei prezzi alla produzione dei prodotti venduti dagli agricoltori (base 2020=100) - dati mensili,ANIMATPUT,Animali e prodotti animali,2023-06,137,,
M,Mensile,IT,Italia,76,Indice dei prezzi alla produzione dei prodotti venduti dagli agricoltori (base 2020=100) - dati mensili,ANIMATPUT,Animali e prodotti animali,2023-07,138,,
M,Mensile,IT,Italia,76,Indice dei prezzi alla produzione dei prodotti venduti dagli agricoltori (base 2020=100) - dati mensili,ANIMATPUT,Animali e prodotti animali,2023-08,138,,
M,Mensile,IT,Italia,76,Indice dei prezzi alla produzione dei prodotti venduti dagli agricoltori (base 2020=100) - dati mensili,ANIMATPUT,Animali e prodotti animali,2023-09,140,,
M,Mensile,IT,Italia,76,Indice dei prezzi alla produzione dei prodotti venduti dagli agricoltori (base 2020=100) - dati mensili,ANIMATPUT,Animali e prodotti animali,2023-10,139,,
M,Mensile,IT,Italia,76,Indice dei prezzi alla produzione dei prodotti venduti dagli agricoltori (base 2020=100) - dati mensili,ANIMATPUT,Animali e prodotti animali,2023-11,140,,
M,Mensile,IT,Italia,76,Indice dei prezzi alla produzione dei prodotti venduti dagli agricoltori (base 2020=100) - dati mensili,ANIMATPUT,Animali e prodotti animali,2023-12,138,,
M,Mensile,IT,Italia,76,Indice dei prezzi alla produzione dei prodotti venduti dagli agricoltori (base 2020=100) - dati mensili,ANIMATPUT,Animali e prodotti animali,2024-01,135,,
M,Mensile,IT,Italia,76,Indice dei prezzi alla produzione dei prodotti venduti dagli agricoltori (base 2020=100) - dati mensili,ANIMATPUT,Animali e prodotti animali,2024-02,134,,
M,Mensile,IT,Italia,76,Indice dei prezzi alla produzione dei prodotti venduti dagli agricoltori (base 2020=100) - dati mensili,ANIMATPUT,Animali e prodotti animali,2024-03,134,,
M,Mensile,IT,Italia,76,Indice dei prezzi alla produzione dei prodotti venduti dagli agricoltori (base 2020=100) - dati mensili,ANIMATPUT,Animali e prodotti animali,2024-04,134,,
M,Mensile,IT,Italia,76,Indice dei prezzi alla produzione dei prodotti venduti dagli agricoltori (base 2020=100) - dati mensili,ANIMATPUT,Animali e prodotti animali,2024-05,134,,
M,Mensile,IT,Italia,76,Indice dei prezzi alla produzione dei prodotti venduti dagli agricoltori (base 2020=100) - dati mensili,ANIMATPUT,Animali e prodotti animali,2024-06,135,,
M,Mensile,IT,Italia,76,Indice dei prezzi alla produzione dei prodotti venduti dagli agricoltori (base 2020=100) - dati mensili,ANIMATPUT,Animali e prodotti animali,2024-07,137,,
M,Mensile,IT,Italia,76,Indice dei prezzi alla produzione dei prodotti venduti dagli agricoltori (base 2020=100) - dati mensili,ANIMATPUT,Animali e prodotti animali,2024-08,139,,
M,Mensile,IT,Italia,76,Indice dei prezzi alla produzione dei prodotti venduti dagli agricoltori (base 2020=100) - dati mensili,ANIMATPUT,Animali e prodotti animali,2024-09,144,,
M,Mensile,IT,Italia,76,Indice dei prezzi alla produzione dei prodotti venduti dagli agricoltori (base 2020=100) - dati mensili,ANIMATPUT,Animali e prodotti animali,2024-10,149,,
M,Mensile,IT,Italia,76,Indice dei prezzi alla produzione dei prodotti venduti dagli agricoltori (base 2020=100) - dati mensili,ANIMATPUT,Animali e prodotti animali,2024-11,150,,
M,Mensile,IT,Italia,76,Indice dei prezzi alla produzione dei prodotti venduti dagli agricoltori (base 2020=100) - dati mensili,ANIMATPUT,Animali e prodotti animali,2024-12,149,,
M,Mensile,IT,Italia,76,Indice dei prezzi alla produzione dei prodotti venduti dagli agricoltori (base 2020=100) - dati mensili,ANIMATPUT,Animali e prodotti animali,2025-01,147,,
M,Mensile,IT,Italia,76,Indice dei prezzi alla produzione dei prodotti venduti dagli agricoltori (base 2020=100) - dati mensili,ANIMATPUT,Animali e prodotti animali,2025-02,146,,
M,Mensile,IT,Italia,76,Indice dei prezzi alla produzione dei prodotti venduti dagli agricoltori (base 2020=100) - dati mensili,ANIMATPUT,Animali e prodotti animali,2025-03,147,,
M,Mensile,IT,Italia,76,Indice dei prezzi alla produzione dei prodotti venduti dagli agricoltori (base 2020=100) - dati mensili,ANIMATPUT,Animali e prodotti animali,2025-04,150,,
M,Mensile,IT,Italia,76,Indice dei prezzi alla produzione dei prodotti venduti dagli agricoltori (base 2020=100) - dati mensili,ANIMATPUT,Animali e prodotti animali,2025-05,152,,
M,Mensile,IT,Italia,76,Indice dei prezzi alla produzione dei prodotti venduti dagli agricoltori (base 2020=100) - dati mensili,ANIMATPUT,Animali e prodotti animali,2025-06,153,,
M,Mensile,IT,Italia,76,Indice dei prezzi alla produzione dei prodotti venduti dagli agricoltori (base 2020=100) - dati mensili,ANIMATPUT,Animali e prodotti animali,2025-07,155,,
M,Mensile,IT,Italia,76,Indice dei prezzi alla produzione dei prodotti venduti dagli agricoltori (base 2020=100) - dati mensili,ANIMATPUT,Animali e prodotti animali,2025-08,158,,
M,Mensile,IT,Italia,76,Indice dei prezzi alla produzione dei prodotti venduti dagli agricoltori (base 2020=100) - dati mensili,ANIMATPUT,Animali e prodotti animali,2025-09,160,,
M,Mensile,IT,Italia,76,Indice dei prezzi alla produzione dei prodotti venduti dagli agricoltori (base 2020=100) - dati mensili,ANIMATPUT,Animali e prodotti animali,2025-10,159,,
M,Mensile,IT,Italia,76,Indice dei prezzi alla produzione dei prodotti venduti dagli agricoltori (base 2020=100) - dati mensili,ANIMATPUT,Animali e prodotti animali,2025-11,157,,
M,Mensile,IT,Italia,76,Indice dei prezzi alla produzione dei prodotti venduti dagli agricoltori (base 2020=100) - dati mensili,ANIMATPUT,Animali e prodotti animali,2025-12,153,,
M,Mensile,IT,Italia,76,Indice dei prezzi alla produzione dei prodotti venduti dagli agricoltori (base 2020=100) - dati mensili,ANIMATPUT,Animali e prodotti animali,2026-01,147,p,Dato provvisorio
M,Mensile,IT,Italia,76,Indice dei prezzi alla produzione dei prodotti venduti dagli agricoltori (base 2020=100) - dati mensili,ANIMATPUT,Animali e prodotti animali,2026-02,145,p,Dato provvisorio
M,Mensile,IT,Italia,76,Indice dei prezzi alla produzione dei prodotti venduti dagli agricoltori (base 2020=100) - dati mensili,ANIMATPUT,Animali e prodotti animali,2026-03,146,p,Dato provvisorio
M,Mensile,IT,Italia,76,Indice dei prezzi alla produzione dei prodotti venduti dagli agricoltori (base 2020=100) - dati mensili,ANIMA,Animali,2020-01,106,,
M,Mensile,IT,Italia,76,Indice dei prezzi alla produzione dei prodotti venduti dagli agricoltori (base 2020=100) - dati mensili,ANIMA,Animali,2020-02,105,,
M,Mensile,IT,Italia,76,Indice dei prezzi alla produzione dei prodotti venduti dagli agricoltori (base 2020=100) - dati mensili,ANIMA,Animali,2020-03,107,,
M,Mensile,IT,Italia,76,Indice dei prezzi alla produzione dei prodotti venduti dagli agricoltori (base 2020=100) - dati mensili,ANIMA,Animali,2020-04,99,,
M,Mensile,IT,Italia,76,Indice dei prezzi alla produzione dei prodotti venduti dagli agricoltori (base 2020=100) - dati mensili,ANIMA,Animali,2020-05,91,,
M,Mensile,IT,Italia,76,Indice dei prezzi alla produzione dei prodotti venduti dagli agricoltori (base 2020=100) - dati mensili,ANIMA,Animali,2020-06,90,,
M,Mensile,IT,Italia,76,Indice dei prezzi alla produzione dei prodotti venduti dagli agricoltori (base 2020=100) - dati mensili,ANIMA,Animali,2020-07,94,,
M,Mensile,IT,Italia,76,Indice dei prezzi alla produzione dei prodotti venduti dagli agricoltori (base 2020=100) - dati mensili,ANIMA,Animali,2020-08,98,,
M,Mensile,IT,Italia,76,Indice dei prezzi alla produzione dei prodotti venduti dagli agricoltori (base 2020=100) - dati mensili,ANIMA,Animali,2020-09,103,,
M,Mensile,IT,Italia,76,Indice dei prezzi alla produzione dei prodotti venduti dagli agricoltori (base 2020=100) - dati mensili,ANIMA,Animali,2020-10,106,,
M,Mensile,IT,Italia,76,Indice dei prezzi alla produzione dei prodotti venduti dagli agricoltori (base 2020=100) - dati mensili,ANIMA,Animali,2020-11,103,,
M,Mensile,IT,Italia,76,Indice dei prezzi alla produzione dei prodotti venduti dagli agricoltori (base 2020=100) - dati mensili,ANIMA,Animali,2020-12,100,,
M,Mensile,IT,Italia,76,Indice dei prezzi alla produzione dei prodotti venduti dagli agricoltori (base 2020=100) - dati mensili,ANIMA,Animali,2021-01,99,,
M,Mensile,IT,Italia,76,Indice dei prezzi alla produzione dei prodotti venduti dagli agricoltori (base 2020=100) - dati mensili,ANIMA,Animali,2021-02,101,,
M,Mensile,IT,Italia,76,Indice dei prezzi alla produzione dei prodotti venduti dagli agricoltori (base 2020=100) - dati mensili,ANIMA,Animali,2021-03,103,,
M,Mensile,IT,Italia,76,Indice dei prezzi alla produzione dei prodotti venduti dagli agricoltori (base 2020=100) - dati mensili,ANIMA,Animali,2021-04,103,,
M,Mensile,IT,Italia,76,Indice dei prezzi alla produzione dei prodotti venduti dagli agricoltori (base 2020=100) - dati mensili,ANIMA,Animali,2021-05,104,,
M,Mensile,IT,Italia,76,Indice dei prezzi alla produzione dei prodotti venduti dagli agricoltori (base 2020=100) - dati mensili,ANIMA,Animali,2021-06,108,,
M,Mensile,IT,Italia,76,Indice dei prezzi alla produzione dei prodotti venduti dagli agricoltori (base 2020=100) - dati mensili,ANIMA,Animali,2021-07,107,,
M,Mensile,IT,Italia,76,Indice dei prezzi alla produzione dei prodotti venduti dagli agricoltori (base 2020=100) - dati mensili,ANIMA,Animali,2021-08,110,,
M,Mensile,IT,Italia,76,Indice dei prezzi alla produzione dei prodotti venduti dagli agricoltori (base 2020=100) - dati mensili,ANIMA,Animali,2021-09,110,,
M,Mensile,IT,Italia,76,Indice dei prezzi alla produzione dei prodotti venduti dagli agricoltori (base 2020=100) - dati mensili,ANIMA,Animali,2021-10,110,,
M,Mensile,IT,Italia,76,Indice dei prezzi alla produzione dei prodotti venduti dagli agricoltori (base 2020=100) - dati mensili,ANIMA,Animali,2021-11,113,,
M,Mensile,IT,Italia,76,Indice dei prezzi alla produzione dei prodotti venduti dagli agricoltori (base 2020=100) - dati mensili,ANIMA,Animali,2021-12,119,,
M,Mensile,IT,Italia,76,Indice dei prezzi alla produzione dei prodotti venduti dagli agricoltori (base 2020=100) - dati mensili,ANIMA,Animali,2022-01,123,,
M,Mensile,IT,Italia,76,Indice dei prezzi alla produzione dei prodotti venduti dagli agricoltori (base 2020=100) - dati mensili,ANIMA,Animali,2022-02,121,,
M,Mensile,IT,Italia,76,Indice dei prezzi alla produzione dei prodotti venduti dagli agricoltori (base 2020=100) - dati mensili,ANIMA,Animali,2022-03,126,,
M,Mensile,IT,Italia,76,Indice dei prezzi alla produzione dei prodotti venduti dagli agricoltori (base 2020=100) - dati mensili,ANIMA,Animali,2022-04,133,,
M,Mensile,IT,Italia,76,Indice dei prezzi alla produzione dei prodotti venduti dagli agricoltori (base 2020=100) - dati mensili,ANIMA,Animali,2022-05,128,,
M,Mensile,IT,Italia,76,Indice dei prezzi alla produzione dei prodotti venduti dagli agricoltori (base 2020=100) - dati mensili,ANIMA,Animali,2022-06,127,,
M,Mensile,IT,Italia,76,Indice dei prezzi alla produzione dei prodotti venduti dagli agricoltori (base 2020=100) - dati mensili,ANIMA,Animali,2022-07,128,,
M,Mensile,IT,Italia,76,Indice dei prezzi alla produzione dei prodotti venduti dagli agricoltori (base 2020=100) - dati mensili,ANIMA,Animali,2022-08,132,,
M,Mensile,IT,Italia,76,Indice dei prezzi alla produzione dei prodotti venduti dagli agricoltori (base 2020=100) - dati mensili,ANIMA,Animali,2022-09,138,,
M,Mensile,IT,Italia,76,Indice dei prezzi alla produzione dei prodotti venduti dagli agricoltori (base 2020=100) - dati mensili,ANIMA,Animali,2022-10,140,,
M,Mensile,IT,Italia,76,Indice dei prezzi alla produzione dei prodotti venduti dagli agricoltori (base 2020=100) - dati mensili,ANIMA,Animali,2022-11,142,,
M,Mensile,IT,Italia,76,Indice dei prezzi alla produzione dei prodotti venduti dagli agricoltori (base 2020=100) - dati mensili,ANIMA,Animali,2022-12,141,,
M,Mensile,IT,Italia,76,Indice dei prezzi alla produzione dei prodotti venduti dagli agricoltori (base 2020=100) - dati mensili,ANIMA,Animali,2023-01,134,,
M,Mensile,IT,Italia,76,Indice dei prezzi alla produzione dei prodotti venduti dagli agricoltori (base 2020=100) - dati mensili,ANIMA,Animali,2023-02,135,,
M,Mensile,IT,Italia,76,Indice dei prezzi alla produzione dei prodotti venduti dagli agricoltori (base 2020=100) - dati mensili,ANIMA,Animali,2023-03,139,,
M,Mensile,IT,Italia,76,Indice dei prezzi alla produzione dei prodotti venduti dagli agricoltori (base 2020=100) - dati mensili,ANIMA,Animali,2023-04,142,,
M,Mensile,IT,Italia,76,Indice dei prezzi alla produzione dei prodotti venduti dagli agricoltori (base 2020=100) - dati mensili,ANIMA,Animali,2023-05,141,,
M,Mensile,IT,Italia,76,Indice dei prezzi alla produzione dei prodotti venduti dagli agricoltori (base 2020=100) - dati mensili,ANIMA,Animali,2023-06,139,,
M,Mensile,IT,Italia,76,Indice dei prezzi alla produzione dei prodotti venduti dagli agricoltori (base 2020=100) - dati mensili,ANIMA,Animali,2023-07,139,,
M,Mensile,IT,Italia,76,Indice dei prezzi alla produzione dei prodotti venduti dagli agricoltori (base 2020=100) - dati mensili,ANIMA,Animali,2023-08,141,,
M,Mensile,IT,Italia,76,Indice dei prezzi alla produzione dei prodotti venduti dagli agricoltori (base 2020=100) - dati mensili,ANIMA,Animali,2023-09,143,,
M,Mensile,IT,Italia,76,Indice dei prezzi alla produzione dei prodotti venduti dagli agricoltori (base 2020=100) - dati mensili,ANIMA,Animali,2023-10,143,,
M,Mensile,IT,Italia,76,Indice dei prezzi alla produzione dei prodotti venduti dagli agricoltori (base 2020=100) - dati mensili,ANIMA,Animali,2023-11,144,,
M,Mensile,IT,Italia,76,Indice dei prezzi alla produzione dei prodotti venduti dagli agricoltori (base 2020=100) - dati mensili,ANIMA,Animali,2023-12,141,,
M,Mensile,IT,Italia,76,Indice dei prezzi alla produzione dei prodotti venduti dagli agricoltori (base 2020=100) - dati mensili,ANIMA,Animali,2024-01,133,,
M,Mensile,IT,Italia,76,Indice dei prezzi alla produzione dei prodotti venduti dagli agricoltori (base 2020=100) - dati mensili,ANIMA,Animali,2024-02,132,,
M,Mensile,IT,Italia,76,Indice dei prezzi alla produzione dei prodotti venduti dagli agricoltori (base 2020=100) - dati mensili,ANIMA,Animali,2024-03,133,,
M,Mensile,IT,Italia,76,Indice dei prezzi alla produzione dei prodotti venduti dagli agricoltori (base 2020=100) - dati mensili,ANIMA,Animali,2024-04,133,,
M,Mensile,IT,Italia,76,Indice dei prezzi alla produzione dei prodotti venduti dagli agricoltori (base 2020=100) - dati mensili,ANIMA,Animali,2024-05,132,,
M,Mensile,IT,Italia,76,Indice dei prezzi alla produzione dei prodotti venduti dagli agricoltori (base 2020=100) - dati mensili,ANIMA,Animali,2024-06,132,,
M,Mensile,IT,Italia,76,Indice dei prezzi alla produzione dei prodotti venduti dagli agricoltori (base 2020=100) - dati mensili,ANIMA,Animali,2024-07,133,,
M,Mensile,IT,Italia,76,Indice dei prezzi alla produzione dei prodotti venduti dagli agricoltori (base 2020=100) - dati mensili,ANIMA,Animali,2024-08,136,,
M,Mensile,IT,Italia,76,Indice dei prezzi alla produzione dei prodotti venduti dagli agricoltori (base 2020=100) - dati mensili,ANIMA,Animali,2024-09,142,,
M,Mensile,IT,Italia,76,Indice dei prezzi alla produzione dei prodotti venduti dagli agricoltori (base 2020=100) - dati mensili,ANIMA,Animali,2024-10,149,,
M,Mensile,IT,Italia,76,Indice dei prezzi alla produzione dei prodotti venduti dagli agricoltori (base 2020=100) - dati mensili,ANIMA,Animali,2024-11,149,,
M,Mensile,IT,Italia,76,Indice dei prezzi alla produzione dei prodotti venduti dagli agricoltori (base 2020=100) - dati mensili,ANIMA,Animali,2024-12,146,,
M,Mensile,IT,Italia,76,Indice dei prezzi alla produzione dei prodotti venduti dagli agricoltori (base 2020=100) - dati mensili,ANIMA,Animali,2025-01,144,,
M,Mensile,IT,Italia,76,Indice dei prezzi alla produzione dei prodotti venduti dagli agricoltori (base 2020=100) - dati mensili,ANIMA,Animali,2025-02,141,,
M,Mensile,IT,Italia,76,Indice dei prezzi alla produzione dei prodotti venduti dagli agricoltori (base 2020=100) - dati mensili,ANIMA,Animali,2025-03,143,,
M,Mensile,IT,Italia,76,Indice dei prezzi alla produzione dei prodotti venduti dagli agricoltori (base 2020=100) - dati mensili,ANIMA,Animali,2025-04,148,,
M,Mensile,IT,Italia,76,Indice dei prezzi alla produzione dei prodotti venduti dagli agricoltori (base 2020=100) - dati mensili,ANIMA,Animali,2025-05,149,,
M,Mensile,IT,Italia,76,Indice dei prezzi alla produzione dei prodotti venduti dagli agricoltori (base 2020=100) - dati mensili,ANIMA,Animali,2025-06,150,,
M,Mensile,IT,Italia,76,Indice dei prezzi alla produzione dei prodotti venduti dagli agricoltori (base 2020=100) - dati mensili,ANIMA,Animali,2025-07,153,,
M,Mensile,IT,Italia,76,Indice dei prezzi alla produzione dei prodotti venduti dagli agricoltori (base 2020=100) - dati mensili,ANIMA,Animali,2025-08,157,,
M,Mensile,IT,Italia,76,Indice dei prezzi alla produzione dei prodotti venduti dagli agricoltori (base 2020=100) - dati mensili,ANIMA,Animali,2025-09,161,,
M,Mensile,IT,Italia,76,Indice dei prezzi alla produzione dei prodotti venduti dagli agricoltori (base 2020=100) - dati mensili,ANIMA,Animali,2025-10,160,,
M,Mensile,IT,Italia,76,Indice dei prezzi alla produzione dei prodotti venduti dagli agricoltori (base 2020=100) - dati mensili,ANIMA,Animali,2025-11,157,,
M,Mensile,IT,Italia,76,Indice dei prezzi alla produzione dei prodotti venduti dagli agricoltori (base 2020=100) - dati mensili,ANIMA,Animali,2025-12,154,,
M,Mensile,IT,Italia,76,Indice dei prezzi alla produzione dei prodotti venduti dagli agricoltori (base 2020=100) - dati mensili,ANIMA,Animali,2026-01,148,p,Dato provvisorio
M,Mensile,IT,Italia,76,Indice dei prezzi alla produzione dei prodotti venduti dagli agricoltori (base 2020=100) - dati mensili,ANIMA,Animali,2026-02,146,p,Dato provvisorio
M,Mensile,IT,Italia,76,Indice dei prezzi alla produzione dei prodotti venduti dagli agricoltori (base 2020=100) - dati mensili,ANIMA,Animali,2026-03,148,p,Dato provvisorio
M,Mensile,IT,Italia,76,Indice dei prezzi alla produzione dei prodotti venduti dagli agricoltori (base 2020=100) - dati mensili,CATTL,Bovini,2020-01,102,,
M,Mensile,IT,Italia,76,Indice dei prezzi alla produzione dei prodotti venduti dagli agricoltori (base 2020=100) - dati mensili,CATTL,Bovini,2020-02,102,,
M,Mensile,IT,Italia,76,Indice dei prezzi alla produzione dei prodotti venduti dagli agricoltori (base 2020=100) - dati mensili,CATTL,Bovini,2020-03,102,,
M,Mensile,IT,Italia,76,Indice dei prezzi alla produzione dei prodotti venduti dagli agricoltori (base 2020=100) - dati mensili,CATTL,Bovini,2020-04,100,,
M,Mensile,IT,Italia,76,Indice dei prezzi alla produzione dei prodotti venduti dagli agricoltori (base 2020=100) - dati mensili,CATTL,Bovini,2020-05,101,,
M,Mensile,IT,Italia,76,Indice dei prezzi alla produzione dei prodotti venduti dagli agricoltori (base 2020=100) - dati mensili,CATTL,Bovini,2020-06,100,,
M,Mensile,IT,Italia,76,Indice dei prezzi alla produzione dei prodotti venduti dagli agricoltori (base 2020=100) - dati mensili,CATTL,Bovini,2020-07,99,,
M,Mensile,IT,Italia,76,Indice dei prezzi alla produzione dei prodotti venduti dagli agricoltori (base 2020=100) - dati mensili,CATTL,Bovini,2020-08,98,,
M,Mensile,IT,Italia,76,Indice dei prezzi alla produzione dei prodotti venduti dagli agricoltori (base 2020=100) - dati mensili,CATTL,Bovini,2020-09,98,,
M,Mensile,IT,Italia,76,Indice dei prezzi alla produzione dei prodotti venduti dagli agricoltori (base 2020=100) - dati mensili,CATTL,Bovini,2020-10,99,,
M,Mensile,IT,Italia,76,Indice dei prezzi alla produzione dei prodotti venduti dagli agricoltori (base 2020=100) - dati mensili,CATTL,Bovini,2020-11,99,,
M,Mensile,IT,Italia,76,Indice dei prezzi alla produzione dei prodotti venduti dagli agricoltori (base 2020=100) - dati mensili,CATTL,Bovini,2020-12,99,,
M,Mensile,IT,Italia,76,Indice dei prezzi alla produzione dei prodotti venduti dagli agricoltori (base 2020=100) - dati mensili,CATTL,Bovini,2021-01,99,,
M,Mensile,IT,Italia,76,Indice dei prezzi alla produzione dei prodotti venduti dagli agricoltori (base 2020=100) - dati mensili,CATTL,Bovini,2021-02,100,,
M,Mensile,IT,Italia,76,Indice dei prezzi alla produzione dei prodotti venduti dagli agricoltori (base 2020=100) - dati mensili,CATTL,Bovini,2021-03,100,,
M,Mensile,IT,Italia,76,Indice dei prezzi alla produzione dei prodotti venduti dagli agricoltori (base 2020=100) - dati mensili,CATTL,Bovini,2021-04,101,,
M,Mensile,IT,Italia,76,Indice dei prezzi alla produzione dei prodotti venduti dagli agricoltori (base 2020=100) - dati mensili,CATTL,Bovini,2021-05,101,,
M,Mensile,IT,Italia,76,Indice dei prezzi alla produzione dei prodotti venduti dagli agricoltori (base 2020=100) - dati mensili,CATTL,Bovini,2021-06,103,,
M,Mensile,IT,Italia,76,Indice dei prezzi alla produzione dei prodotti venduti dagli agricoltori (base 2020=100) - dati mensili,CATTL,Bovini,2021-07,103,,
M,Mensile,IT,Italia,76,Indice dei prezzi alla produzione dei prodotti venduti dagli agricoltori (base 2020=100) - dati mensili,CATTL,Bovini,2021-08,105,,
M,Mensile,IT,Italia,76,Indice dei prezzi alla produzione dei prodotti venduti dagli agricoltori (base 2020=100) - dati mensili,CATTL,Bovini,2021-09,106,,
M,Mensile,IT,Italia,76,Indice dei prezzi alla produzione dei prodotti venduti dagli agricoltori (base 2020=100) - dati mensili,CATTL,Bovini,2021-10,108,,
M,Mensile,IT,Italia,76,Indice dei prezzi alla produzione dei prodotti venduti dagli agricoltori (base 2020=100) - dati mensili,CATTL,Bovini,2021-11,110,,
M,Mensile,IT,Italia,76,Indice dei prezzi alla produzione dei prodotti venduti dagli agricoltori (base 2020=100) - dati mensili,CATTL,Bovini,2021-12,111,,
M,Mensile,IT,Italia,76,Indice dei prezzi alla produzione dei prodotti venduti dagli agricoltori (base 2020=100) - dati mensili,CATTL,Bovini,2022-01,116,,
M,Mensile,IT,Italia,76,Indice dei prezzi alla produzione dei prodotti venduti dagli agricoltori (base 2020=100) - dati mensili,CATTL,Bovini,2022-02,117,,
M,Mensile,IT,Italia,76,Indice dei prezzi alla produzione dei prodotti venduti dagli agricoltori (base 2020=100) - dati mensili,CATTL,Bovini,2022-03,121,,
M,Mensile,IT,Italia,76,Indice dei prezzi alla produzione dei prodotti venduti dagli agricoltori (base 2020=100) - dati mensili,CATTL,Bovini,2022-04,125,,
M,Mensile,IT,Italia,76,Indice dei prezzi alla produzione dei prodotti venduti dagli agricoltori (base 2020=100) - dati mensili,CATTL,Bovini,2022-05,127,,
M,Mensile,IT,Italia,76,Indice dei prezzi alla produzione dei prodotti venduti dagli agricoltori (base 2020=100) - dati mensili,CATTL,Bovini,2022-06,128,,
M,Mensile,IT,Italia,76,Indice dei prezzi alla produzione dei prodotti venduti dagli agricoltori (base 2020=100) - dati mensili,CATTL,Bovini,2022-07,128,,
M,Mensile,IT,Italia,76,Indice dei prezzi alla produzione dei prodotti venduti dagli agricoltori (base 2020=100) - dati mensili,CATTL,Bovini,2022-08,128,,
M,Mensile,IT,Italia,76,Indice dei prezzi alla produzione dei prodotti venduti dagli agricoltori (base 2020=100) - dati mensili,CATTL,Bovini,2022-09,129,,
M,Mensile,IT,Italia,76,Indice dei prezzi alla produzione dei prodotti venduti dagli agricoltori (base 2020=100) - dati mensili,CATTL,Bovini,2022-10,129,,
M,Mensile,IT,Italia,76,Indice dei prezzi alla produzione dei prodotti venduti dagli agricoltori (base 2020=100) - dati mensili,CATTL,Bovini,2022-11,129,,
M,Mensile,IT,Italia,76,Indice dei prezzi alla produzione dei prodotti venduti dagli agricoltori (base 2020=100) - dati mensili,CATTL,Bovini,2022-12,130,,
M,Mensile,IT,Italia,76,Indice dei prezzi alla produzione dei prodotti venduti dagli agricoltori (base 2020=100) - dati mensili,CATTL,Bovini,2023-01,129,,
M,Mensile,IT,Italia,76,Indice dei prezzi alla produzione dei prodotti venduti dagli agricoltori (base 2020=100) - dati mensili,CATTL,Bovini,2023-02,130,,
M,Mensile,IT,Italia,76,Indice dei prezzi alla produzione dei prodotti venduti dagli agricoltori (base 2020=100) - dati mensili,CATTL,Bovini,2023-03,131,,
M,Mensile,IT,Italia,76,Indice dei prezzi alla produzione dei prodotti venduti dagli agricoltori (base 2020=100) - dati mensili,CATTL,Bovini,2023-04,131,,
M,Mensile,IT,Italia,76,Indice dei prezzi alla produzione dei prodotti venduti dagli agricoltori (base 2020=100) - dati mensili,CATTL,Bovini,2023-05,132,,
M,Mensile,IT,Italia,76,Indice dei prezzi alla produzione dei prodotti venduti dagli agricoltori (base 2020=100) - dati mensili,CATTL,Bovini,2023-06,132,,
M,Mensile,IT,Italia,76,Indice dei prezzi alla produzione dei prodotti venduti dagli agricoltori (base 2020=100) - dati mensili,CATTL,Bovini,2023-07,130,,
M,Mensile,IT,Italia,76,Indice dei prezzi alla produzione dei prodotti venduti dagli agricoltori (base 2020=100) - dati mensili,CATTL,Bovini,2023-08,130,,
M,Mensile,IT,Italia,76,Indice dei prezzi alla produzione dei prodotti venduti dagli agricoltori (base 2020=100) - dati mensili,CATTL,Bovini,2023-09,131,,
M,Mensile,IT,Italia,76,Indice dei prezzi alla produzione dei prodotti venduti dagli agricoltori (base 2020=100) - dati mensili,CATTL,Bovini,2023-10,131,,
M,Mensile,IT,Italia,76,Indice dei prezzi alla produzione dei prodotti venduti dagli agricoltori (base 2020=100) - dati mensili,CATTL,Bovini,2023-11,132,,
M,Mensile,IT,Italia,76,Indice dei prezzi alla produzione dei prodotti venduti dagli agricoltori (base 2020=100) - dati mensili,CATTL,Bovini,2023-12,130,,
M,Mensile,IT,Italia,76,Indice dei prezzi alla produzione dei prodotti venduti dagli agricoltori (base 2020=100) - dati mensili,CATTL,Bovini,2024-01,133,,
M,Mensile,IT,Italia,76,Indice dei prezzi alla produzione dei prodotti venduti dagli agricoltori (base 2020=100) - dati mensili,CATTL,Bovini,2024-02,134,,
M,Mensile,IT,Italia,76,Indice dei prezzi alla produzione dei prodotti venduti dagli agricoltori (base 2020=100) - dati mensili,CATTL,Bovini,2024-03,135,,
M,Mensile,IT,Italia,76,Indice dei prezzi alla produzione dei prodotti venduti dagli agricoltori (base 2020=100) - dati mensili,CATTL,Bovini,2024-04,136,,
M,Mensile,IT,Italia,76,Indice dei prezzi alla produzione dei prodotti venduti dagli agricoltori (base 2020=100) - dati mensili,CATTL,Bovini,2024-05,137,,
M,Mensile,IT,Italia,76,Indice dei prezzi alla produzione dei prodotti venduti dagli agricoltori (base 2020=100) - dati mensili,CATTL,Bovini,2024-06,138,,
M,Mensile,IT,Italia,76,Indice dei prezzi alla produzione dei prodotti venduti dagli agricoltori (base 2020=100) - dati mensili,CATTL,Bovini,2024-07,138,,
M,Mensile,IT,Italia,76,Indice dei prezzi alla produzione dei prodotti venduti dagli agricoltori (base 2020=100) - dati mensili,CATTL,Bovini,2024-08,137,,
M,Mensile,IT,Italia,76,Indice dei prezzi alla produzione dei prodotti venduti dagli agricoltori (base 2020=100) - dati mensili,CATTL,Bovini,2024-09,138,,
M,Mensile,IT,Italia,76,Indice dei prezzi alla produzione dei prodotti venduti dagli agricoltori (base 2020=100) - dati mensili,CATTL,Bovini,2024-10,140,,
M,Mensile,IT,Italia,76,Indice dei prezzi alla produzione dei prodotti venduti dagli agricoltori (base 2020=100) - dati mensili,CATTL,Bovini,2024-11,141,,
M,Mensile,IT,Italia,76,Indice dei prezzi alla produzione dei prodotti venduti dagli agricoltori (base 2020=100) - dati mensili,CATTL,Bovini,2024-12,143,,
M,Mensile,IT,Italia,76,Indice dei prezzi alla produzione dei prodotti venduti dagli agricoltori (base 2020=100) - dati mensili,CATTL,Bovini,2025-01,148,,
M,Mensile,IT,Italia,76,Indice dei prezzi alla produzione dei prodotti venduti dagli agricoltori (base 2020=100) - dati mensili,CATTL,Bovini,2025-02,153,,
M,Mensile,IT,Italia,76,Indice dei prezzi alla produzione dei prodotti venduti dagli agricoltori (base 2020=100) - dati mensili,CATTL,Bovini,2025-03,157,,
M,Mensile,IT,Italia,76,Indice dei prezzi alla produzione dei prodotti venduti dagli agricoltori (base 2020=100) - dati mensili,CATTL,Bovini,2025-04,161,,
M,Mensile,IT,Italia,76,Indice dei prezzi alla produzione dei prodotti venduti dagli agricoltori (base 2020=100) - dati mensili,CATTL,Bovini,2025-05,164,,
M,Mensile,IT,Italia,76,Indice dei prezzi alla produzione dei prodotti venduti dagli agricoltori (base 2020=100) - dati mensili,CATTL,Bovini,2025-06,170,,
M,Mensile,IT,Italia,76,Indice dei prezzi alla produzione dei prodotti venduti dagli agricoltori (base 2020=100) - dati mensili,CATTL,Bovini,2025-07,172,,
M,Mensile,IT,Italia,76,Indice dei prezzi alla produzione dei prodotti venduti dagli agricoltori (base 2020=100) - dati mensili,CATTL,Bovini,2025-08,173,,
M,Mensile,IT,Italia,76,Indice dei prezzi alla produzione dei prodotti venduti dagli agricoltori (base 2020=100) - dati mensili,CATTL,Bovini,2025-09,177,,
M,Mensile,IT,Italia,76,Indice dei prezzi alla produzione dei prodotti venduti dagli agricoltori (base 2020=100) - dati mensili,CATTL,Bovini,2025-10,176,,
M,Mensile,IT,Italia,76,Indice dei prezzi alla produzione dei prodotti venduti dagli agricoltori (base 2020=100) - dati mensili,CATTL,Bovini,2025-11,177,,
M,Mensile,IT,Italia,76,Indice dei prezzi alla produzione dei prodotti venduti dagli agricoltori (base 2020=100) - dati mensili,CATTL,Bovini,2025-12,179,,
M,Mensile,IT,Italia,76,Indice dei prezzi alla produzione dei prodotti venduti dagli agricoltori (base 2020=100) - dati mensili,CATTL,Bovini,2026-01,181,p,Dato provvisorio
M,Mensile,IT,Italia,76,Indice dei prezzi alla produzione dei prodotti venduti dagli agricoltori (base 2020=100) - dati mensili,CATTL,Bovini,2026-02,182,p,Dato provvisorio
M,Mensile,IT,Italia,76,Indice dei prezzi alla produzione dei prodotti venduti dagli agricoltori (base 2020=100) - dati mensili,CATTL,Bovini,2026-03,183,p,Dato provvisorio
M,Mensile,IT,Italia,76,Indice dei prezzi alla produzione dei prodotti venduti dagli agricoltori (base 2020=100) - dati mensili,PIGS,Suini,2020-01,120,,
M,Mensile,IT,Italia,76,Indice dei prezzi alla produzione dei prodotti venduti dagli agricoltori (base 2020=100) - dati mensili,PIGS,Suini,2020-02,117,,
M,Mensile,IT,Italia,76,Indice dei prezzi alla produzione dei prodotti venduti dagli agricoltori (base 2020=100) - dati mensili,PIGS,Suini,2020-03,113,,
M,Mensile,IT,Italia,76,Indice dei prezzi alla produzione dei prodotti venduti dagli agricoltori (base 2020=100) - dati mensili,PIGS,Suini,2020-04,98,,
M,Mensile,IT,Italia,76,Indice dei prezzi alla produzione dei prodotti venduti dagli agricoltori (base 2020=100) - dati mensili,PIGS,Suini,2020-05,84,,
M,Mensile,IT,Italia,76,Indice dei prezzi alla produzione dei prodotti venduti dagli agricoltori (base 2020=100) - dati mensili,PIGS,Suini,2020-06,80,,
M,Mensile,IT,Italia,76,Indice dei prezzi alla produzione dei prodotti venduti dagli agricoltori (base 2020=100) - dati mensili,PIGS,Suini,2020-07,89,,
M,Mensile,IT,Italia,76,Indice dei prezzi alla produzione dei prodotti venduti dagli agricoltori (base 2020=100) - dati mensili,PIGS,Suini,2020-08,99,,
M,Mensile,IT,Italia,76,Indice dei prezzi alla produzione dei prodotti venduti dagli agricoltori (base 2020=100) - dati mensili,PIGS,Suini,2020-09,108,,
M,Mensile,IT,Italia,76,Indice dei prezzi alla produzione dei prodotti venduti dagli agricoltori (base 2020=100) - dati mensili,PIGS,Suini,2020-10,109,,
M,Mensile,IT,Italia,76,Indice dei prezzi alla produzione dei prodotti venduti dagli agricoltori (base 2020=100) - dati mensili,PIGS,Suini,2020-11,96,,
M,Mensile,IT,Italia,76,Indice dei prezzi alla produzione dei prodotti venduti dagli agricoltori (base 2020=100) - dati mensili,PIGS,Suini,2020-12,89,,
M,Mensile,IT,Italia,76,Indice dei prezzi alla produzione dei prodotti venduti dagli agricoltori (base 2020=100) - dati mensili,PIGS,Suini,2021-01,92,,
M,Mensile,IT,Italia,76,Indice dei prezzi alla produzione dei prodotti venduti dagli agricoltori (base 2020=100) - dati mensili,PIGS,Suini,2021-02,102,,
M,Mensile,IT,Italia,76,Indice dei prezzi alla produzione dei prodotti venduti dagli agricoltori (base 2020=100) - dati mensili,PIGS,Suini,2021-03,105,,
M,Mensile,IT,Italia,76,Indice dei prezzi alla produzione dei prodotti venduti dagli agricoltori (base 2020=100) - dati mensili,PIGS,Suini,2021-04,104,,
M,Mensile,IT,Italia,76,Indice dei prezzi alla produzione dei prodotti venduti dagli agricoltori (base 2020=100) - dati mensili,PIGS,Suini,2021-05,106,,
M,Mensile,IT,Italia,76,Indice dei prezzi alla produzione dei prodotti venduti dagli agricoltori (base 2020=100) - dati mensili,PIGS,Suini,2021-06,114,,
M,Mensile,IT,Italia,76,Indice dei prezzi alla produzione dei prodotti venduti dagli agricoltori (base 2020=100) - dati mensili,PIGS,Suini,2021-07,113,,
M,Mensile,IT,Italia,76,Indice dei prezzi alla produzione dei prodotti venduti dagli agricoltori (base 2020=100) - dati mensili,PIGS,Suini,2021-08,118,,
M,Mensile,IT,Italia,76,Indice dei prezzi alla produzione dei prodotti venduti dagli agricoltori (base 2020=100) - dati mensili,PIGS,Suini,2021-09,113,,
M,Mensile,IT,Italia,76,Indice dei prezzi alla produzione dei prodotti venduti dagli agricoltori (base 2020=100) - dati mensili,PIGS,Suini,2021-10,108,,
M,Mensile,IT,Italia,76,Indice dei prezzi alla produzione dei prodotti venduti dagli agricoltori (base 2020=100) - dati mensili,PIGS,Suini,2021-11,108,,
M,Mensile,IT,Italia,76,Indice dei prezzi alla produzione dei prodotti venduti dagli agricoltori (base 2020=100) - dati mensili,PIGS,Suini,2021-12,114,,
M,Mensile,IT,Italia,76,Indice dei prezzi alla produzione dei prodotti venduti dagli agricoltori (base 2020=100) - dati mensili,PIGS,Suini,2022-01,112,,
M,Mensile,IT,Italia,76,Indice dei prezzi alla produzione dei prodotti venduti dagli agricoltori (base 2020=100) - dati mensili,PIGS,Suini,2022-02,106,,
M,Mensile,IT,Italia,76,Indice dei prezzi alla produzione dei prodotti venduti dagli agricoltori (base 2020=100) - dati mensili,PIGS,Suini,2022-03,112,,
M,Mensile,IT,Italia,76,Indice dei prezzi alla produzione dei prodotti venduti dagli agricoltori (base 2020=100) - dati mensili,PIGS,Suini,2022-04,122,,
M,Mensile,IT,Italia,76,Indice dei prezzi alla produzione dei prodotti venduti dagli agricoltori (base 2020=100) - dati mensili,PIGS,Suini,2022-05,118,,
M,Mensile,IT,Italia,76,Indice dei prezzi alla produzione dei prodotti venduti dagli agricoltori (base 2020=100) - dati mensili,PIGS,Suini,2022-06,121,,
M,Mensile,IT,Italia,76,Indice dei prezzi alla produzione dei prodotti venduti dagli agricoltori (base 2020=100) - dati mensili,PIGS,Suini,2022-07,130,,
M,Mensile,IT,Italia,76,Indice dei prezzi alla produzione dei prodotti venduti dagli agricoltori (base 2020=100) - dati mensili,PIGS,Suini,2022-08,136,,
M,Mensile,IT,Italia,76,Indice dei prezzi alla produzione dei prodotti venduti dagli agricoltori (base 2020=100) - dati mensili,PIGS,Suini,2022-09,141,,
M,Mensile,IT,Italia,76,Indice dei prezzi alla produzione dei prodotti venduti dagli agricoltori (base 2020=100) - dati mensili,PIGS,Suini,2022-10,144,,
M,Mensile,IT,Italia,76,Indice dei prezzi alla produzione dei prodotti venduti dagli agricoltori (base 2020=100) - dati mensili,PIGS,Suini,2022-11,144,,
M,Mensile,IT,Italia,76,Indice dei prezzi alla produzione dei prodotti venduti dagli agricoltori (base 2020=100) - dati mensili,PIGS,Suini,2022-12,143,,
M,Mensile,IT,Italia,76,Indice dei prezzi alla produzione dei prodotti venduti dagli agricoltori (base 2020=100) - dati mensili,PIGS,Suini,2023-01,139,,
M,Mensile,IT,Italia,76,Indice dei prezzi alla produzione dei prodotti venduti dagli agricoltori (base 2020=100) - dati mensili,PIGS,Suini,2023-02,146,,
M,Mensile,IT,Italia,76,Indice dei prezzi alla produzione dei prodotti venduti dagli agricoltori (base 2020=100) - dati mensili,PIGS,Suini,2023-03,154,,
M,Mensile,IT,Italia,76,Indice dei prezzi alla produzione dei prodotti venduti dagli agricoltori (base 2020=100) - dati mensili,PIGS,Suini,2023-04,158,,
M,Mensile,IT,Italia,76,Indice dei prezzi alla produzione dei prodotti venduti dagli agricoltori (base 2020=100) - dati mensili,PIGS,Suini,2023-05,153,,
M,Mensile,IT,Italia,76,Indice dei prezzi alla produzione dei prodotti venduti dagli agricoltori (base 2020=100) - dati mensili,PIGS,Suini,2023-06,150,,
M,Mensile,IT,Italia,76,Indice dei prezzi alla produzione dei prodotti venduti dagli agricoltori (base 2020=100) - dati mensili,PIGS,Suini,2023-07,157,,
M,Mensile,IT,Italia,76,Indice dei prezzi alla produzione dei prodotti venduti dagli agricoltori (base 2020=100) - dati mensili,PIGS,Suini,2023-08,161,,
M,Mensile,IT,Italia,76,Indice dei prezzi alla produzione dei prodotti venduti dagli agricoltori (base 2020=100) - dati mensili,PIGS,Suini,2023-09,162,,
M,Mensile,IT,Italia,76,Indice dei prezzi alla produzione dei prodotti venduti dagli agricoltori (base 2020=100) - dati mensili,PIGS,Suini,2023-10,163,,
M,Mensile,IT,Italia,76,Indice dei prezzi alla produzione dei prodotti venduti dagli agricoltori (base 2020=100) - dati mensili,PIGS,Suini,2023-11,162,,
M,Mensile,IT,Italia,76,Indice dei prezzi alla produzione dei prodotti venduti dagli agricoltori (base 2020=100) - dati mensili,PIGS,Suini,2023-12,157,,
M,Mensile,IT,Italia,76,Indice dei prezzi alla produzione dei prodotti venduti dagli agricoltori (base 2020=100) - dati mensili,PIGS,Suini,2024-01,147,,
M,Mensile,IT,Italia,76,Indice dei prezzi alla produzione dei prodotti venduti dagli agricoltori (base 2020=100) - dati mensili,PIGS,Suini,2024-02,144,,
M,Mensile,IT,Italia,76,Indice dei prezzi alla produzione dei prodotti venduti dagli agricoltori (base 2020=100) - dati mensili,PIGS,Suini,2024-03,147,,
M,Mensile,IT,Italia,76,Indice dei prezzi alla produzione dei prodotti venduti dagli agricoltori (base 2020=100) - dati mensili,PIGS,Suini,2024-04,146,,
M,Mensile,IT,Italia,76,Indice dei prezzi alla produzione dei prodotti venduti dagli agricoltori (base 2020=100) - dati mensili,PIGS,Suini,2024-05,139,,
M,Mensile,IT,Italia,76,Indice dei prezzi alla produzione dei prodotti venduti dagli agricoltori (base 2020=100) - dati mensili,PIGS,Suini,2024-06,135,,
M,Mensile,IT,Italia,76,Indice dei prezzi alla produzione dei prodotti venduti dagli agricoltori (base 2020=100) - dati mensili,PIGS,Suini,2024-07,137,,
M,Mensile,IT,Italia,76,Indice dei prezzi alla produzione dei prodotti venduti dagli agricoltori (base 2020=100) - dati mensili,PIGS,Suini,2024-08,144,,
M,Mensile,IT,Italia,76,Indice dei prezzi alla produzione dei prodotti venduti dagli agricoltori (base 2020=100) - dati mensili,PIGS,Suini,2024-09,154,,
M,Mensile,IT,Italia,76,Indice dei prezzi alla produzione dei prodotti venduti dagli agricoltori (base 2020=100) - dati mensili,PIGS,Suini,2024-10,161,,
M,Mensile,IT,Italia,76,Indice dei prezzi alla produzione dei prodotti venduti dagli agricoltori (base 2020=100) - dati mensili,PIGS,Suini,2024-11,156,,
M,Mensile,IT,Italia,76,Indice dei prezzi alla produzione dei prodotti venduti dagli agricoltori (base 2020=100) - dati mensili,PIGS,Suini,2024-12,146,,
M,Mensile,IT,Italia,76,Indice dei prezzi alla produzione dei prodotti venduti dagli agricoltori (base 2020=100) - dati mensili,PIGS,Suini,2025-01,140,,
M,Mensile,IT,Italia,76,Indice dei prezzi alla produzione dei prodotti venduti dagli agricoltori (base 2020=100) - dati mensili,PIGS,Suini,2025-02,134,,
M,Mensile,IT,Italia,76,Indice dei prezzi alla produzione dei prodotti venduti dagli agricoltori (base 2020=100) - dati mensili,PIGS,Suini,2025-03,131,,
M,Mensile,IT,Italia,76,Indice dei prezzi alla produzione dei prodotti venduti dagli agricoltori (base 2020=100) - dati mensili,PIGS,Suini,2025-04,139,,
M,Mensile,IT,Italia,76,Indice dei prezzi alla produzione dei prodotti venduti dagli agricoltori (base 2020=100) - dati mensili,PIGS,Suini,2025-05,140,,
M,Mensile,IT,Italia,76,Indice dei prezzi alla produzione dei prodotti venduti dagli agricoltori (base 2020=100) - dati mensili,PIGS,Suini,2025-06,140,,
M,Mensile,IT,Italia,76,Indice dei prezzi alla produzione dei prodotti venduti dagli agricoltori (base 2020=100) - dati mensili,PIGS,Suini,2025-07,146,,
M,Mensile,IT,Italia,76,Indice dei prezzi alla produzione dei prodotti venduti dagli agricoltori (base 2020=100) - dati mensili,PIGS,Suini,2025-08,154,,
M,Mensile,IT,Italia,76,Indice dei prezzi alla produzione dei prodotti venduti dagli agricoltori (base 2020=100) - dati mensili,PIGS,Suini,2025-09,156,,
M,Mensile,IT,Italia,76,Indice dei prezzi alla produzione dei prodotti venduti dagli agricoltori (base 2020=100) - dati mensili,PIGS,Suini,2025-10,151,,
M,Mensile,IT,Italia,76,Indice dei prezzi alla produzione dei prodotti venduti dagli agricoltori (base 2020=100) - dati mensili,PIGS,Suini,2025-11,138,,
M,Mensile,IT,Italia,76,Indice dei prezzi alla produzione dei prodotti venduti dagli agricoltori (base 2020=100) - dati mensili,PIGS,Suini,2025-12,129,,
M,Mensile,IT,Italia,76,Indice dei prezzi alla produzione dei prodotti venduti dagli agricoltori (base 2020=100) - dati mensili,PIGS,Suini,2026-01,120,p,Dato provvisorio
M,Mensile,IT,Italia,76,Indice dei prezzi alla produzione dei prodotti venduti dagli agricoltori (base 2020=100) - dati mensili,PIGS,Suini,2026-02,115,p,Dato provvisorio
M,Mensile,IT,Italia,76,Indice dei prezzi alla produzione dei prodotti venduti dagli agricoltori (base 2020=100) - dati mensili,PIGS,Suini,2026-03,118,p,Dato provvisorio
M,Mensile,IT,Italia,76,Indice dei prezzi alla produzione dei prodotti venduti dagli agricoltori (base 2020=100) - dati mensili,SHEEPGOAT,Ovini e caprini,2020-01,101,,
M,Mensile,IT,Italia,76,Indice dei prezzi alla produzione dei prodotti venduti dagli agricoltori (base 2020=100) - dati mensili,SHEEPGOAT,Ovini e caprini,2020-02,99,,
M,Mensile,IT,Italia,76,Indice dei prezzi alla produzione dei prodotti venduti dagli agricoltori (base 2020=100) - dati mensili,SHEEPGOAT,Ovini e caprini,2020-03,99,,
M,Mensile,IT,Italia,76,Indice dei prezzi alla produzione dei prodotti venduti dagli agricoltori (base 2020=100) - dati mensili,SHEEPGOAT,Ovini e caprini,2020-04,99,,
M,Mensile,IT,Italia,76,Indice dei prezzi alla produzione dei prodotti venduti dagli agricoltori (base 2020=100) - dati mensili,SHEEPGOAT,Ovini e caprini,2020-05,98,,
M,Mensile,IT,Italia,76,Indice dei prezzi alla produzione dei prodotti venduti dagli agricoltori (base 2020=100) - dati mensili,SHEEPGOAT,Ovini e caprini,2020-06,97,,
M,Mensile,IT,Italia,76,Indice dei prezzi alla produzione dei prodotti venduti dagli agricoltori (base 2020=100) - dati mensili,SHEEPGOAT,Ovini e caprini,2020-07,100,,
M,Mensile,IT,Italia,76,Indice dei prezzi alla produzione dei prodotti venduti dagli agricoltori (base 2020=100) - dati mensili,SHEEPGOAT,Ovini e caprini,2020-08,100,,
M,Mensile,IT,Italia,76,Indice dei prezzi alla produzione dei prodotti venduti dagli agricoltori (base 2020=100) - dati mensili,SHEEPGOAT,Ovini e caprini,2020-09,100,,
M,Mensile,IT,Italia,76,Indice dei prezzi alla produzione dei prodotti venduti dagli agricoltori (base 2020=100) - dati mensili,SHEEPGOAT,Ovini e caprini,2020-10,103,,
M,Mensile,IT,Italia,76,Indice dei prezzi alla produzione dei prodotti venduti dagli agricoltori (base 2020=100) - dati mensili,SHEEPGOAT,Ovini e caprini,2020-11,102,,
M,Mensile,IT,Italia,76,Indice dei prezzi alla produzione dei prodotti venduti dagli agricoltori (base 2020=100) - dati mensili,SHEEPGOAT,Ovini e caprini,2020-12,103,,
M,Mensile,IT,Italia,76,Indice dei prezzi alla produzione dei prodotti venduti dagli agricoltori (base 2020=100) - dati mensili,SHEEPGOAT,Ovini e caprini,2021-01,100,,
M,Mensile,IT,Italia,76,Indice dei prezzi alla produzione dei prodotti venduti dagli agricoltori (base 2020=100) - dati mensili,SHEEPGOAT,Ovini e caprini,2021-02,99,,
M,Mensile,IT,Italia,76,Indice dei prezzi alla produzione dei prodotti venduti dagli agricoltori (base 2020=100) - dati mensili,SHEEPGOAT,Ovini e caprini,2021-03,101,,
M,Mensile,IT,Italia,76,Indice dei prezzi alla produzione dei prodotti venduti dagli agricoltori (base 2020=100) - dati mensili,SHEEPGOAT,Ovini e caprini,2021-04,101,,
M,Mensile,IT,Italia,76,Indice dei prezzi alla produzione dei prodotti venduti dagli agricoltori (base 2020=100) - dati mensili,SHEEPGOAT,Ovini e caprini,2021-05,99,,
M,Mensile,IT,Italia,76,Indice dei prezzi alla produzione dei prodotti venduti dagli agricoltori (base 2020=100) - dati mensili,SHEEPGOAT,Ovini e caprini,2021-06,98,,
M,Mensile,IT,Italia,76,Indice dei prezzi alla produzione dei prodotti venduti dagli agricoltori (base 2020=100) - dati mensili,SHEEPGOAT,Ovini e caprini,2021-07,99,,
M,Mensile,IT,Italia,76,Indice dei prezzi alla produzione dei prodotti venduti dagli agricoltori (base 2020=100) - dati mensili,SHEEPGOAT,Ovini e caprini,2021-08,102,,
M,Mensile,IT,Italia,76,Indice dei prezzi alla produzione dei prodotti venduti dagli agricoltori (base 2020=100) - dati mensili,SHEEPGOAT,Ovini e caprini,2021-09,104,,
M,Mensile,IT,Italia,76,Indice dei prezzi alla produzione dei prodotti venduti dagli agricoltori (base 2020=100) - dati mensili,SHEEPGOAT,Ovini e caprini,2021-10,104,,
M,Mensile,IT,Italia,76,Indice dei prezzi alla produzione dei prodotti venduti dagli agricoltori (base 2020=100) - dati mensili,SHEEPGOAT,Ovini e caprini,2021-11,108,,
M,Mensile,IT,Italia,76,Indice dei prezzi alla produzione dei prodotti venduti dagli agricoltori (base 2020=100) - dati mensili,SHEEPGOAT,Ovini e caprini,2021-12,112,,
M,Mensile,IT,Italia,76,Indice dei prezzi alla produzione dei prodotti venduti dagli agricoltori (base 2020=100) - dati mensili,SHEEPGOAT,Ovini e caprini,2022-01,109,,
M,Mensile,IT,Italia,76,Indice dei prezzi alla produzione dei prodotti venduti dagli agricoltori (base 2020=100) - dati mensili,SHEEPGOAT,Ovini e caprini,2022-02,110,,
M,Mensile,IT,Italia,76,Indice dei prezzi alla produzione dei prodotti venduti dagli agricoltori (base 2020=100) - dati mensili,SHEEPGOAT,Ovini e caprini,2022-03,112,,
M,Mensile,IT,Italia,76,Indice dei prezzi alla produzione dei prodotti venduti dagli agricoltori (base 2020=100) - dati mensili,SHEEPGOAT,Ovini e caprini,2022-04,116,,
M,Mensile,IT,Italia,76,Indice dei prezzi alla produzione dei prodotti venduti dagli agricoltori (base 2020=100) - dati mensili,SHEEPGOAT,Ovini e caprini,2022-05,114,,
M,Mensile,IT,Italia,76,Indice dei prezzi alla produzione dei prodotti venduti dagli agricoltori (base 2020=100) - dati mensili,SHEEPGOAT,Ovini e caprini,2022-06,112,,
M,Mensile,IT,Italia,76,Indice dei prezzi alla produzione dei prodotti venduti dagli agricoltori (base 2020=100) - dati mensili,SHEEPGOAT,Ovini e caprini,2022-07,117,,
M,Mensile,IT,Italia,76,Indice dei prezzi alla produzione dei prodotti venduti dagli agricoltori (base 2020=100) - dati mensili,SHEEPGOAT,Ovini e caprini,2022-08,118,,
M,Mensile,IT,Italia,76,Indice dei prezzi alla produzione dei prodotti venduti dagli agricoltori (base 2020=100) - dati mensili,SHEEPGOAT,Ovini e caprini,2022-09,118,,
M,Mensile,IT,Italia,76,Indice dei prezzi alla produzione dei prodotti venduti dagli agricoltori (base 2020=100) - dati mensili,SHEEPGOAT,Ovini e caprini,2022-10,118,,
M,Mensile,IT,Italia,76,Indice dei prezzi alla produzione dei prodotti venduti dagli agricoltori (base 2020=100) - dati mensili,SHEEPGOAT,Ovini e caprini,2022-11,121,,
M,Mensile,IT,Italia,76,Indice dei prezzi alla produzione dei prodotti venduti dagli agricoltori (base 2020=100) - dati mensili,SHEEPGOAT,Ovini e caprini,2022-12,128,,
M,Mensile,IT,Italia,76,Indice dei prezzi alla produzione dei prodotti venduti dagli agricoltori (base 2020=100) - dati mensili,SHEEPGOAT,Ovini e caprini,2023-01,119,,
M,Mensile,IT,Italia,76,Indice dei prezzi alla produzione dei prodotti venduti dagli agricoltori (base 2020=100) - dati mensili,SHEEPGOAT,Ovini e caprini,2023-02,118,,
M,Mensile,IT,Italia,76,Indice dei prezzi alla produzione dei prodotti venduti dagli agricoltori (base 2020=100) - dati mensili,SHEEPGOAT,Ovini e caprini,2023-03,120,,
M,Mensile,IT,Italia,76,Indice dei prezzi alla produzione dei prodotti venduti dagli agricoltori (base 2020=100) - dati mensili,SHEEPGOAT,Ovini e caprini,2023-04,121,,
M,Mensile,IT,Italia,76,Indice dei prezzi alla produzione dei prodotti venduti dagli agricoltori (base 2020=100) - dati mensili,SHEEPGOAT,Ovini e caprini,2023-05,119,,
M,Mensile,IT,Italia,76,Indice dei prezzi alla produzione dei prodotti venduti dagli agricoltori (base 2020=100) - dati mensili,SHEEPGOAT,Ovini e caprini,2023-06,119,,
M,Mensile,IT,Italia,76,Indice dei prezzi alla produzione dei prodotti venduti dagli agricoltori (base 2020=100) - dati mensili,SHEEPGOAT,Ovini e caprini,2023-07,118,,
M,Mensile,IT,Italia,76,Indice dei prezzi alla produzione dei prodotti venduti dagli agricoltori (base 2020=100) - dati mensili,SHEEPGOAT,Ovini e caprini,2023-08,118,,
M,Mensile,IT,Italia,76,Indice dei prezzi alla produzione dei prodotti venduti dagli agricoltori (base 2020=100) - dati mensili,SHEEPGOAT,Ovini e caprini,2023-09,118,,
M,Mensile,IT,Italia,76,Indice dei prezzi alla produzione dei prodotti venduti dagli agricoltori (base 2020=100) - dati mensili,SHEEPGOAT,Ovini e caprini,2023-10,119,,
M,Mensile,IT,Italia,76,Indice dei prezzi alla produzione dei prodotti venduti dagli agricoltori (base 2020=100) - dati mensili,SHEEPGOAT,Ovini e caprini,2023-11,121,,
M,Mensile,IT,Italia,76,Indice dei prezzi alla produzione dei prodotti venduti dagli agricoltori (base 2020=100) - dati mensili,SHEEPGOAT,Ovini e caprini,2023-12,127,,
M,Mensile,IT,Italia,76,Indice dei prezzi alla produzione dei prodotti venduti dagli agricoltori (base 2020=100) - dati mensili,SHEEPGOAT,Ovini e caprini,2024-01,125,,
M,Mensile,IT,Italia,76,Indice dei prezzi alla produzione dei prodotti venduti dagli agricoltori (base 2020=100) - dati mensili,SHEEPGOAT,Ovini e caprini,2024-02,124,,
M,Mensile,IT,Italia,76,Indice dei prezzi alla produzione dei prodotti venduti dagli agricoltori (base 2020=100) - dati mensili,SHEEPGOAT,Ovini e caprini,2024-03,128,,
M,Mensile,IT,Italia,76,Indice dei prezzi alla produzione dei prodotti venduti dagli agricoltori (base 2020=100) - dati mensili,SHEEPGOAT,Ovini e caprini,2024-04,128,,
M,Mensile,IT,Italia,76,Indice dei prezzi alla produzione dei prodotti venduti dagli agricoltori (base 2020=100) - dati mensili,SHEEPGOAT,Ovini e caprini,2024-05,127,,
M,Mensile,IT,Italia,76,Indice dei prezzi alla produzione dei prodotti venduti dagli agricoltori (base 2020=100) - dati mensili,SHEEPGOAT,Ovini e caprini,2024-06,127,,
M,Mensile,IT,Italia,76,Indice dei prezzi alla produzione dei prodotti venduti dagli agricoltori (base 2020=100) - dati mensili,SHEEPGOAT,Ovini e caprini,2024-07,125,,
M,Mensile,IT,Italia,76,Indice dei prezzi alla produzione dei prodotti venduti dagli agricoltori (base 2020=100) - dati mensili,SHEEPGOAT,Ovini e caprini,2024-08,129,,
M,Mensile,IT,Italia,76,Indice dei prezzi alla produzione dei prodotti venduti dagli agricoltori (base 2020=100) - dati mensili,SHEEPGOAT,Ovini e caprini,2024-09,127,,
M,Mensile,IT,Italia,76,Indice dei prezzi alla produzione dei prodotti venduti dagli agricoltori (base 2020=100) - dati mensili,SHEEPGOAT,Ovini e caprini,2024-10,127,,
M,Mensile,IT,Italia,76,Indice dei prezzi alla produzione dei prodotti venduti dagli agricoltori (base 2020=100) - dati mensili,SHEEPGOAT,Ovini e caprini,2024-11,128,,
M,Mensile,IT,Italia,76,Indice dei prezzi alla produzione dei prodotti venduti dagli agricoltori (base 2020=100) - dati mensili,SHEEPGOAT,Ovini e caprini,2024-12,133,,
M,Mensile,IT,Italia,76,Indice dei prezzi alla produzione dei prodotti venduti dagli agricoltori (base 2020=100) - dati mensili,SHEEPGOAT,Ovini e caprini,2025-01,135,,
M,Mensile,IT,Italia,76,Indice dei prezzi alla produzione dei prodotti venduti dagli agricoltori (base 2020=100) - dati mensili,SHEEPGOAT,Ovini e caprini,2025-02,134,,
M,Mensile,IT,Italia,76,Indice dei prezzi alla produzione dei prodotti venduti dagli agricoltori (base 2020=100) - dati mensili,SHEEPGOAT,Ovini e caprini,2025-03,134,,
M,Mensile,IT,Italia,76,Indice dei prezzi alla produzione dei prodotti venduti dagli agricoltori (base 2020=100) - dati mensili,SHEEPGOAT,Ovini e caprini,2025-04,140,,
M,Mensile,IT,Italia,76,Indice dei prezzi alla produzione dei prodotti venduti dagli agricoltori (base 2020=100) - dati mensili,SHEEPGOAT,Ovini e caprini,2025-05,138,,
M,Mensile,IT,Italia,76,Indice dei prezzi alla produzione dei prodotti venduti dagli agricoltori (base 2020=100) - dati mensili,SHEEPGOAT,Ovini e caprini,2025-06,142,,
M,Mensile,IT,Italia,76,Indice dei prezzi alla produzione dei prodotti venduti dagli agricoltori (base 2020=100) - dati mensili,SHEEPGOAT,Ovini e caprini,2025-07,143,,
M,Mensile,IT,Italia,76,Indice dei prezzi alla produzione dei prodotti venduti dagli agricoltori (base 2020=100) - dati mensili,SHEEPGOAT,Ovini e caprini,2025-08,144,,
M,Mensile,IT,Italia,76,Indice dei prezzi alla produzione dei prodotti venduti dagli agricoltori (base 2020=100) - dati mensili,SHEEPGOAT,Ovini e caprini,2025-09,146,,
M,Mensile,IT,Italia,76,Indice dei prezzi alla produzione dei prodotti venduti dagli agricoltori (base 2020=100) - dati mensili,SHEEPGOAT,Ovini e caprini,2025-10,145,,
M,Mensile,IT,Italia,76,Indice dei prezzi alla produzione dei prodotti venduti dagli agricoltori (base 2020=100) - dati mensili,SHEEPGOAT,Ovini e caprini,2025-11,146,,
M,Mensile,IT,Italia,76,Indice dei prezzi alla produzione dei prodotti venduti dagli agricoltori (base 2020=100) - dati mensili,SHEEPGOAT,Ovini e caprini,2025-12,146,,
M,Mensile,IT,Italia,76,Indice dei prezzi alla produzione dei prodotti venduti dagli agricoltori (base 2020=100) - dati mensili,SHEEPGOAT,Ovini e caprini,2026-01,143,p,Dato provvisorio
M,Mensile,IT,Italia,76,Indice dei prezzi alla produzione dei prodotti venduti dagli agricoltori (base 2020=100) - dati mensili,SHEEPGOAT,Ovini e caprini,2026-02,144,p,Dato provvisorio
M,Mensile,IT,Italia,76,Indice dei prezzi alla produzione dei prodotti venduti dagli agricoltori (base 2020=100) - dati mensili,SHEEPGOAT,Ovini e caprini,2026-03,148,p,Dato provvisorio
M,Mensile,IT,Italia,76,Indice dei prezzi alla produzione dei prodotti venduti dagli agricoltori (base 2020=100) - dati mensili,POULT,Pollame,2020-01,91,,
M,Mensile,IT,Italia,76,Indice dei prezzi alla produzione dei prodotti venduti dagli agricoltori (base 2020=100) - dati mensili,POULT,Pollame,2020-02,94,,
M,Mensile,IT,Italia,76,Indice dei prezzi alla produzione dei prodotti venduti dagli agricoltori (base 2020=100) - dati mensili,POULT,Pollame,2020-03,110,,
M,Mensile,IT,Italia,76,Indice dei prezzi alla produzione dei prodotti venduti dagli agricoltori (base 2020=100) - dati mensili,POULT,Pollame,2020-04,101,,
M,Mensile,IT,Italia,76,Indice dei prezzi alla produzione dei prodotti venduti dagli agricoltori (base 2020=100) - dati mensili,POULT,Pollame,2020-05,89,,
M,Mensile,IT,Italia,76,Indice dei prezzi alla produzione dei prodotti venduti dagli agricoltori (base 2020=100) - dati mensili,POULT,Pollame,2020-06,91,,
M,Mensile,IT,Italia,76,Indice dei prezzi alla produzione dei prodotti venduti dagli agricoltori (base 2020=100) - dati mensili,POULT,Pollame,2020-07,95,,
M,Mensile,IT,Italia,76,Indice dei prezzi alla produzione dei prodotti venduti dagli agricoltori (base 2020=100) - dati mensili,POULT,Pollame,2020-08,99,,
M,Mensile,IT,Italia,76,Indice dei prezzi alla produzione dei prodotti venduti dagli agricoltori (base 2020=100) - dati mensili,POULT,Pollame,2020-09,102,,
M,Mensile,IT,Italia,76,Indice dei prezzi alla produzione dei prodotti venduti dagli agricoltori (base 2020=100) - dati mensili,POULT,Pollame,2020-10,108,,
M,Mensile,IT,Italia,76,Indice dei prezzi alla produzione dei prodotti venduti dagli agricoltori (base 2020=100) - dati mensili,POULT,Pollame,2020-11,112,,
M,Mensile,IT,Italia,76,Indice dei prezzi alla produzione dei prodotti venduti dagli agricoltori (base 2020=100) - dati mensili,POULT,Pollame,2020-12,110,,
M,Mensile,IT,Italia,76,Indice dei prezzi alla produzione dei prodotti venduti dagli agricoltori (base 2020=100) - dati mensili,POULT,Pollame,2021-01,101,,
M,Mensile,IT,Italia,76,Indice dei prezzi alla produzione dei prodotti venduti dagli agricoltori (base 2020=100) - dati mensili,POULT,Pollame,2021-02,101,,
M,Mensile,IT,Italia,76,Indice dei prezzi alla produzione dei prodotti venduti dagli agricoltori (base 2020=100) - dati mensili,POULT,Pollame,2021-03,102,,
M,Mensile,IT,Italia,76,Indice dei prezzi alla produzione dei prodotti venduti dagli agricoltori (base 2020=100) - dati mensili,POULT,Pollame,2021-04,103,,
M,Mensile,IT,Italia,76,Indice dei prezzi alla produzione dei prodotti venduti dagli agricoltori (base 2020=100) - dati mensili,POULT,Pollame,2021-05,109,,
M,Mensile,IT,Italia,76,Indice dei prezzi alla produzione dei prodotti venduti dagli agricoltori (base 2020=100) - dati mensili,POULT,Pollame,2021-06,111,,
M,Mensile,IT,Italia,76,Indice dei prezzi alla produzione dei prodotti venduti dagli agricoltori (base 2020=100) - dati mensili,POULT,Pollame,2021-07,108,,
M,Mensile,IT,Italia,76,Indice dei prezzi alla produzione dei prodotti venduti dagli agricoltori (base 2020=100) - dati mensili,POULT,Pollame,2021-08,111,,
M,Mensile,IT,Italia,76,Indice dei prezzi alla produzione dei prodotti venduti dagli agricoltori (base 2020=100) - dati mensili,POULT,Pollame,2021-09,112,,
M,Mensile,IT,Italia,76,Indice dei prezzi alla produzione dei prodotti venduti dagli agricoltori (base 2020=100) - dati mensili,POULT,Pollame,2021-10,113,,
M,Mensile,IT,Italia,76,Indice dei prezzi alla produzione dei prodotti venduti dagli agricoltori (base 2020=100) - dati mensili,POULT,Pollame,2021-11,118,,
M,Mensile,IT,Italia,76,Indice dei prezzi alla produzione dei prodotti venduti dagli agricoltori (base 2020=100) - dati mensili,POULT,Pollame,2021-12,131,,
M,Mensile,IT,Italia,76,Indice dei prezzi alla produzione dei prodotti venduti dagli agricoltori (base 2020=100) - dati mensili,POULT,Pollame,2022-01,144,,
M,Mensile,IT,Italia,76,Indice dei prezzi alla produzione dei prodotti venduti dagli agricoltori (base 2020=100) - dati mensili,POULT,Pollame,2022-02,149,,
M,Mensile,IT,Italia,76,Indice dei prezzi alla produzione dei prodotti venduti dagli agricoltori (base 2020=100) - dati mensili,POULT,Pollame,2022-03,154,,
M,Mensile,IT,Italia,76,Indice dei prezzi alla produzione dei prodotti venduti dagli agricoltori (base 2020=100) - dati mensili,POULT,Pollame,2022-04,161,,
M,Mensile,IT,Italia,76,Indice dei prezzi alla produzione dei prodotti venduti dagli agricoltori (base 2020=100) - dati mensili,POULT,Pollame,2022-05,150,,
M,Mensile,IT,Italia,76,Indice dei prezzi alla produzione dei prodotti venduti dagli agricoltori (base 2020=100) - dati mensili,POULT,Pollame,2022-06,143,,
M,Mensile,IT,Italia,76,Indice dei prezzi alla produzione dei prodotti venduti dagli agricoltori (base 2020=100) - dati mensili,POULT,Pollame,2022-07,138,,
M,Mensile,IT,Italia,76,Indice dei prezzi alla produzione dei prodotti venduti dagli agricoltori (base 2020=100) - dati mensili,POULT,Pollame,2022-08,137,,
M,Mensile,IT,Italia,76,Indice dei prezzi alla produzione dei prodotti venduti dagli agricoltori (base 2020=100) - dati mensili,POULT,Pollame,2022-09,146,,
M,Mensile,IT,Italia,76,Indice dei prezzi alla produzione dei prodotti venduti dagli agricoltori (base 2020=100) - dati mensili,POULT,Pollame,2022-10,149,,
M,Mensile,IT,Italia,76,Indice dei prezzi alla produzione dei prodotti venduti dagli agricoltori (base 2020=100) - dati mensili,POULT,Pollame,2022-11,152,,
M,Mensile,IT,Italia,76,Indice dei prezzi alla produzione dei prodotti venduti dagli agricoltori (base 2020=100) - dati mensili,POULT,Pollame,2022-12,150,,
M,Mensile,IT,Italia,76,Indice dei prezzi alla produzione dei prodotti venduti dagli agricoltori (base 2020=100) - dati mensili,POULT,Pollame,2023-01,132,,
M,Mensile,IT,Italia,76,Indice dei prezzi alla produzione dei prodotti venduti dagli agricoltori (base 2020=100) - dati mensili,POULT,Pollame,2023-02,131,,
M,Mensile,IT,Italia,76,Indice dei prezzi alla produzione dei prodotti venduti dagli agricoltori (base 2020=100) - dati mensili,POULT,Pollame,2023-03,135,,
M,Mensile,IT,Italia,76,Indice dei prezzi alla produzione dei prodotti venduti dagli agricoltori (base 2020=100) - dati mensili,POULT,Pollame,2023-04,139,,
M,Mensile,IT,Italia,76,Indice dei prezzi alla produzione dei prodotti venduti dagli agricoltori (base 2020=100) - dati mensili,POULT,Pollame,2023-05,143,,
M,Mensile,IT,Italia,76,Indice dei prezzi alla produzione dei prodotti venduti dagli agricoltori (base 2020=100) - dati mensili,POULT,Pollame,2023-06,142,,
M,Mensile,IT,Italia,76,Indice dei prezzi alla produzione dei prodotti venduti dagli agricoltori (base 2020=100) - dati mensili,POULT,Pollame,2023-07,139,,
M,Mensile,IT,Italia,76,Indice dei prezzi alla produzione dei prodotti venduti dagli agricoltori (base 2020=100) - dati mensili,POULT,Pollame,2023-08,137,,
M,Mensile,IT,Italia,76,Indice dei prezzi alla produzione dei prodotti venduti dagli agricoltori (base 2020=100) - dati mensili,POULT,Pollame,2023-09,137,,
M,Mensile,IT,Italia,76,Indice dei prezzi alla produzione dei prodotti venduti dagli agricoltori (base 2020=100) - dati mensili,POULT,Pollame,2023-10,134,,
M,Mensile,IT,Italia,76,Indice dei prezzi alla produzione dei prodotti venduti dagli agricoltori (base 2020=100) - dati mensili,POULT,Pollame,2023-11,134,,
M,Mensile,IT,Italia,76,Indice dei prezzi alla produzione dei prodotti venduti dagli agricoltori (base 2020=100) - dati mensili,POULT,Pollame,2023-12,132,,
M,Mensile,IT,Italia,76,Indice dei prezzi alla produzione dei prodotti venduti dagli agricoltori (base 2020=100) - dati mensili,POULT,Pollame,2024-01,114,,
M,Mensile,IT,Italia,76,Indice dei prezzi alla produzione dei prodotti venduti dagli agricoltori (base 2020=100) - dati mensili,POULT,Pollame,2024-02,114,,
M,Mensile,IT,Italia,76,Indice dei prezzi alla produzione dei prodotti venduti dagli agricoltori (base 2020=100) - dati mensili,POULT,Pollame,2024-03,117,,
M,Mensile,IT,Italia,76,Indice dei prezzi alla produzione dei prodotti venduti dagli agricoltori (base 2020=100) - dati mensili,POULT,Pollame,2024-04,117,,
M,Mensile,IT,Italia,76,Indice dei prezzi alla produzione dei prodotti venduti dagli agricoltori (base 2020=100) - dati mensili,POULT,Pollame,2024-05,121,,
M,Mensile,IT,Italia,76,Indice dei prezzi alla produzione dei prodotti venduti dagli agricoltori (base 2020=100) - dati mensili,POULT,Pollame,2024-06,124,,
M,Mensile,IT,Italia,76,Indice dei prezzi alla produzione dei prodotti venduti dagli agricoltori (base 2020=100) - dati mensili,POULT,Pollame,2024-07,129,,
M,Mensile,IT,Italia,76,Indice dei prezzi alla produzione dei prodotti venduti dagli agricoltori (base 2020=100) - dati mensili,POULT,Pollame,2024-08,130,,
M,Mensile,IT,Italia,76,Indice dei prezzi alla produzione dei prodotti venduti dagli agricoltori (base 2020=100) - dati mensili,POULT,Pollame,2024-09,138,,
M,Mensile,IT,Italia,76,Indice dei prezzi alla produzione dei prodotti venduti dagli agricoltori (base 2020=100) - dati mensili,POULT,Pollame,2024-10,147,,
M,Mensile,IT,Italia,76,Indice dei prezzi alla produzione dei prodotti venduti dagli agricoltori (base 2020=100) - dati mensili,POULT,Pollame,2024-11,147,,
M,Mensile,IT,Italia,76,Indice dei prezzi alla produzione dei prodotti venduti dagli agricoltori (base 2020=100) - dati mensili,POULT,Pollame,2024-12,144,,
M,Mensile,IT,Italia,76,Indice dei prezzi alla produzione dei prodotti venduti dagli agricoltori (base 2020=100) - dati mensili,POULT,Pollame,2025-01,140,,
M,Mensile,IT,Italia,76,Indice dei prezzi alla produzione dei prodotti venduti dagli agricoltori (base 2020=100) - dati mensili,POULT,Pollame,2025-02,137,,
M,Mensile,IT,Italia,76,Indice dei prezzi alla produzione dei prodotti venduti dagli agricoltori (base 2020=100) - dati mensili,POULT,Pollame,2025-03,143,,
M,Mensile,IT,Italia,76,Indice dei prezzi alla produzione dei prodotti venduti dagli agricoltori (base 2020=100) - dati mensili,POULT,Pollame,2025-04,147,,
M,Mensile,IT,Italia,76,Indice dei prezzi alla produzione dei prodotti venduti dagli agricoltori (base 2020=100) - dati mensili,POULT,Pollame,2025-05,147,,
M,Mensile,IT,Italia,76,Indice dei prezzi alla produzione dei prodotti venduti dagli agricoltori (base 2020=100) - dati mensili,POULT,Pollame,2025-06,150,,
M,Mensile,IT,Italia,76,Indice dei prezzi alla produzione dei prodotti venduti dagli agricoltori (base 2020=100) - dati mensili,POULT,Pollame,2025-07,150,,
M,Mensile,IT,Italia,76,Indice dei prezzi alla produzione dei prodotti venduti dagli agricoltori (base 2020=100) - dati mensili,POULT,Pollame,2025-08,151,,
M,Mensile,IT,Italia,76,Indice dei prezzi alla produzione dei prodotti venduti dagli agricoltori (base 2020=100) - dati mensili,POULT,Pollame,2025-09,153,,
M,Mensile,IT,Italia,76,Indice dei prezzi alla produzione dei prodotti venduti dagli agricoltori (base 2020=100) - dati mensili,POULT,Pollame,2025-10,155,,
M,Mensile,IT,Italia,76,Indice dei prezzi alla produzione dei prodotti venduti dagli agricoltori (base 2020=100) - dati mensili,POULT,Pollame,2025-11,158,,
M,Mensile,IT,Italia,76,Indice dei prezzi alla produzione dei prodotti venduti dagli agricoltori (base 2020=100) - dati mensili,POULT,Pollame,2025-12,153,,
M,Mensile,IT,Italia,76,Indice dei prezzi alla produzione dei prodotti venduti dagli agricoltori (base 2020=100) - dati mensili,POULT,Pollame,2026-01,148,p,Dato provvisorio
M,Mensile,IT,Italia,76,Indice dei prezzi alla produzione dei prodotti venduti dagli agricoltori (base 2020=100) - dati mensili,POULT,Pollame,2026-02,146,p,Dato provvisorio
M,Mensile,IT,Italia,76,Indice dei prezzi alla produzione dei prodotti venduti dagli agricoltori (base 2020=100) - dati mensili,POULT,Pollame,2026-03,149,p,Dato provvisorio
M,Mensile,IT,Italia,76,Indice dei prezzi alla produzione dei prodotti venduti dagli agricoltori (base 2020=100) - dati mensili,ANIMAODUCT,Prodotti animali,2020-01,103,,
M,Mensile,IT,Italia,76,Indice dei prezzi alla produzione dei prodotti venduti dagli agricoltori (base 2020=100) - dati mensili,ANIMAODUCT,Prodotti animali,2020-02,102,,
M,Mensile,IT,Italia,76,Indice dei prezzi alla produzione dei prodotti venduti dagli agricoltori (base 2020=100) - dati mensili,ANIMAODUCT,Prodotti animali,2020-03,100,,
M,Mensile,IT,Italia,76,Indice dei prezzi alla produzione dei prodotti venduti dagli agricoltori (base 2020=100) - dati mensili,ANIMAODUCT,Prodotti animali,2020-04,99,,
M,Mensile,IT,Italia,76,Indice dei prezzi alla produzione dei prodotti venduti dagli agricoltori (base 2020=100) - dati mensili,ANIMAODUCT,Prodotti animali,2020-05,100,,
M,Mensile,IT,Italia,76,Indice dei prezzi alla produzione dei prodotti venduti dagli agricoltori (base 2020=100) - dati mensili,ANIMAODUCT,Prodotti animali,2020-06,100,,
M,Mensile,IT,Italia,76,Indice dei prezzi alla produzione dei prodotti venduti dagli agricoltori (base 2020=100) - dati mensili,ANIMAODUCT,Prodotti animali,2020-07,100,,
M,Mensile,IT,Italia,76,Indice dei prezzi alla produzione dei prodotti venduti dagli agricoltori (base 2020=100) - dati mensili,ANIMAODUCT,Prodotti animali,2020-08,100,,
M,Mensile,IT,Italia,76,Indice dei prezzi alla produzione dei prodotti venduti dagli agricoltori (base 2020=100) - dati mensili,ANIMAODUCT,Prodotti animali,2020-09,100,,
M,Mensile,IT,Italia,76,Indice dei prezzi alla produzione dei prodotti venduti dagli agricoltori (base 2020=100) - dati mensili,ANIMAODUCT,Prodotti animali,2020-10,100,,
M,Mensile,IT,Italia,76,Indice dei prezzi alla produzione dei prodotti venduti dagli agricoltori (base 2020=100) - dati mensili,ANIMAODUCT,Prodotti animali,2020-11,100,,
M,Mensile,IT,Italia,76,Indice dei prezzi alla produzione dei prodotti venduti dagli agricoltori (base 2020=100) - dati mensili,ANIMAODUCT,Prodotti animali,2020-12,97,,
M,Mensile,IT,Italia,76,Indice dei prezzi alla produzione dei prodotti venduti dagli agricoltori (base 2020=100) - dati mensili,ANIMAODUCT,Prodotti animali,2021-01,98,,
M,Mensile,IT,Italia,76,Indice dei prezzi alla produzione dei prodotti venduti dagli agricoltori (base 2020=100) - dati mensili,ANIMAODUCT,Prodotti animali,2021-02,98,,
M,Mensile,IT,Italia,76,Indice dei prezzi alla produzione dei prodotti venduti dagli agricoltori (base 2020=100) - dati mensili,ANIMAODUCT,Prodotti animali,2021-03,98,,
M,Mensile,IT,Italia,76,Indice dei prezzi alla produzione dei prodotti venduti dagli agricoltori (base 2020=100) - dati mensili,ANIMAODUCT,Prodotti animali,2021-04,97,,
M,Mensile,IT,Italia,76,Indice dei prezzi alla produzione dei prodotti venduti dagli agricoltori (base 2020=100) - dati mensili,ANIMAODUCT,Prodotti animali,2021-05,98,,
M,Mensile,IT,Italia,76,Indice dei prezzi alla produzione dei prodotti venduti dagli agricoltori (base 2020=100) - dati mensili,ANIMAODUCT,Prodotti animali,2021-06,98,,
M,Mensile,IT,Italia,76,Indice dei prezzi alla produzione dei prodotti venduti dagli agricoltori (base 2020=100) - dati mensili,ANIMAODUCT,Prodotti animali,2021-07,99,,
M,Mensile,IT,Italia,76,Indice dei prezzi alla produzione dei prodotti venduti dagli agricoltori (base 2020=100) - dati mensili,ANIMAODUCT,Prodotti animali,2021-08,100,,
M,Mensile,IT,Italia,76,Indice dei prezzi alla produzione dei prodotti venduti dagli agricoltori (base 2020=100) - dati mensili,ANIMAODUCT,Prodotti animali,2021-09,103,,
M,Mensile,IT,Italia,76,Indice dei prezzi alla produzione dei prodotti venduti dagli agricoltori (base 2020=100) - dati mensili,ANIMAODUCT,Prodotti animali,2021-10,105,,
M,Mensile,IT,Italia,76,Indice dei prezzi alla produzione dei prodotti venduti dagli agricoltori (base 2020=100) - dati mensili,ANIMAODUCT,Prodotti animali,2021-11,108,,
M,Mensile,IT,Italia,76,Indice dei prezzi alla produzione dei prodotti venduti dagli agricoltori (base 2020=100) - dati mensili,ANIMAODUCT,Prodotti animali,2021-12,109,,
M,Mensile,IT,Italia,76,Indice dei prezzi alla produzione dei prodotti venduti dagli agricoltori (base 2020=100) - dati mensili,ANIMAODUCT,Prodotti animali,2022-01,113,,
M,Mensile,IT,Italia,76,Indice dei prezzi alla produzione dei prodotti venduti dagli agricoltori (base 2020=100) - dati mensili,ANIMAODUCT,Prodotti animali,2022-02,113,,
M,Mensile,IT,Italia,76,Indice dei prezzi alla produzione dei prodotti venduti dagli agricoltori (base 2020=100) - dati mensili,ANIMAODUCT,Prodotti animali,2022-03,116,,
M,Mensile,IT,Italia,76,Indice dei prezzi alla produzione dei prodotti venduti dagli agricoltori (base 2020=100) - dati mensili,ANIMAODUCT,Prodotti animali,2022-04,120,,
M,Mensile,IT,Italia,76,Indice dei prezzi alla produzione dei prodotti venduti dagli agricoltori (base 2020=100) - dati mensili,ANIMAODUCT,Prodotti animali,2022-05,122,,
M,Mensile,IT,Italia,76,Indice dei prezzi alla produzione dei prodotti venduti dagli agricoltori (base 2020=100) - dati mensili,ANIMAODUCT,Prodotti animali,2022-06,124,,
M,Mensile,IT,Italia,76,Indice dei prezzi alla produzione dei prodotti venduti dagli agricoltori (base 2020=100) - dati mensili,ANIMAODUCT,Prodotti animali,2022-07,129,,
M,Mensile,IT,Italia,76,Indice dei prezzi alla produzione dei prodotti venduti dagli agricoltori (base 2020=100) - dati mensili,ANIMAODUCT,Prodotti animali,2022-08,131,,
M,Mensile,IT,Italia,76,Indice dei prezzi alla produzione dei prodotti venduti dagli agricoltori (base 2020=100) - dati mensili,ANIMAODUCT,Prodotti animali,2022-09,135,,
M,Mensile,IT,Italia,76,Indice dei prezzi alla produzione dei prodotti venduti dagli agricoltori (base 2020=100) - dati mensili,ANIMAODUCT,Prodotti animali,2022-10,137,,
M,Mensile,IT,Italia,76,Indice dei prezzi alla produzione dei prodotti venduti dagli agricoltori (base 2020=100) - dati mensili,ANIMAODUCT,Prodotti animali,2022-11,139,,
M,Mensile,IT,Italia,76,Indice dei prezzi alla produzione dei prodotti venduti dagli agricoltori (base 2020=100) - dati mensili,ANIMAODUCT,Prodotti animali,2022-12,141,,
M,Mensile,IT,Italia,76,Indice dei prezzi alla produzione dei prodotti venduti dagli agricoltori (base 2020=100) - dati mensili,ANIMAODUCT,Prodotti animali,2023-01,142,,
M,Mensile,IT,Italia,76,Indice dei prezzi alla produzione dei prodotti venduti dagli agricoltori (base 2020=100) - dati mensili,ANIMAODUCT,Prodotti animali,2023-02,140,,
M,Mensile,IT,Italia,76,Indice dei prezzi alla produzione dei prodotti venduti dagli agricoltori (base 2020=100) - dati mensili,ANIMAODUCT,Prodotti animali,2023-03,140,,
M,Mensile,IT,Italia,76,Indice dei prezzi alla produzione dei prodotti venduti dagli agricoltori (base 2020=100) - dati mensili,ANIMAODUCT,Prodotti animali,2023-04,136,,
M,Mensile,IT,Italia,76,Indice dei prezzi alla produzione dei prodotti venduti dagli agricoltori (base 2020=100) - dati mensili,ANIMAODUCT,Prodotti animali,2023-05,134,,
M,Mensile,IT,Italia,76,Indice dei prezzi alla produzione dei prodotti venduti dagli agricoltori (base 2020=100) - dati mensili,ANIMAODUCT,Prodotti animali,2023-06,135,,
M,Mensile,IT,Italia,76,Indice dei prezzi alla produzione dei prodotti venduti dagli agricoltori (base 2020=100) - dati mensili,ANIMAODUCT,Prodotti animali,2023-07,136,,
M,Mensile,IT,Italia,76,Indice dei prezzi alla produzione dei prodotti venduti dagli agricoltori (base 2020=100) - dati mensili,ANIMAODUCT,Prodotti animali,2023-08,135,,
M,Mensile,IT,Italia,76,Indice dei prezzi alla produzione dei prodotti venduti dagli agricoltori (base 2020=100) - dati mensili,ANIMAODUCT,Prodotti animali,2023-09,135,,
M,Mensile,IT,Italia,76,Indice dei prezzi alla produzione dei prodotti venduti dagli agricoltori (base 2020=100) - dati mensili,ANIMAODUCT,Prodotti animali,2023-10,135,,
M,Mensile,IT,Italia,76,Indice dei prezzi alla produzione dei prodotti venduti dagli agricoltori (base 2020=100) - dati mensili,ANIMAODUCT,Prodotti animali,2023-11,136,,
M,Mensile,IT,Italia,76,Indice dei prezzi alla produzione dei prodotti venduti dagli agricoltori (base 2020=100) - dati mensili,ANIMAODUCT,Prodotti animali,2023-12,134,,
M,Mensile,IT,Italia,76,Indice dei prezzi alla produzione dei prodotti venduti dagli agricoltori (base 2020=100) - dati mensili,ANIMAODUCT,Prodotti animali,2024-01,138,,
M,Mensile,IT,Italia,76,Indice dei prezzi alla produzione dei prodotti venduti dagli agricoltori (base 2020=100) - dati mensili,ANIMAODUCT,Prodotti animali,2024-02,136,,
M,Mensile,IT,Italia,76,Indice dei prezzi alla produzione dei prodotti venduti dagli agricoltori (base 2020=100) - dati mensili,ANIMAODUCT,Prodotti animali,2024-03,135,,
M,Mensile,IT,Italia,76,Indice dei prezzi alla produzione dei prodotti venduti dagli agricoltori (base 2020=100) - dati mensili,ANIMAODUCT,Prodotti animali,2024-04,135,,
M,Mensile,IT,Italia,76,Indice dei prezzi alla produzione dei prodotti venduti dagli agricoltori (base 2020=100) - dati mensili,ANIMAODUCT,Prodotti animali,2024-05,137,,
M,Mensile,IT,Italia,76,Indice dei prezzi alla produzione dei prodotti venduti dagli agricoltori (base 2020=100) - dati mensili,ANIMAODUCT,Prodotti animali,2024-06,139,,
M,Mensile,IT,Italia,76,Indice dei prezzi alla produzione dei prodotti venduti dagli agricoltori (base 2020=100) - dati mensili,ANIMAODUCT,Prodotti animali,2024-07,141,,
M,Mensile,IT,Italia,76,Indice dei prezzi alla produzione dei prodotti venduti dagli agricoltori (base 2020=100) - dati mensili,ANIMAODUCT,Prodotti animali,2024-08,143,,
M,Mensile,IT,Italia,76,Indice dei prezzi alla produzione dei prodotti venduti dagli agricoltori (base 2020=100) - dati mensili,ANIMAODUCT,Prodotti animali,2024-09,146,,
M,Mensile,IT,Italia,76,Indice dei prezzi alla produzione dei prodotti venduti dagli agricoltori (base 2020=100) - dati mensili,ANIMAODUCT,Prodotti animali,2024-10,149,,
M,Mensile,IT,Italia,76,Indice dei prezzi alla produzione dei prodotti venduti dagli agricoltori (base 2020=100) - dati mensili,ANIMAODUCT,Prodotti animali,2024-11,151,,
M,Mensile,IT,Italia,76,Indice dei prezzi alla produzione dei prodotti venduti dagli agricoltori (base 2020=100) - dati mensili,ANIMAODUCT,Prodotti animali,2024-12,152,,
M,Mensile,IT,Italia,76,Indice dei prezzi alla produzione dei prodotti venduti dagli agricoltori (base 2020=100) - dati mensili,ANIMAODUCT,Prodotti animali,2025-01,152,,
M,Mensile,IT,Italia,76,Indice dei prezzi alla produzione dei prodotti venduti dagli agricoltori (base 2020=100) - dati mensili,ANIMAODUCT,Prodotti animali,2025-02,153,,
M,Mensile,IT,Italia,76,Indice dei prezzi alla produzione dei prodotti venduti dagli agricoltori (base 2020=100) - dati mensili,ANIMAODUCT,Prodotti animali,2025-03,153,,
M,Mensile,IT,Italia,76,Indice dei prezzi alla produzione dei prodotti venduti dagli agricoltori (base 2020=100) - dati mensili,ANIMAODUCT,Prodotti animali,2025-04,154,,
M,Mensile,IT,Italia,76,Indice dei prezzi alla produzione dei prodotti venduti dagli agricoltori (base 2020=100) - dati mensili,ANIMAODUCT,Prodotti animali,2025-05,156,,
M,Mensile,IT,Italia,76,Indice dei prezzi alla produzione dei prodotti venduti dagli agricoltori (base 2020=100) - dati mensili,ANIMAODUCT,Prodotti animali,2025-06,158,,
M,Mensile,IT,Italia,76,Indice dei prezzi alla produzione dei prodotti venduti dagli agricoltori (base 2020=100) - dati mensili,ANIMAODUCT,Prodotti animali,2025-07,158,,
M,Mensile,IT,Italia,76,Indice dei prezzi alla produzione dei prodotti venduti dagli agricoltori (base 2020=100) - dati mensili,ANIMAODUCT,Prodotti animali,2025-08,159,,
M,Mensile,IT,Italia,76,Indice dei prezzi alla produzione dei prodotti venduti dagli agricoltori (base 2020=100) - dati mensili,ANIMAODUCT,Prodotti animali,2025-09,158,,
M,Mensile,IT,Italia,76,Indice dei prezzi alla produzione dei prodotti venduti dagli agricoltori (base 2020=100) - dati mensili,ANIMAODUCT,Prodotti animali,2025-10,157,,
M,Mensile,IT,Italia,76,Indice dei prezzi alla produzione dei prodotti venduti dagli agricoltori (base 2020=100) - dati mensili,ANIMAODUCT,Prodotti animali,2025-11,157,,
M,Mensile,IT,Italia,76,Indice dei prezzi alla produzione dei prodotti venduti dagli agricoltori (base 2020=100) - dati mensili,ANIMAODUCT,Prodotti animali,2025-12,152,,
M,Mensile,IT,Italia,76,Indice dei prezzi alla produzione dei prodotti venduti dagli agricoltori (base 2020=100) - dati mensili,ANIMAODUCT,Prodotti animali,2026-01,145,p,Dato provvisorio
M,Mensile,IT,Italia,76,Indice dei prezzi alla produzione dei prodotti venduti dagli agricoltori (base 2020=100) - dati mensili,ANIMAODUCT,Prodotti animali,2026-02,144,p,Dato provvisorio
M,Mensile,IT,Italia,76,Indice dei prezzi alla produzione dei prodotti venduti dagli agricoltori (base 2020=100) - dati mensili,ANIMAODUCT,Prodotti animali,2026-03,142,p,Dato provvisorio
M,Mensile,IT,Italia,76,Indice dei prezzi alla produzione dei prodotti venduti dagli agricoltori (base 2020=100) - dati mensili,TOTAGRICOUT_NOFV,Indice generale (esclusi frutta e ortaggi),2020-01,103,,
M,Mensile,IT,Italia,76,Indice dei prezzi alla produzione dei prodotti venduti dagli agricoltori (base 2020=100) - dati mensili,TOTAGRICOUT_NOFV,Indice generale (esclusi frutta e ortaggi),2020-02,102,,
M,Mensile,IT,Italia,76,Indice dei prezzi alla produzione dei prodotti venduti dagli agricoltori (base 2020=100) - dati mensili,TOTAGRICOUT_NOFV,Indice generale (esclusi frutta e ortaggi),2020-03,103,,
M,Mensile,IT,Italia,76,Indice dei prezzi alla produzione dei prodotti venduti dagli agricoltori (base 2020=100) - dati mensili,TOTAGRICOUT_NOFV,Indice generale (esclusi frutta e ortaggi),2020-04,100,,
M,Mensile,IT,Italia,76,Indice dei prezzi alla produzione dei prodotti venduti dagli agricoltori (base 2020=100) - dati mensili,TOTAGRICOUT_NOFV,Indice generale (esclusi frutta e ortaggi),2020-05,98,,
M,Mensile,IT,Italia,76,Indice dei prezzi alla produzione dei prodotti venduti dagli agricoltori (base 2020=100) - dati mensili,TOTAGRICOUT_NOFV,Indice generale (esclusi frutta e ortaggi),2020-06,97,,
M,Mensile,IT,Italia,76,Indice dei prezzi alla produzione dei prodotti venduti dagli agricoltori (base 2020=100) - dati mensili,TOTAGRICOUT_NOFV,Indice generale (esclusi frutta e ortaggi),2020-07,98,,
M,Mensile,IT,Italia,76,Indice dei prezzi alla produzione dei prodotti venduti dagli agricoltori (base 2020=100) - dati mensili,TOTAGRICOUT_NOFV,Indice generale (esclusi frutta e ortaggi),2020-08,98,,
M,Mensile,IT,Italia,76,Indice dei prezzi alla produzione dei prodotti venduti dagli agricoltori (base 2020=100) - dati mensili,TOTAGRICOUT_NOFV,Indice generale (esclusi frutta e ortaggi),2020-09,100,,
M,Mensile,IT,Italia,76,Indice dei prezzi alla produzione dei prodotti venduti dagli agricoltori (base 2020=100) - dati mensili,TOTAGRICOUT_NOFV,Indice generale (esclusi frutta e ortaggi),2020-10,101,,
M,Mensile,IT,Italia,76,Indice dei prezzi alla produzione dei prodotti venduti dagli agricoltori (base 2020=100) - dati mensili,TOTAGRICOUT_NOFV,Indice generale (esclusi frutta e ortaggi),2020-11,101,,
M,Mensile,IT,Italia,76,Indice dei prezzi alla produzione dei prodotti venduti dagli agricoltori (base 2020=100) - dati mensili,TOTAGRICOUT_NOFV,Indice generale (esclusi frutta e ortaggi),2020-12,100,,
M,Mensile,IT,Italia,76,Indice dei prezzi alla produzione dei prodotti venduti dagli agricoltori (base 2020=100) - dati mensili,TOTAGRICOUT_NOFV,Indice generale (esclusi frutta e ortaggi),2021-01,100,,
M,Mensile,IT,Italia,76,Indice dei prezzi alla produzione dei prodotti venduti dagli agricoltori (base 2020=100) - dati mensili,TOTAGRICOUT_NOFV,Indice generale (esclusi frutta e ortaggi),2021-02,102,,
M,Mensile,IT,Italia,76,Indice dei prezzi alla produzione dei prodotti venduti dagli agricoltori (base 2020=100) - dati mensili,TOTAGRICOUT_NOFV,Indice generale (esclusi frutta e ortaggi),2021-03,103,,
M,Mensile,IT,Italia,76,Indice dei prezzi alla produzione dei prodotti venduti dagli agricoltori (base 2020=100) - dati mensili,TOTAGRICOUT_NOFV,Indice generale (esclusi frutta e ortaggi),2021-04,104,,
M,Mensile,IT,Italia,76,Indice dei prezzi alla produzione dei prodotti venduti dagli agricoltori (base 2020=100) - dati mensili,TOTAGRICOUT_NOFV,Indice generale (esclusi frutta e ortaggi),2021-05,106,,
M,Mensile,IT,Italia,76,Indice dei prezzi alla produzione dei prodotti venduti dagli agricoltori (base 2020=100) - dati mensili,TOTAGRICOUT_NOFV,Indice generale (esclusi frutta e ortaggi),2021-06,107,,
M,Mensile,IT,Italia,76,Indice dei prezzi alla produzione dei prodotti venduti dagli agricoltori (base 2020=100) - dati mensili,TOTAGRICOUT_NOFV,Indice generale (esclusi frutta e ortaggi),2021-07,107,,
M,Mensile,IT,Italia,76,Indice dei prezzi alla produzione dei prodotti venduti dagli agricoltori (base 2020=100) - dati mensili,TOTAGRICOUT_NOFV,Indice generale (esclusi frutta e ortaggi),2021-08,109,,
M,Mensile,IT,Italia,76,Indice dei prezzi alla produzione dei prodotti venduti dagli agricoltori (base 2020=100) - dati mensili,TOTAGRICOUT_NOFV,Indice generale (esclusi frutta e ortaggi),2021-09,111,,
M,Mensile,IT,Italia,76,Indice dei prezzi alla produzione dei prodotti venduti dagli agricoltori (base 2020=100) - dati mensili,TOTAGRICOUT_NOFV,Indice generale (esclusi frutta e ortaggi),2021-10,114,,
M,Mensile,IT,Italia,76,Indice dei prezzi alla produzione dei prodotti venduti dagli agricoltori (base 2020=100) - dati mensili,TOTAGRICOUT_NOFV,Indice generale (esclusi frutta e ortaggi),2021-11,117,,
M,Mensile,IT,Italia,76,Indice dei prezzi alla produzione dei prodotti venduti dagli agricoltori (base 2020=100) - dati mensili,TOTAGRICOUT_NOFV,Indice generale (esclusi frutta e ortaggi),2021-12,120,,
M,Mensile,IT,Italia,76,Indice dei prezzi alla produzione dei prodotti venduti dagli agricoltori (base 2020=100) - dati mensili,TOTAGRICOUT_NOFV,Indice generale (esclusi frutta e ortaggi),2022-01,122,,
M,Mensile,IT,Italia,76,Indice dei prezzi alla produzione dei prodotti venduti dagli agricoltori (base 2020=100) - dati mensili,TOTAGRICOUT_NOFV,Indice generale (esclusi frutta e ortaggi),2022-02,123,,
M,Mensile,IT,Italia,76,Indice dei prezzi alla produzione dei prodotti venduti dagli agricoltori (base 2020=100) - dati mensili,TOTAGRICOUT_NOFV,Indice generale (esclusi frutta e ortaggi),2022-03,129,,
M,Mensile,IT,Italia,76,Indice dei prezzi alla produzione dei prodotti venduti dagli agricoltori (base 2020=100) - dati mensili,TOTAGRICOUT_NOFV,Indice generale (esclusi frutta e ortaggi),2022-04,132,,
M,Mensile,IT,Italia,76,Indice dei prezzi alla produzione dei prodotti venduti dagli agricoltori (base 2020=100) - dati mensili,TOTAGRICOUT_NOFV,Indice generale (esclusi frutta e ortaggi),2022-05,132,,
M,Mensile,IT,Italia,76,Indice dei prezzi alla produzione dei prodotti venduti dagli agricoltori (base 2020=100) - dati mensili,TOTAGRICOUT_NOFV,Indice generale (esclusi frutta e ortaggi),2022-06,132,,
M,Mensile,IT,Italia,76,Indice dei prezzi alla produzione dei prodotti venduti dagli agricoltori (base 2020=100) - dati mensili,TOTAGRICOUT_NOFV,Indice generale (esclusi frutta e ortaggi),2022-07,133,,
M,Mensile,IT,Italia,76,Indice dei prezzi alla produzione dei prodotti venduti dagli agricoltori (base 2020=100) - dati mensili,TOTAGRICOUT_NOFV,Indice generale (esclusi frutta e ortaggi),2022-08,136,,
M,Mensile,IT,Italia,76,Indice dei prezzi alla produzione dei prodotti venduti dagli agricoltori (base 2020=100) - dati mensili,TOTAGRICOUT_NOFV,Indice generale (esclusi frutta e ortaggi),2022-09,138,,
M,Mensile,IT,Italia,76,Indice dei prezzi alla produzione dei prodotti venduti dagli agricoltori (base 2020=100) - dati mensili,TOTAGRICOUT_NOFV,Indice generale (esclusi frutta e ortaggi),2022-10,140,,
M,Mensile,IT,Italia,76,Indice dei prezzi alla produzione dei prodotti venduti dagli agricoltori (base 2020=100) - dati mensili,TOTAGRICOUT_NOFV,Indice generale (esclusi frutta e ortaggi),2022-11,140,,
M,Mensile,IT,Italia,76,Indice dei prezzi alla produzione dei prodotti venduti dagli agricoltori (base 2020=100) - dati mensili,TOTAGRICOUT_NOFV,Indice generale (esclusi frutta e ortaggi),2022-12,140,,
M,Mensile,IT,Italia,76,Indice dei prezzi alla produzione dei prodotti venduti dagli agricoltori (base 2020=100) - dati mensili,TOTAGRICOUT_NOFV,Indice generale (esclusi frutta e ortaggi),2023-01,136,,
M,Mensile,IT,Italia,76,Indice dei prezzi alla produzione dei prodotti venduti dagli agricoltori (base 2020=100) - dati mensili,TOTAGRICOUT_NOFV,Indice generale (esclusi frutta e ortaggi),2023-02,134,,
M,Mensile,IT,Italia,76,Indice dei prezzi alla produzione dei prodotti venduti dagli agricoltori (base 2020=100) - dati mensili,TOTAGRICOUT_NOFV,Indice generale (esclusi frutta e ortaggi),2023-03,135,,
M,Mensile,IT,Italia,76,Indice dei prezzi alla produzione dei prodotti venduti dagli agricoltori (base 2020=100) - dati mensili,TOTAGRICOUT_NOFV,Indice generale (esclusi frutta e ortaggi),2023-04,133,,
M,Mensile,IT,Italia,76,Indice dei prezzi alla produzione dei prodotti venduti dagli agricoltori (base 2020=100) - dati mensili,TOTAGRICOUT_NOFV,Indice generale (esclusi frutta e ortaggi),2023-05,132,,
M,Mensile,IT,Italia,76,Indice dei prezzi alla produzione dei prodotti venduti dagli agricoltori (base 2020=100) - dati mensili,TOTAGRICOUT_NOFV,Indice generale (esclusi frutta e ortaggi),2023-06,130,,
M,Mensile,IT,Italia,76,Indice dei prezzi alla produzione dei prodotti venduti dagli agricoltori (base 2020=100) - dati mensili,TOTAGRICOUT_NOFV,Indice generale (esclusi frutta e ortaggi),2023-07,130,,
M,Mensile,IT,Italia,76,Indice dei prezzi alla produzione dei prodotti venduti dagli agricoltori (base 2020=100) - dati mensili,TOTAGRICOUT_NOFV,Indice generale (esclusi frutta e ortaggi),2023-08,131,,
M,Mensile,IT,Italia,76,Indice dei prezzi alla produzione dei prodotti venduti dagli agricoltori (base 2020=100) - dati mensili,TOTAGRICOUT_NOFV,Indice generale (esclusi frutta e ortaggi),2023-09,132,,
M,Mensile,IT,Italia,76,Indice dei prezzi alla produzione dei prodotti venduti dagli agricoltori (base 2020=100) - dati mensili,TOTAGRICOUT_NOFV,Indice generale (esclusi frutta e ortaggi),2023-10,133,,
M,Mensile,IT,Italia,76,Indice dei prezzi alla produzione dei prodotti venduti dagli agricoltori (base 2020=100) - dati mensili,TOTAGRICOUT_NOFV,Indice generale (esclusi frutta e ortaggi),2023-11,135,,
M,Mensile,IT,Italia,76,Indice dei prezzi alla produzione dei prodotti venduti dagli agricoltori (base 2020=100) - dati mensili,TOTAGRICOUT_NOFV,Indice generale (esclusi frutta e ortaggi),2023-12,134,,
M,Mensile,IT,Italia,76,Indice dei prezzi alla produzione dei prodotti venduti dagli agricoltori (base 2020=100) - dati mensili,TOTAGRICOUT_NOFV,Indice generale (esclusi frutta e ortaggi),2024-01,133,,
M,Mensile,IT,Italia,76,Indice dei prezzi alla produzione dei prodotti venduti dagli agricoltori (base 2020=100) - dati mensili,TOTAGRICOUT_NOFV,Indice generale (esclusi frutta e ortaggi),2024-02,132,,
M,Mensile,IT,Italia,76,Indice dei prezzi alla produzione dei prodotti venduti dagli agricoltori (base 2020=100) - dati mensili,TOTAGRICOUT_NOFV,Indice generale (esclusi frutta e ortaggi),2024-03,131,,
M,Mensile,IT,Italia,76,Indice dei prezzi alla produzione dei prodotti venduti dagli agricoltori (base 2020=100) - dati mensili,TOTAGRICOUT_NOFV,Indice generale (esclusi frutta e ortaggi),2024-04,131,,
M,Mensile,IT,Italia,76,Indice dei prezzi alla produzione dei prodotti venduti dagli agricoltori (base 2020=100) - dati mensili,TOTAGRICOUT_NOFV,Indice generale (esclusi frutta e ortaggi),2024-05,131,,
M,Mensile,IT,Italia,76,Indice dei prezzi alla produzione dei prodotti venduti dagli agricoltori (base 2020=100) - dati mensili,TOTAGRICOUT_NOFV,Indice generale (esclusi frutta e ortaggi),2024-06,131,,
M,Mensile,IT,Italia,76,Indice dei prezzi alla produzione dei prodotti venduti dagli agricoltori (base 2020=100) - dati mensili,TOTAGRICOUT_NOFV,Indice generale (esclusi frutta e ortaggi),2024-07,131,,
M,Mensile,IT,Italia,76,Indice dei prezzi alla produzione dei prodotti venduti dagli agricoltori (base 2020=100) - dati mensili,TOTAGRICOUT_NOFV,Indice generale (esclusi frutta e ortaggi),2024-08,133,,
M,Mensile,IT,Italia,76,Indice dei prezzi alla produzione dei prodotti venduti dagli agricoltori (base 2020=100) - dati mensili,TOTAGRICOUT_NOFV,Indice generale (esclusi frutta e ortaggi),2024-09,135,,
M,Mensile,IT,Italia,76,Indice dei prezzi alla produzione dei prodotti venduti dagli agricoltori (base 2020=100) - dati mensili,TOTAGRICOUT_NOFV,Indice generale (esclusi frutta e ortaggi),2024-10,138,,
M,Mensile,IT,Italia,76,Indice dei prezzi alla produzione dei prodotti venduti dagli agricoltori (base 2020=100) - dati mensili,TOTAGRICOUT_NOFV,Indice generale (esclusi frutta e ortaggi),2024-11,139,,
M,Mensile,IT,Italia,76,Indice dei prezzi alla produzione dei prodotti venduti dagli agricoltori (base 2020=100) - dati mensili,TOTAGRICOUT_NOFV,Indice generale (esclusi frutta e ortaggi),2024-12,139,,
M,Mensile,IT,Italia,76,Indice dei prezzi alla produzione dei prodotti venduti dagli agricoltori (base 2020=100) - dati mensili,TOTAGRICOUT_NOFV,Indice generale (esclusi frutta e ortaggi),2025-01,139,,
M,Mensile,IT,Italia,76,Indice dei prezzi alla produzione dei prodotti venduti dagli agricoltori (base 2020=100) - dati mensili,TOTAGRICOUT_NOFV,Indice generale (esclusi frutta e ortaggi),2025-02,139,,
M,Mensile,IT,Italia,76,Indice dei prezzi alla produzione dei prodotti venduti dagli agricoltori (base 2020=100) - dati mensili,TOTAGRICOUT_NOFV,Indice generale (esclusi frutta e ortaggi),2025-03,139,,
M,Mensile,IT,Italia,76,Indice dei prezzi alla produzione dei prodotti venduti dagli agricoltori (base 2020=100) - dati mensili,TOTAGRICOUT_NOFV,Indice generale (esclusi frutta e ortaggi),2025-04,141,,
M,Mensile,IT,Italia,76,Indice dei prezzi alla produzione dei prodotti venduti dagli agricoltori (base 2020=100) - dati mensili,TOTAGRICOUT_NOFV,Indice generale (esclusi frutta e ortaggi),2025-05,140,,
M,Mensile,IT,Italia,76,Indice dei prezzi alla produzione dei prodotti venduti dagli agricoltori (base 2020=100) - dati mensili,TOTAGRICOUT_NOFV,Indice generale (esclusi frutta e ortaggi),2025-06,141,,
M,Mensile,IT,Italia,76,Indice dei prezzi alla produzione dei prodotti venduti dagli agricoltori (base 2020=100) - dati mensili,TOTAGRICOUT_NOFV,Indice generale (esclusi frutta e ortaggi),2025-07,141,,
M,Mensile,IT,Italia,76,Indice dei prezzi alla produzione dei prodotti venduti dagli agricoltori (base 2020=100) - dati mensili,TOTAGRICOUT_NOFV,Indice generale (esclusi frutta e ortaggi),2025-08,142,,
M,Mensile,IT,Italia,76,Indice dei prezzi alla produzione dei prodotti venduti dagli agricoltori (base 2020=100) - dati mensili,TOTAGRICOUT_NOFV,Indice generale (esclusi frutta e ortaggi),2025-09,143,,
M,Mensile,IT,Italia,76,Indice dei prezzi alla produzione dei prodotti venduti dagli agricoltori (base 2020=100) - dati mensili,TOTAGRICOUT_NOFV,Indice generale (esclusi frutta e ortaggi),2025-10,142,,
M,Mensile,IT,Italia,76,Indice dei prezzi alla produzione dei prodotti venduti dagli agricoltori (base 2020=100) - dati mensili,TOTAGRICOUT_NOFV,Indice generale (esclusi frutta e ortaggi),2025-11,141,,
M,Mensile,IT,Italia,76,Indice dei prezzi alla produzione dei prodotti venduti dagli agricoltori (base 2020=100) - dati mensili,TOTAGRICOUT_NOFV,Indice generale (esclusi frutta e ortaggi),2025-12,139,,
M,Mensile,IT,Italia,76,Indice dei prezzi alla produzione dei prodotti venduti dagli agricoltori (base 2020=100) - dati mensili,TOTAGRICOUT_NOFV,Indice generale (esclusi frutta e ortaggi),2026-01,136,p,Dato provvisorio
M,Mensile,IT,Italia,76,Indice dei prezzi alla produzione dei prodotti venduti dagli agricoltori (base 2020=100) - dati mensili,TOTAGRICOUT_NOFV,Indice generale (esclusi frutta e ortaggi),2026-02,135,p,Dato provvisorio
M,Mensile,IT,Italia,76,Indice dei prezzi alla produzione dei prodotti venduti dagli agricoltori (base 2020=100) - dati mensili,TOTAGRICOUT_NOFV,Indice generale (esclusi frutta e ortaggi),2026-03,135,p,Dato provvisorio
M,Mensile,IT,Italia,76,Indice dei prezzi alla produzione dei prodotti venduti dagli agricoltori (base 2020=100) - dati mensili,TOTAGRICOUT,Indice generale beni e servizi prodotti,2020-01,102,,
M,Mensile,IT,Italia,76,Indice dei prezzi alla produzione dei prodotti venduti dagli agricoltori (base 2020=100) - dati mensili,TOTAGRICOUT,Indice generale beni e servizi prodotti,2020-02,101,,
M,Mensile,IT,Italia,76,Indice dei prezzi alla produzione dei prodotti venduti dagli agricoltori (base 2020=100) - dati mensili,TOTAGRICOUT,Indice generale beni e servizi prodotti,2020-03,101,,
M,Mensile,IT,Italia,76,Indice dei prezzi alla produzione dei prodotti venduti dagli agricoltori (base 2020=100) - dati mensili,TOTAGRICOUT,Indice generale beni e servizi prodotti,2020-04,99,,
M,Mensile,IT,Italia,76,Indice dei prezzi alla produzione dei prodotti venduti dagli agricoltori (base 2020=100) - dati mensili,TOTAGRICOUT,Indice generale beni e servizi prodotti,2020-05,97,,
M,Mensile,IT,Italia,76,Indice dei prezzi alla produzione dei prodotti venduti dagli agricoltori (base 2020=100) - dati mensili,TOTAGRICOUT,Indice generale beni e servizi prodotti,2020-06,98,,
M,Mensile,IT,Italia,76,Indice dei prezzi alla produzione dei prodotti venduti dagli agricoltori (base 2020=100) - dati mensili,TOTAGRICOUT,Indice generale beni e servizi prodotti,2020-07,98,,
M,Mensile,IT,Italia,76,Indice dei prezzi alla produzione dei prodotti venduti dagli agricoltori (base 2020=100) - dati mensili,TOTAGRICOUT,Indice generale beni e servizi prodotti,2020-08,99,,
M,Mensile,IT,Italia,76,Indice dei prezzi alla produzione dei prodotti venduti dagli agricoltori (base 2020=100) - dati mensili,TOTAGRICOUT,Indice generale beni e servizi prodotti,2020-09,100,,
M,Mensile,IT,Italia,76,Indice dei prezzi alla produzione dei prodotti venduti dagli agricoltori (base 2020=100) - dati mensili,TOTAGRICOUT,Indice generale beni e servizi prodotti,2020-10,102,,
M,Mensile,IT,Italia,76,Indice dei prezzi alla produzione dei prodotti venduti dagli agricoltori (base 2020=100) - dati mensili,TOTAGRICOUT,Indice generale beni e servizi prodotti,2020-11,102,,
M,Mensile,IT,Italia,76,Indice dei prezzi alla produzione dei prodotti venduti dagli agricoltori (base 2020=100) - dati mensili,TOTAGRICOUT,Indice generale beni e servizi prodotti,2020-12,100,,
M,Mensile,IT,Italia,76,Indice dei prezzi alla produzione dei prodotti venduti dagli agricoltori (base 2020=100) - dati mensili,TOTAGRICOUT,Indice generale beni e servizi prodotti,2021-01,101,,
M,Mensile,IT,Italia,76,Indice dei prezzi alla produzione dei prodotti venduti dagli agricoltori (base 2020=100) - dati mensili,TOTAGRICOUT,Indice generale beni e servizi prodotti,2021-02,104,,
M,Mensile,IT,Italia,76,Indice dei prezzi alla produzione dei prodotti venduti dagli agricoltori (base 2020=100) - dati mensili,TOTAGRICOUT,Indice generale beni e servizi prodotti,2021-03,103,,
M,Mensile,IT,Italia,76,Indice dei prezzi alla produzione dei prodotti venduti dagli agricoltori (base 2020=100) - dati mensili,TOTAGRICOUT,Indice generale beni e servizi prodotti,2021-04,102,,
M,Mensile,IT,Italia,76,Indice dei prezzi alla produzione dei prodotti venduti dagli agricoltori (base 2020=100) - dati mensili,TOTAGRICOUT,Indice generale beni e servizi prodotti,2021-05,103,,
M,Mensile,IT,Italia,76,Indice dei prezzi alla produzione dei prodotti venduti dagli agricoltori (base 2020=100) - dati mensili,TOTAGRICOUT,Indice generale beni e servizi prodotti,2021-06,105,,
M,Mensile,IT,Italia,76,Indice dei prezzi alla produzione dei prodotti venduti dagli agricoltori (base 2020=100) - dati mensili,TOTAGRICOUT,Indice generale beni e servizi prodotti,2021-07,105,,
M,Mensile,IT,Italia,76,Indice dei prezzi alla produzione dei prodotti venduti dagli agricoltori (base 2020=100) - dati mensili,TOTAGRICOUT,Indice generale beni e servizi prodotti,2021-08,108,,
M,Mensile,IT,Italia,76,Indice dei prezzi alla produzione dei prodotti venduti dagli agricoltori (base 2020=100) - dati mensili,TOTAGRICOUT,Indice generale beni e servizi prodotti,2021-09,111,,
M,Mensile,IT,Italia,76,Indice dei prezzi alla produzione dei prodotti venduti dagli agricoltori (base 2020=100) - dati mensili,TOTAGRICOUT,Indice generale beni e servizi prodotti,2021-10,114,,
M,Mensile,IT,Italia,76,Indice dei prezzi alla produzione dei prodotti venduti dagli agricoltori (base 2020=100) - dati mensili,TOTAGRICOUT,Indice generale beni e servizi prodotti,2021-11,117,,
M,Mensile,IT,Italia,76,Indice dei prezzi alla produzione dei prodotti venduti dagli agricoltori (base 2020=100) - dati mensili,TOTAGRICOUT,Indice generale beni e servizi prodotti,2021-12,119,,
M,Mensile,IT,Italia,76,Indice dei prezzi alla produzione dei prodotti venduti dagli agricoltori (base 2020=100) - dati mensili,TOTAGRICOUT,Indice generale beni e servizi prodotti,2022-01,125,,
M,Mensile,IT,Italia,76,Indice dei prezzi alla produzione dei prodotti venduti dagli agricoltori (base 2020=100) - dati mensili,TOTAGRICOUT,Indice generale beni e servizi prodotti,2022-02,126,,
M,Mensile,IT,Italia,76,Indice dei prezzi alla produzione dei prodotti venduti dagli agricoltori (base 2020=100) - dati mensili,TOTAGRICOUT,Indice generale beni e servizi prodotti,2022-03,127,,
M,Mensile,IT,Italia,76,Indice dei prezzi alla produzione dei prodotti venduti dagli agricoltori (base 2020=100) - dati mensili,TOTAGRICOUT,Indice generale beni e servizi prodotti,2022-04,127,,
M,Mensile,IT,Italia,76,Indice dei prezzi alla produzione dei prodotti venduti dagli agricoltori (base 2020=100) - dati mensili,TOTAGRICOUT,Indice generale beni e servizi prodotti,2022-05,125,,
M,Mensile,IT,Italia,76,Indice dei prezzi alla produzione dei prodotti venduti dagli agricoltori (base 2020=100) - dati mensili,TOTAGRICOUT,Indice generale beni e servizi prodotti,2022-06,124,,
M,Mensile,IT,Italia,76,Indice dei prezzi alla produzione dei prodotti venduti dagli agricoltori (base 2020=100) - dati mensili,TOTAGRICOUT,Indice generale beni e servizi prodotti,2022-07,129,,
M,Mensile,IT,Italia,76,Indice dei prezzi alla produzione dei prodotti venduti dagli agricoltori (base 2020=100) - dati mensili,TOTAGRICOUT,Indice generale beni e servizi prodotti,2022-08,133,,
M,Mensile,IT,Italia,76,Indice dei prezzi alla produzione dei prodotti venduti dagli agricoltori (base 2020=100) - dati mensili,TOTAGRICOUT,Indice generale beni e servizi prodotti,2022-09,133,,
M,Mensile,IT,Italia,76,Indice dei prezzi alla produzione dei prodotti venduti dagli agricoltori (base 2020=100) - dati mensili,TOTAGRICOUT,Indice generale beni e servizi prodotti,2022-10,134,,
M,Mensile,IT,Italia,76,Indice dei prezzi alla produzione dei prodotti venduti dagli agricoltori (base 2020=100) - dati mensili,TOTAGRICOUT,Indice generale beni e servizi prodotti,2022-11,134,,
M,Mensile,IT,Italia,76,Indice dei prezzi alla produzione dei prodotti venduti dagli agricoltori (base 2020=100) - dati mensili,TOTAGRICOUT,Indice generale beni e servizi prodotti,2022-12,135,,
M,Mensile,IT,Italia,76,Indice dei prezzi alla produzione dei prodotti venduti dagli agricoltori (base 2020=100) - dati mensili,TOTAGRICOUT,Indice generale beni e servizi prodotti,2023-01,132,,
M,Mensile,IT,Italia,76,Indice dei prezzi alla produzione dei prodotti venduti dagli agricoltori (base 2020=100) - dati mensili,TOTAGRICOUT,Indice generale beni e servizi prodotti,2023-02,134,,
M,Mensile,IT,Italia,76,Indice dei prezzi alla produzione dei prodotti venduti dagli agricoltori (base 2020=100) - dati mensili,TOTAGRICOUT,Indice generale beni e servizi prodotti,2023-03,132,,
M,Mensile,IT,Italia,76,Indice dei prezzi alla produzione dei prodotti venduti dagli agricoltori (base 2020=100) - dati mensili,TOTAGRICOUT,Indice generale beni e servizi prodotti,2023-04,128,,
M,Mensile,IT,Italia,76,Indice dei prezzi alla produzione dei prodotti venduti dagli agricoltori (base 2020=100) - dati mensili,TOTAGRICOUT,Indice generale beni e servizi prodotti,2023-05,127,,
M,Mensile,IT,Italia,76,Indice dei prezzi alla produzione dei prodotti venduti dagli agricoltori (base 2020=100) - dati mensili,TOTAGRICOUT,Indice generale beni e servizi prodotti,2023-06,133,,
M,Mensile,IT,Italia,76,Indice dei prezzi alla produzione dei prodotti venduti dagli agricoltori (base 2020=100) - dati mensili,TOTAGRICOUT,Indice generale beni e servizi prodotti,2023-07,131,,
M,Mensile,IT,Italia,76,Indice dei prezzi alla produzione dei prodotti venduti dagli agricoltori (base 2020=100) - dati mensili,TOTAGRICOUT,Indice generale beni e servizi prodotti,2023-08,131,,
M,Mensile,IT,Italia,76,Indice dei prezzi alla produzione dei prodotti venduti dagli agricoltori (base 2020=100) - dati mensili,TOTAGRICOUT,Indice generale beni e servizi prodotti,2023-09,131,,
M,Mensile,IT,Italia,76,Indice dei prezzi alla produzione dei prodotti venduti dagli agricoltori (base 2020=100) - dati mensili,TOTAGRICOUT,Indice generale beni e servizi prodotti,2023-10,132,,
M,Mensile,IT,Italia,76,Indice dei prezzi alla produzione dei prodotti venduti dagli agricoltori (base 2020=100) - dati mensili,TOTAGRICOUT,Indice generale beni e servizi prodotti,2023-11,135,,
M,Mensile,IT,Italia,76,Indice dei prezzi alla produzione dei prodotti venduti dagli agricoltori (base 2020=100) - dati mensili,TOTAGRICOUT,Indice generale beni e servizi prodotti,2023-12,137,,
M,Mensile,IT,Italia,76,Indice dei prezzi alla produzione dei prodotti venduti dagli agricoltori (base 2020=100) - dati mensili,TOTAGRICOUT,Indice generale beni e servizi prodotti,2024-01,134,,
M,Mensile,IT,Italia,76,Indice dei prezzi alla produzione dei prodotti venduti dagli agricoltori (base 2020=100) - dati mensili,TOTAGRICOUT,Indice generale beni e servizi prodotti,2024-02,131,,
M,Mensile,IT,Italia,76,Indice dei prezzi alla produzione dei prodotti venduti dagli agricoltori (base 2020=100) - dati mensili,TOTAGRICOUT,Indice generale beni e servizi prodotti,2024-03,129,,
M,Mensile,IT,Italia,76,Indice dei prezzi alla produzione dei prodotti venduti dagli agricoltori (base 2020=100) - dati mensili,TOTAGRICOUT,Indice generale beni e servizi prodotti,2024-04,127,,
M,Mensile,IT,Italia,76,Indice dei prezzi alla produzione dei prodotti venduti dagli agricoltori (base 2020=100) - dati mensili,TOTAGRICOUT,Indice generale beni e servizi prodotti,2024-05,131,,
M,Mensile,IT,Italia,76,Indice dei prezzi alla produzione dei prodotti venduti dagli agricoltori (base 2020=100) - dati mensili,TOTAGRICOUT,Indice generale beni e servizi prodotti,2024-06,134,,
M,Mensile,IT,Italia,76,Indice dei prezzi alla produzione dei prodotti venduti dagli agricoltori (base 2020=100) - dati mensili,TOTAGRICOUT,Indice generale beni e servizi prodotti,2024-07,130,,
M,Mensile,IT,Italia,76,Indice dei prezzi alla produzione dei prodotti venduti dagli agricoltori (base 2020=100) - dati mensili,TOTAGRICOUT,Indice generale beni e servizi prodotti,2024-08,129,,
M,Mensile,IT,Italia,76,Indice dei prezzi alla produzione dei prodotti venduti dagli agricoltori (base 2020=100) - dati mensili,TOTAGRICOUT,Indice generale beni e servizi prodotti,2024-09,135,,
M,Mensile,IT,Italia,76,Indice dei prezzi alla produzione dei prodotti venduti dagli agricoltori (base 2020=100) - dati mensili,TOTAGRICOUT,Indice generale beni e servizi prodotti,2024-10,143,,
M,Mensile,IT,Italia,76,Indice dei prezzi alla produzione dei prodotti venduti dagli agricoltori (base 2020=100) - dati mensili,TOTAGRICOUT,Indice generale beni e servizi prodotti,2024-11,144,,
M,Mensile,IT,Italia,76,Indice dei prezzi alla produzione dei prodotti venduti dagli agricoltori (base 2020=100) - dati mensili,TOTAGRICOUT,Indice generale beni e servizi prodotti,2024-12,137,,
M,Mensile,IT,Italia,76,Indice dei prezzi alla produzione dei prodotti venduti dagli agricoltori (base 2020=100) - dati mensili,TOTAGRICOUT,Indice generale beni e servizi prodotti,2025-01,138,,
M,Mensile,IT,Italia,76,Indice dei prezzi alla produzione dei prodotti venduti dagli agricoltori (base 2020=100) - dati mensili,TOTAGRICOUT,Indice generale beni e servizi prodotti,2025-02,137,,
M,Mensile,IT,Italia,76,Indice dei prezzi alla produzione dei prodotti venduti dagli agricoltori (base 2020=100) - dati mensili,TOTAGRICOUT,Indice generale beni e servizi prodotti,2025-03,136,,
M,Mensile,IT,Italia,76,Indice dei prezzi alla produzione dei prodotti venduti dagli agricoltori (base 2020=100) - dati mensili,TOTAGRICOUT,Indice generale beni e servizi prodotti,2025-04,132,,
M,Mensile,IT,Italia,76,Indice dei prezzi alla produzione dei prodotti venduti dagli agricoltori (base 2020=100) - dati mensili,TOTAGRICOUT,Indice generale beni e servizi prodotti,2025-05,134,,
M,Mensile,IT,Italia,76,Indice dei prezzi alla produzione dei prodotti venduti dagli agricoltori (base 2020=100) - dati mensili,TOTAGRICOUT,Indice generale beni e servizi prodotti,2025-06,142,,
M,Mensile,IT,Italia,76,Indice dei prezzi alla produzione dei prodotti venduti dagli agricoltori (base 2020=100) - dati mensili,TOTAGRICOUT,Indice generale beni e servizi prodotti,2025-07,141,,
M,Mensile,IT,Italia,76,Indice dei prezzi alla produzione dei prodotti venduti dagli agricoltori (base 2020=100) - dati mensili,TOTAGRICOUT,Indice generale beni e servizi prodotti,2025-08,139,,
M,Mensile,IT,Italia,76,Indice dei prezzi alla produzione dei prodotti venduti dagli agricoltori (base 2020=100) - dati mensili,TOTAGRICOUT,Indice generale beni e servizi prodotti,2025-09,139,,
M,Mensile,IT,Italia,76,Indice dei prezzi alla produzione dei prodotti venduti dagli agricoltori (base 2020=100) - dati mensili,TOTAGRICOUT,Indice generale beni e servizi prodotti,2025-10,142,,
M,Mensile,IT,Italia,76,Indice dei prezzi alla produzione dei prodotti venduti dagli agricoltori (base 2020=100) - dati mensili,TOTAGRICOUT,Indice generale beni e servizi prodotti,2025-11,139,,
M,Mensile,IT,Italia,76,Indice dei prezzi alla produzione dei prodotti venduti dagli agricoltori (base 2020=100) - dati mensili,TOTAGRICOUT,Indice generale beni e servizi prodotti,2025-12,136,,
M,Mensile,IT,Italia,76,Indice dei prezzi alla produzione dei prodotti venduti dagli agricoltori (base 2020=100) - dati mensili,TOTAGRICOUT,Indice generale beni e servizi prodotti,2026-01,136,p,Dato provvisorio
M,Mensile,IT,Italia,76,Indice dei prezzi alla produzione dei prodotti venduti dagli agricoltori (base 2020=100) - dati mensili,TOTAGRICOUT,Indice generale beni e servizi prodotti,2026-02,136,p,Dato provvisorio
M,Mensile,IT,Italia,76,Indice dei prezzi alla produzione dei prodotti venduti dagli agricoltori (base 2020=100) - dati mensili,TOTAGRICOUT,Indice generale beni e servizi prodotti,2026-03,139,p,Dato provvisorio
