FREQ,Frequenza,REF_AREA,Territorio,DATA_TYPE,Indicatore,TYPE_OF_CROP,Tipo di coltivazione,TIME_PERIOD,Osservazione,OBS_STATUS,'Stato dell"'osservazione',NOTE_REF_AREA,Territorio (NOTE_REF_AREA),NOTE_DATA_TYPE,Indicatore (NOTE_DATA_TYPE),NOTE_TYPE_OF_CROP_EUCODE,Codice Eurostat,NOTE_TYPE_OF_CROP,Tipo di coltivazione (NOTE_TYPE_OF_CROP),NOTE_TIME_PERIOD,Tempo (NOTE_TIME_PERIOD),BASE_PER,Anno base,UNIT_MEAS,Unità di misura,UNIT_MULT,Unità di moltiplicazione
A,Annuale,ITD3,Veneto,ART,Superficie totale - ettari,COMMEAT,Frumento tenero,2025,91220,,,,,,,C1110,C1110,,,,,,,,,,
A,Annuale,ITD3,Veneto,ART,Superficie totale - ettari,COMMEAT,Frumento tenero,2026,91220,,,,,,,C1110,C1110,,,,,,,,,,
A,Annuale,ITD3,Veneto,ART,Superficie totale - ettari,PIGWETWINT,Grano invernale e farro,2025,91220,,,,,,,C1111,C1111,,,,,,,,,,
A,Annuale,ITD3,Veneto,ART,Superficie totale - ettari,PIGWETWINT,Grano invernale e farro,2026,91220,,,,,,,C1111,C1111,,,,,,,,,,
A,Annuale,ITD3,Veneto,ART,Superficie totale - ettari,WHEATD,Frumento duro,2025,14208,,,,,,,C1120,C1120,,,,,,,,,,
A,Annuale,ITD3,Veneto,ART,Superficie totale - ettari,WHEATD,Frumento duro,2026,14208,,,,,,,C1120,C1120,,,,,,,,,,
A,Annuale,ITD3,Veneto,ART,Superficie totale - ettari,ITRSOYEAN,Miscele di segale e cereali invernali,2025,48,,,,,,,C1200,C1200,,,,,,,,,,
A,Annuale,ITD3,Veneto,ART,Superficie totale - ettari,ITRSOYEAN,Miscele di segale e cereali invernali,2026,48,,,,,,,C1200,C1200,,,,,,,,,,
A,Annuale,ITD3,Veneto,ART,Superficie totale - ettari,RYE,Segale,2025,48,,,,,,,C1210,C1210,,,,,,,,,,
A,Annuale,ITD3,Veneto,ART,Superficie totale - ettari,RYE,Segale,2026,48,,,,,,,C1210,C1210,,,,,,,,,,
A,Annuale,ITD3,Veneto,ART,Superficie totale - ettari,BARLEY,Orzo,2025,12626,,,,,,,C1300,C1300,,,,,,,,,,
A,Annuale,ITD3,Veneto,ART,Superficie totale - ettari,BARLEY,Orzo,2026,12626,,,,,,,C1300,C1300,,,,,,,,,,
A,Annuale,ITD3,Veneto,ART,Superficie totale - ettari,WNEALY,Orzo invernale,2025,12626,,,,,,,C1310,C1310,,,,,,,,,,
A,Annuale,ITD3,Veneto,ART,Superficie totale - ettari,WNEALY,Orzo invernale,2026,12626,,,,,,,C1310,C1310,,,,,,,,,,
A,Annuale,ITD3,Veneto,ART,Superficie totale - ettari,MXSOASANDS,Miscele di avena e cereali primaverili (grano misto diverso dal maslin),2025,346,,,,,,,C1400,C1400,,,,,,,,,,
A,Annuale,ITD3,Veneto,ART,Superficie totale - ettari,MXSOASANDS,Miscele di avena e cereali primaverili (grano misto diverso dal maslin),2026,346,,,,,,,C1400,C1400,,,,,,,,,,
A,Annuale,ITD3,Veneto,ART,Superficie totale - ettari,OATS,Avena,2025,346,,,,,,,C1410,C1410,,,,,,,,,,
A,Annuale,ITD3,Veneto,ART,Superficie totale - ettari,OATS,Avena,2026,346,,,,,,,C1410,C1410,,,,,,,,,,
A,Annuale,ITD3,Veneto,ART,Superficie totale - ettari,MAIZE,Mais,2025,140425,,,,,,,C1500,C1500,,,,,,,,,,
A,Annuale,ITD3,Veneto,ART,Superficie totale - ettari,MAIZE,Mais,2026,140425,,,,,,,C1500,C1500,,,,,,,,,,
A,Annuale,ITD3,Veneto,ART,Superficie totale - ettari,RICE,Riso,2025,4154,,,,,,,C2000,C2000,,,,,,,,,,
A,Annuale,ITD3,Veneto,ART,Superficie totale - ettari,SORGH,Sorgo,2025,4378,,,,,,,C1700,C1700,,,,,,,,,,
A,Annuale,ITD3,Veneto,ART,Superficie totale - ettari,SORGH,Sorgo,2026,4378,,,,,,,C1700,C1700,,,,,,,,,,
A,Annuale,ITD3,Veneto,ART,Superficie totale - ettari,TITICALE,Triticale,2025,2725,,,,,,,C1600,C1600,,,,,,,,,,
A,Annuale,ITD3,Veneto,ART,Superficie totale - ettari,TITICALE,Triticale,2026,2725,,,,,,,C1600,C1600,,,,,,,,,,
A,Annuale,ITD3,Veneto,ART,Superficie totale - ettari,PSEUDOCEREA,Pseudocereali,2025,10,,,,,,,,,,,,,,,,,,
A,Annuale,ITD3,Veneto,ART,Superficie totale - ettari,BUCKWHEAT,Grano saraceno,2025,10,,,,,,,,,,,,,,,,,,
A,Annuale,ITD3,Veneto,ART,Superficie totale - ettari,PEAPROT,Pisello proteico,2025,182,,,,,,,P1100_I,P1100_I,,,,,,,,,,
A,Annuale,ITD3,Veneto,ART,Superficie totale - ettari,PEAPROT,Pisello proteico,2026,182,,,,,,,P1100_I,P1100_I,,,,,,,,,,
A,Annuale,ITD3,Veneto,ART,Superficie totale - ettari,CEREAOG_NO_FORAGENR,'Altri cereali n.c.a. (miglio, scagliola, ecc.)',2025,127,,,,,,,,,,,,,,,,,,
A,Annuale,ITD3,Veneto,ART,Superficie totale - ettari,CEREAOG_NO_FORAGENR,'Altri cereali n.c.a. (miglio, scagliola, ecc.)',2026,127,,,,,,,,,,,,,,,,,,
A,Annuale,ITD3,Veneto,ART,Superficie totale - ettari,PEAS,Pisello da granella,2025,373,,,,,,,P1100_II,P1100_II,,,,,,,,,,
A,Annuale,ITD3,Veneto,ART,Superficie totale - ettari,PEAS,Pisello da granella,2026,373,,,,,,,P1100_II,P1100_II,,,,,,,,,,
A,Annuale,ITD3,Veneto,ART,Superficie totale - ettari,BEANK,Fagiolo secco,2025,431,,,,,,,P1200_II,P1200_II,,,,,,,,,,
A,Annuale,ITD3,Veneto,ART,Superficie totale - ettari,BEANK,Fagiolo secco,2026,431,,,,,,,P1200_II,P1200_II,,,,,,,,,,
A,Annuale,ITD3,Veneto,ART,Superficie totale - ettari,BROAFIELD,Fava da granella,2025,13,,,,,,,P1200_I,P1200_I,,,,,,,,,,
A,Annuale,ITD3,Veneto,ART,Superficie totale - ettari,BROAFIELD,Fava da granella,2026,14,,,,,,,P1200_I,P1200_I,,,,,,,,,,
A,Annuale,ITD3,Veneto,ART,Superficie totale - ettari,LENTIL,Lenticchia,2025,4,,,,,,,P9100,P9100,,,,,,,,,,
A,Annuale,ITD3,Veneto,ART,Superficie totale - ettari,LENTIL,Lenticchia,2026,1,,,,,,,P9100,P9100,,,,,,,,,,
A,Annuale,ITD3,Veneto,ART,Superficie totale - ettari,CHICS,Cece,2025,12,,,,,,,P9200,P9200,,,,,,,,,,
A,Annuale,ITD3,Veneto,ART,Superficie totale - ettari,CHICS,Cece,2026,13,,,,,,,P9200,P9200,,,,,,,,,,
A,Annuale,ITD3,Veneto,ART,Superficie totale - ettari,POTA,Patata comune,2025,4022,,,,,,,R1000_II,R1000_II,,,,,,,,,,
A,Annuale,ITD3,Veneto,ART,Superficie totale - ettari,POTA,Patata comune,2026,4022,,,,,,,R1000_II,R1000_II,,,,,,,,,,
A,Annuale,ITD3,Veneto,ART,Superficie totale - ettari,BEETS,Barbabietola da zucchero,2025,4734,,,,,,,R2000,R2000,,,,,,,,,,
A,Annuale,ITD3,Veneto,ART,Superficie totale - ettari,SWEEATOES,Batata o patata dolce,2025,201,,,,,,,R9000_I,R9000_I,,,,,,,,,,
A,Annuale,ITD3,Veneto,ART,Superficie totale - ettari,TOBAC,Tabacco,2025,3496,,,,,,,I3000,I3000,,,,,,,,,,
A,Annuale,ITD3,Veneto,ART,Superficie totale - ettari,HOPS,Luppolo,2025,18,,,,,,,I4000,I4000,,,,,,,,,,
A,Annuale,ITD3,Veneto,ART,Superficie totale - ettari,FLAX,Lino,2025,19,,,,,,,I2100,I2100,,,,,,,,,,
A,Annuale,ITD3,Veneto,ART,Superficie totale - ettari,HEMP,Canapa,2025,152,,,,,,,I2200,I2200,,,,,,,,,,
A,Annuale,ITD3,Veneto,ART,Superficie totale - ettari,GROU,Arachide,2025,17,,,,,,,I1910,I1910,,,,,,,,,,
A,Annuale,ITD3,Veneto,ART,Superficie totale - ettari,RAPE,Colza,2025,2128,,,,,,,I1111,I1111,,,,,,,,,,
A,Annuale,ITD3,Veneto,ART,Superficie totale - ettari,RAPE,Colza,2026,2128,,,,,,,I1111,I1111,,,,,,,,,,
A,Annuale,ITD3,Veneto,ART,Superficie totale - ettari,SUNFLO,Girasole,2025,4591,,,,,,,I1120,I1120,,,,,,,,,,
A,Annuale,ITD3,Veneto,ART,Superficie totale - ettari,SUNFLO,Girasole,2026,4592,,,,,,,I1120,I1120,,,,,,,,,,
A,Annuale,ITD3,Veneto,ART,Superficie totale - ettari,OTHOLNOSES,Altre colture di semi oleosi diversi dal sesamo,2025,1176,,,,,,,I1190_II,I1190_II,,,,,,,,,,
A,Annuale,ITD3,Veneto,ART,Superficie totale - ettari,SOYA,Soia,2025,142693,,,,,,,I1130,I1130,,,,,,,,,,
A,Annuale,ITD3,Veneto,ART,Superficie totale - ettari,SOYA,Soia,2026,142693,,,,,,,I1130,I1130,,,,,,,,,,
A,Annuale,ITD3,Veneto,ART,Superficie totale - ettari,PARSNGROPEN,Prezzemolo in piena aria,2025,4,,,,,,,I5000_II,I5000_II,,,,,,,,,,
A,Annuale,ITD3,Veneto,ART,Superficie totale - ettari,CERFORRLEY,Orzo a maturazione cerosa,2025,998,,,,,,,G1100_I,G1100_I,,,,,,,,,,
A,Annuale,ITD3,Veneto,ART,Superficie totale - ettari,CEROIS,Mais ceroso,2025,49054,,,,,,,G3000,G3000,,,,,,,,,,
A,Annuale,ITD3,Veneto,ART,Superficie totale - ettari,COMMEGRASS,Loietto,2025,1823,,,,,,,G1100_II,G1100_II,,,,,,,,,,
A,Annuale,ITD3,Veneto,ART,Superficie totale - ettari,OTHEEHERBA,Altri erbai monofiti,2025,5410,,,,,,,G1100_III,G1100_III,,,,,,,,,,
A,Annuale,ITD3,Veneto,ART,Superficie totale - ettari,GRAM,Graminacee,2025,1385,,,,,,,G1200_I,G1200_I,,,,,,,,,,
A,Annuale,ITD3,Veneto,ART,Superficie totale - ettari,DRIESES,Leguminose,2025,448,,,,,,,G1200_II,G1200_II,,,,,,,,,,
A,Annuale,ITD3,Veneto,ART,Superficie totale - ettari,OTHETURES,Altri miscugli,2025,4026,,,,,,,G1200_III,G1200_III,,,,,,,,,,
A,Annuale,ITD3,Veneto,ART,Superficie totale - ettari,LUCERNE,Erba medica,2025,20702,,,,,,,G2100,G2100,,,,,,,,,,
A,Annuale,ITD3,Veneto,ART,Superficie totale - ettari,MIXEPORARY,Prati avvicendati polifiti,2025,8807,,,,,,,G2900_IV,G2900_IV,,,,,,,,,,
A,Annuale,ITD3,Veneto,ART,Superficie totale - ettari,LVRADBENDS,Trifoglio e miscele,2025,18,,,,,,,G2910,G2910,,,,,,,,,,
A,Annuale,ITD3,Veneto,ART,Superficie totale - ettari,LEGMIX,Miscele di leguminose,2025,3320,,,,,,,G2920,G2920,,,,,,,,,,
A,Annuale,ITD3,Veneto,ART,Superficie totale - ettari,OTMFC,Altri erbai monofiti di cereali,2025,7481,,,,,,,G9100,G9100,,,,,,,,,,
A,Annuale,ITD3,Veneto,ART,Superficie totale - ettari,OTHGRENOCER,Altre piante raccolte verdi da seminativi,2025,470,,,,,,,G9900,G9900,,,,,,,,,,
A,Annuale,ITD3,Veneto,ART,Superficie totale - ettari,OTHFRELPULS,Altri legumi freschi,2025,2,,,,,,,V5900,V5900,,,,,,,,,,
A,Annuale,ITD3,Veneto,ART,Superficie totale - ettari,FRESADBEAN,Fava fresca in piena aria,2025,2,,,,,,,V5900_I,V5900_I,,,,,,,,,,
A,Annuale,ITD3,Veneto,ART,Superficie totale - ettari,LEEKOPENFI,Porro in piena aria,2025,315,,,,,,,V2100,V2100,,,,,,,,,,
A,Annuale,ITD3,Veneto,ART,Superficie totale - ettari,HTABG,Cavolo bianco,2025,1313,,,,,,,V1310,V1310,,,,,,,,,,
A,Annuale,ITD3,Veneto,ART,Superficie totale - ettari,HTABG,Cavolo bianco,2026,1297,,,,,,,V1310,V1310,,,,,,,,,,
A,Annuale,ITD3,Veneto,ART,Superficie totale - ettari,SAVOBAGEIN,Cavolo verza,2025,195,,,,,,,V1330,V1330,,,,,,,,,,
A,Annuale,ITD3,Veneto,ART,Superficie totale - ettari,SAVOBAGEIN,Cavolo verza,2026,180,,,,,,,V1330,V1330,,,,,,,,,,
A,Annuale,ITD3,Veneto,ART,Superficie totale - ettari,OTHBROCI,Altri cavoli diversi dai broccoletti di rapa,2025,15,,,,,,,V1900_II,V1900_II,,,,,,,,,,
A,Annuale,ITD3,Veneto,ART,Superficie totale - ettari,OTHBROCI,Altri cavoli diversi dai broccoletti di rapa,2026,15,,,,,,,V1900_II,V1900_II,,,,,,,,,,
A,Annuale,ITD3,Veneto,ART,Superficie totale - ettari,BROCINOPEN,Broccoletto di rapa in piena aria,2025,23,,,,,,,V1900_I,V1900_I,,,,,,,,,,
A,Annuale,ITD3,Veneto,ART,Superficie totale - ettari,BROCINOPEN,Broccoletto di rapa in piena aria,2026,23,,,,,,,V1900_I,V1900_I,,,,,,,,,,
A,Annuale,ITD3,Veneto,ART,Superficie totale - ettari,CAULERAND,Cavolfiore  (e cavolo broccolo),2025,254,,,,,,,V1100,V1100,,,,,,,,,,
A,Annuale,ITD3,Veneto,ART,Superficie totale - ettari,CAULERAND,Cavolfiore  (e cavolo broccolo),2026,254,,,,,,,V1100,V1100,,,,,,,,,,
A,Annuale,ITD3,Veneto,ART,Superficie totale - ettari,PEAENFIEL,Pisello in piena aria,2025,2010,,,,,,,V5100_II,V5100_II,,,,,,,,,,
A,Annuale,ITD3,Veneto,ART,Superficie totale - ettari,FRESNEYBEA,Fagiolo e fagiolino in piena aria,2025,1329,,,,,,,V5200_II,V5200_II,,,,,,,,,,
A,Annuale,ITD3,Veneto,ART,Superficie totale - ettari,FRESNEYBEA,Fagiolo e fagiolino in piena aria,2026,1329,,,,,,,V5200_II,V5200_II,,,,,,,,,,
A,Annuale,ITD3,Veneto,ART,Superficie totale - ettari,SHALLOT,Scalogno in piena aria,2025,19,,,,,,,V4220,V4220,,,,,,,,,,
A,Annuale,ITD3,Veneto,ART,Superficie totale - ettari,SHALLOT,Scalogno in piena aria,2026,19,,,,,,,V4220,V4220,,,,,,,,,,
A,Annuale,ITD3,Veneto,ART,Superficie totale - ettari,ONIOOPENF,Cipolla in piena aria,2025,764,,,,,,,V4210,V4210,,,,,,,,,,
A,Annuale,ITD3,Veneto,ART,Superficie totale - ettari,ONIOOPENF,Cipolla in piena aria,2026,793,,,,,,,V4210,V4210,,,,,,,,,,
A,Annuale,ITD3,Veneto,ART,Superficie totale - ettari,CARRNDPARS,Carota e pastinaca in piena aria,2025,595,,,,,,,V4100_II,V4100_II,,,,,,,,,,
A,Annuale,ITD3,Veneto,ART,Superficie totale - ettari,CARRNDPARS,Carota e pastinaca in piena aria,2026,595,,,,,,,V4100_II,V4100_II,,,,,,,,,,
A,Annuale,ITD3,Veneto,ART,Superficie totale - ettari,BEETANDLEA,Barbabietola da orto in piena aria,2025,17,,,,,,,V4300_II,V4300_II,,,,,,,,,,
A,Annuale,ITD3,Veneto,ART,Superficie totale - ettari,ASPAINGREOPEN,Asparago in piena aria,2025,1729,,,,,,,V2600_II,V2600_II,,,,,,,,,,
A,Annuale,ITD3,Veneto,ART,Superficie totale - ettari,ASPAINGREOPEN,Asparago in piena aria,2026,1741,,,,,,,V2600_II,V2600_II,,,,,,,,,,
A,Annuale,ITD3,Veneto,ART,Superficie totale - ettari,CHICNOPEN,Radicchio o cicoria in piena aria,2025,5151,,,,,,,V2700_II,V2700_II,,,,,,,,,,
A,Annuale,ITD3,Veneto,ART,Superficie totale - ettari,CHICNOPEN,Radicchio o cicoria in piena aria,2026,5151,,,,,,,V2700_II,V2700_II,,,,,,,,,,
A,Annuale,ITD3,Veneto,ART,Superficie totale - ettari,CELEOPENF,Sedano in piena aria,2025,32,,,,,,,V2200_II,V2200_II,,,,,,,,,,
A,Annuale,ITD3,Veneto,ART,Superficie totale - ettari,GLOBICHOKE,Carciofo in piena aria,2025,26,,,,,,,V2800,V2800,,,,,,,,,,
A,Annuale,ITD3,Veneto,ART,Superficie totale - ettari,GLOBICHOKE,Carciofo in piena aria,2026,33,,,,,,,V2800,V2800,,,,,,,,,,
A,Annuale,ITD3,Veneto,ART,Superficie totale - ettari,EGGINOPE,Melanzana in piena aria,2025,67,,,,,,,V3410_II,V3410_II,,,,,,,,,,
A,Annuale,ITD3,Veneto,ART,Superficie totale - ettari,EGGINOPE,Melanzana in piena aria,2026,55,,,,,,,V3410_II,V3410_II,,,,,,,,,,
A,Annuale,ITD3,Veneto,ART,Superficie totale - ettari,REDRINOP,Peperone in piena aria,2025,36,,,,,,,V3600_II,V3600_II,,,,,,,,,,
A,Annuale,ITD3,Veneto,ART,Superficie totale - ettari,REDRINOP,Peperone in piena aria,2026,36,,,,,,,V3600_II,V3600_II,,,,,,,,,,
A,Annuale,ITD3,Veneto,ART,Superficie totale - ettari,CUCUINOPE,Cetriolo da mensa in piena aria,2025,16,,,,,,,V3200_II,V3200_II,,,,,,,,,,
A,Annuale,ITD3,Veneto,ART,Superficie totale - ettari,LETTNOPEN,Lattuga in piena aria,2025,180,,,,,,,V2300_II,V2300_II,,,,,,,,,,
A,Annuale,ITD3,Veneto,ART,Superficie totale - ettari,LETTNOPEN,Lattuga in piena aria,2026,153,,,,,,,V2300_II,V2300_II,,,,,,,,,,
A,Annuale,ITD3,Veneto,ART,Superficie totale - ettari,MELOOPENFI,Popone o melone in piena aria,2025,372,,,,,,,V3510_II,V3510_II,,,,,,,,,,
A,Annuale,ITD3,Veneto,ART,Superficie totale - ettari,MELOOPENFI,Popone o melone in piena aria,2026,372,,,,,,,V3510_II,V3510_II,,,,,,,,,,
A,Annuale,ITD3,Veneto,ART,Superficie totale - ettari,COURINOPE,Zucchina in piena aria,2025,1978,,,,,,,V3420_II,V3420_II,,,,,,,,,,
A,Annuale,ITD3,Veneto,ART,Superficie totale - ettari,COURINOPE,Zucchina in piena aria,2026,2200,,,,,,,V3420_II,V3420_II,,,,,,,,,,
A,Annuale,ITD3,Veneto,ART,Superficie totale - ettari,WATENINOP,Cocomero in piena aria,2025,353,,,,,,,V3520_II,V3520_II,,,,,,,,,,
A,Annuale,ITD3,Veneto,ART,Superficie totale - ettari,FENNOPENF,Finocchio in piena aria,2025,40,,,,,,,V4920_II,V4920_II,,,,,,,,,,
A,Annuale,ITD3,Veneto,ART,Superficie totale - ettari,FENNOPENF,Finocchio in piena aria,2026,40,,,,,,,V4920_II,V4920_II,,,,,,,,,,
A,Annuale,ITD3,Veneto,ART,Superficie totale - ettari,ENDINOPEN,Indivia (riccia e scarola) in piena aria,2025,28,,,,,,,V2400_II,V2400_II,,,,,,,,,,
A,Annuale,ITD3,Veneto,ART,Superficie totale - ettari,ENDINOPEN,Indivia (riccia e scarola) in piena aria,2026,28,,,,,,,V2400_II,V2400_II,,,,,,,,,,
A,Annuale,ITD3,Veneto,ART,Superficie totale - ettari,RADIOPEN,Ravanello in piena aria,2025,9,,,,,,,V4500_I,V4500_I,,,,,,,,,,
A,Annuale,ITD3,Veneto,ART,Superficie totale - ettari,SPINNOPEN,Spinacio in piena aria,2025,114,,,,,,,V2500_II,V2500_II,,,,,,,,,,
A,Annuale,ITD3,Veneto,ART,Superficie totale - ettari,CHAROPENFI,Bietola da costa in piena aria,2025,64,,,,,,,V2900_III,V2900_III,,,,,,,,,,
A,Annuale,ITD3,Veneto,ART,Superficie totale - ettari,ZUCCA,Zucca,2025,2106,,,,,,,,,,,,,,,,,,
A,Annuale,ITD3,Veneto,ART,Superficie totale - ettari,ZUCCA,Zucca,2026,2106,,,,,,,,,,,,,,,,,,
A,Annuale,ITD3,Veneto,ART,Superficie totale - ettari,GARLIC,Aglio,2025,443,,,,,,,V4600,V4600,,,,,,,,,,
A,Annuale,ITD3,Veneto,ART,Superficie totale - ettari,CICRADIFRE_OPEN,Cicoria o radicchio per consumo fresco in piena aria,2025,5151,,,,,,,V2710_II,V2710_II,,,,,,,,,,
A,Annuale,ITD3,Veneto,ART,Superficie totale - ettari,CICRADIFRE_OPEN,Cicoria o radicchio per consumo fresco in piena aria,2026,5151,,,,,,,V2710_II,V2710_II,,,,,,,,,,
A,Annuale,ITD3,Veneto,ART,Superficie totale - ettari,OTHALEAFSNOB,Altre verdure a foglia o a stelo diverse dalla bietola da costa,2025,320,,,,,,,V2900_IV,V2900_IV,,,,,,,,,,
A,Annuale,ITD3,Veneto,ART,Superficie totale - ettari,OFTTOT,Pomodoro da consumo fresco o da mensa,2025,14,,,,,,,V3110,V3110,,,,,,,,,,
A,Annuale,ITD3,Veneto,ART,Superficie totale - ettari,OFTTOT,Pomodoro da consumo fresco o da mensa,2026,14,,,,,,,V3110,V3110,,,,,,,,,,
A,Annuale,ITD3,Veneto,ART,Superficie totale - ettari,OFTP,Pomodoro da trasformazione in piena aria,2025,2934,,,,,,,V3120,V3120,,,,,,,,,,
A,Annuale,ITD3,Veneto,ART,Superficie totale - ettari,OFTP,Pomodoro da trasformazione in piena aria,2026,2720,,,,,,,V3120,V3120,,,,,,,,,,
A,Annuale,ITD3,Veneto,ART,Superficie totale - ettari,STRAIEINO,Fragola in piena aria,2025,40,,,,,,,S0000_II,S0000_II,,,,,,,,,,
A,Annuale,ITD3,Veneto,ART,Superficie totale - ettari,STRAIEINO,Fragola in piena aria,2026,40,,,,,,,S0000_II,S0000_II,,,,,,,,,,
A,Annuale,ITD3,Veneto,ART,Superficie totale - ettari,APPLE,Mela,2025,5571,,,,,,,F1110,F1110,,,,,,,,,,
A,Annuale,ITD3,Veneto,ART,Superficie totale - ettari,APPLE,Mela,2026,5571,,,,,,,F1110,F1110,,,,,,,,,,
A,Annuale,ITD3,Veneto,ART,Superficie totale - ettari,PLSFRFESHC,Mele per il consumo fresco,2025,5421,,,,,,,F1111,F1111,,,,,,,,,,
A,Annuale,ITD3,Veneto,ART,Superficie totale - ettari,PLSFRFESHC,Mele per il consumo fresco,2026,5421,,,,,,,F1111,F1111,,,,,,,,,,
A,Annuale,ITD3,Veneto,ART,Superficie totale - ettari,PLSDSIEDFO,Mele destinate alla trasformazione,2025,150,,,,,,,F1112,F1112,,,,,,,,,,
A,Annuale,ITD3,Veneto,ART,Superficie totale - ettari,PLSDSIEDFO,Mele destinate alla trasformazione,2026,150,,,,,,,F1112,F1112,,,,,,,,,,
A,Annuale,ITD3,Veneto,ART,Superficie totale - ettari,QUIN,Cotogno,2025,1,,,,,,,F1190_I,F1190_I,,,,,,,,,,
A,Annuale,ITD3,Veneto,ART,Superficie totale - ettari,PEAR,Pera,2025,1400,,,,,,,F1120,F1120,,,,,,,,,,
A,Annuale,ITD3,Veneto,ART,Superficie totale - ettari,PEAR,Pera,2026,1400,,,,,,,F1120,F1120,,,,,,,,,,
A,Annuale,ITD3,Veneto,ART,Superficie totale - ettari,ERORSHCO,Pere per il consumo fresco,2025,1328,,,,,,,F1121,F1121,,,,,,,,,,
A,Annuale,ITD3,Veneto,ART,Superficie totale - ettari,ERORSHCO,Pere per il consumo fresco,2026,1328,,,,,,,F1121,F1121,,,,,,,,,,
A,Annuale,ITD3,Veneto,ART,Superficie totale - ettari,ERETNDFOR,Pere destinate alla trasformazione,2025,72,,,,,,,F1122,F1122,,,,,,,,,,
A,Annuale,ITD3,Veneto,ART,Superficie totale - ettari,ERETNDFOR,Pere destinate alla trasformazione,2026,72,,,,,,,F1122,F1122,,,,,,,,,,
A,Annuale,ITD3,Veneto,ART,Superficie totale - ettari,PEACH,Pesca,2025,611,,,,,,,F1210,F1210,,,,,,,,,,
A,Annuale,ITD3,Veneto,ART,Superficie totale - ettari,PEACH,Pesca,2026,611,,,,,,,F1210,F1210,,,,,,,,,,
A,Annuale,ITD3,Veneto,ART,Superficie totale - ettari,ECENEDEDF,Pesche destinate a consumo,2025,552,,,,,,,F1211,F1211,,,,,,,,,,
A,Annuale,ITD3,Veneto,ART,Superficie totale - ettari,ECENEDEDF,Pesche destinate a consumo,2026,552,,,,,,,F1211,F1211,,,,,,,,,,
A,Annuale,ITD3,Veneto,ART,Superficie totale - ettari,ECENEDEDFTR,Pesche destinate alla trasformazione,2025,59,,,,,,,F1212,F1212,,,,,,,,,,
A,Annuale,ITD3,Veneto,ART,Superficie totale - ettari,ECENEDEDFTR,Pesche destinate alla trasformazione,2026,59,,,,,,,F1212,F1212,,,,,,,,,,
A,Annuale,ITD3,Veneto,ART,Superficie totale - ettari,NECTA,Nettarina (pesca noce),2025,653,,,,,,,F1220,F1220,,,,,,,,,,
A,Annuale,ITD3,Veneto,ART,Superficie totale - ettari,NECTA,Nettarina (pesca noce),2026,653,,,,,,,F1220,F1220,,,,,,,,,,
A,Annuale,ITD3,Veneto,ART,Superficie totale - ettari,ETRNSITENDE,Nettarine destinate a consumo,2025,653,,,,,,,F1221,F1221,,,,,,,,,,
A,Annuale,ITD3,Veneto,ART,Superficie totale - ettari,ETRNSITENDE,Nettarine destinate a consumo,2026,653,,,,,,,F1221,F1221,,,,,,,,,,
A,Annuale,ITD3,Veneto,ART,Superficie totale - ettari,APRIC,Albicocca,2025,213,,,,,,,F1230,F1230,,,,,,,,,,
A,Annuale,ITD3,Veneto,ART,Superficie totale - ettari,APRIC,Albicocca,2026,213,,,,,,,F1230,F1230,,,,,,,,,,
A,Annuale,ITD3,Veneto,ART,Superficie totale - ettari,CHERR,Ciliegia in complesso,2025,1714,,,,,,,F1240,F1240,,,,,,,,,,
A,Annuale,ITD3,Veneto,ART,Superficie totale - ettari,ORCERE,Amarene,2025,46,,,,,,,F1241,F1241,,,,,,,,,,
A,Annuale,ITD3,Veneto,ART,Superficie totale - ettari,ORCERE,Amarene,2026,46,,,,,,,F1241,F1241,,,,,,,,,,
A,Annuale,ITD3,Veneto,ART,Superficie totale - ettari,SWCHERRIES,Ciliegie dolci,2025,1668,,,,,,,F1242,F1242,,,,,,,,,,
A,Annuale,ITD3,Veneto,ART,Superficie totale - ettari,SWCHERRIES,Ciliegie dolci,2026,1668,,,,,,,F1242,F1242,,,,,,,,,,
A,Annuale,ITD3,Veneto,ART,Superficie totale - ettari,PLUM,Susina/prugna,2025,367,,,,,,,F1250,F1250,,,,,,,,,,
A,Annuale,ITD3,Veneto,ART,Superficie totale - ettari,PLUM,Susina/prugna,2026,367,,,,,,,F1250,F1250,,,,,,,,,,
A,Annuale,ITD3,Veneto,ART,Superficie totale - ettari,MEDLAR,Nespola comune,2025,1,,,,,,,F1190_II,F1190_II,,,,,,,,,,
A,Annuale,ITD3,Veneto,ART,Superficie totale - ettari,FIG,Fico,2025,25,,,,,,,F2100,F2100,,,,,,,,,,
A,Annuale,ITD3,Veneto,ART,Superficie totale - ettari,KIWI,Kiwi,2025,2559,,,,,,,F2200,F2200,,,,,,,,,,
A,Annuale,ITD3,Veneto,ART,Superficie totale - ettari,KIWI,Kiwi,2026,2560,,,,,,,F2200,F2200,,,,,,,,,,
A,Annuale,ITD3,Veneto,ART,Superficie totale - ettari,LOTU,Loti o kaki,2025,135,,,,,,,F2900_I,F2900_I,,,,,,,,,,
A,Annuale,ITD3,Veneto,ART,Superficie totale - ettari,POMETES,Melograno,2025,141,,,,,,,F2900_II,F2900_II,,,,,,,,,,
A,Annuale,ITD3,Veneto,ART,Superficie totale - ettari,REDCURRA,Ribes rosso,2025,8,,,,,,,F3120,F3120,,,,,,,,,,
A,Annuale,ITD3,Veneto,ART,Superficie totale - ettari,BLACKCURRA,Ribes nero,2025,5,,,,,,,F3110,F3110,,,,,,,,,,
A,Annuale,ITD3,Veneto,ART,Superficie totale - ettari,ROUSPBERRI,Lampone,2025,59,,,,,,,F3200,F3200,,,,,,,,,,
A,Annuale,ITD3,Veneto,ART,Superficie totale - ettari,BUBRY,Mirtillo,2025,237,,,,,,,F3300,F3300,,,,,,,,,,
A,Annuale,ITD3,Veneto,ART,Superficie totale - ettari,CRAT,Ribes,2025,13,,,,,,,F3100,F3100,,,,,,,,,,
A,Annuale,ITD3,Veneto,ART,Superficie totale - ettari,OTHETFRUITNOR,Altre bacche diverse da sorbo,2025,57,,,,,,,F3900_II,F3900_II,,,,,,,,,,
A,Annuale,ITD3,Veneto,ART,Superficie totale - ettari,ALMO,Mandorla,2025,52,,,,,,,F4300,F4300,,,,,,,,,,
A,Annuale,ITD3,Veneto,ART,Superficie totale - ettari,ALMO,Mandorla,2026,52,,,,,,,F4300,F4300,,,,,,,,,,
A,Annuale,ITD3,Veneto,ART,Superficie totale - ettari,HAZEL,Nocciola,2025,956,,,,,,,F4200,F4200,,,,,,,,,,
A,Annuale,ITD3,Veneto,ART,Superficie totale - ettari,HAZEL,Nocciola,2026,956,,,,,,,F4200,F4200,,,,,,,,,,
A,Annuale,ITD3,Veneto,ART,Superficie totale - ettari,CHEST,Castagne e marroni,2025,291,,,,,,,F4400,F4400,,,,,,,,,,
A,Annuale,ITD3,Veneto,ART,Superficie totale - ettari,WALNU,Noci,2025,1323,,,,,,,F4100,F4100,,,,,,,,,,
A,Annuale,ITD3,Veneto,ART,Superficie totale - ettari,OTHNUTSOPI,Altra frutta a guscio diversa dal pistacchio,2025,27,,,,,,,F4910_I,F4910_I,,,,,,,,,,
A,Annuale,ITD3,Veneto,ART,Superficie totale - ettari,PGRAPM,Foraggere permanenti - prati permanenti e pascoli,2025,84313,,,,,,,J0000,J0000,,,,,,,,,,
A,Annuale,ITD3,Veneto,ART,Superficie totale - ettari,POORINGS,Pascoli poveri,2025,12934,,,,,,,J2200,J2200,,,,,,,,,,
A,Annuale,ITD3,Veneto,ART,Superficie totale - ettari,OTHEZINGS,Altri pascoli,2025,25802,,,,,,,J2100,J2100,,,,,,,,,,
A,Annuale,ITD3,Veneto,ART,Superficie totale - ettari,PERMGRASSE,Prati permanenti,2025,45577,,,,,,,J1000,J1000,,,,,,,,,,
A,Annuale,ITD3,Veneto,ART,Superficie totale - ettari,WINEES,Uva da vino,2025,104398,,,,,,,W1100,W1100,,,,,,,,,,
A,Annuale,ITD3,Veneto,ART,Superficie totale - ettari,WINEES,Uva da vino,2026,104398,,,,,,,W1100,W1100,,,,,,,,,,
A,Annuale,ITD3,Veneto,ART,Superficie totale - ettari,GRAPEDOPWINE,Uve per vini dop,2025,83664,,,,,,,W1110,W1110,,,,,,,,,,
A,Annuale,ITD3,Veneto,ART,Superficie totale - ettari,GRAPEIGPWINE,Uve per vini igp,2025,17390,,,,,,,W1120,W1120,,,,,,,,,,
A,Annuale,ITD3,Veneto,ART,Superficie totale - ettari,OTHGRWINODI,Uve per altri vini (escluso dop e igp),2025,3344,,,,,,,W1190,W1190,,,,,,,,,,
A,Annuale,ITD3,Veneto,ART,Superficie totale - ettari,TABLEGRAPES,Uva da tavola,2025,70,,,,,,,W1200,W1200,,,,,,,,,,
A,Annuale,ITD3,Veneto,ART,Superficie totale - ettari,TABLEGRAPES,Uva da tavola,2026,70,,,,,,,W1200,W1200,,,,,,,,,,
A,Annuale,ITD3,Veneto,ART,Superficie totale - ettari,OLIVTAB_OIL,Olive da tavola e da olio,2025,5506,,,,,,,O1000,O1000,,,,,,,,,,
A,Annuale,ITD3,Veneto,ART,Superficie totale - ettari,OLIVTAB_OIL,Olive da tavola e da olio,2026,5506,,,,,,,O1000,O1000,,,,,,,,,,
A,Annuale,ITD3,Veneto,ART,Superficie totale - ettari,OLIVT,Olive da tavola,2025,20,,,,,,,O1100,O1100,,,,,,,,,,
A,Annuale,ITD3,Veneto,ART,Superficie totale - ettari,OHROIE,Altre olive,2025,5486,,,,,,,O1900,O1900,,,,,,,,,,
A,Annuale,ITD3,Veneto,ART,Superficie totale - ettari,OLIVO,Olive da olio,2025,5486,,,,,,,O1910,O1910,,,,,,,,,,
A,Annuale,ITD3,Veneto,ART_ARE,Superficie totale - are,SWEEILING,Basilico,2025,4145,,,,,,,I5000_III,I5000_III,,,,,,,,,,
A,Annuale,ITD3,Veneto,ART_ARE,Superficie totale - are,PARSNGREEN,Prezzemolo in serra,2025,1233,,,,,,,I5000_I,I5000_I,,,,,,,,,,
A,Annuale,ITD3,Veneto,ART_ARE,Superficie totale - are,OTHAPOHPS,'Altre piante aromatiche, medicinali e culinarie',2025,23577,,,,,,,I5000_V,I5000_V,,,,,,,,,,
A,Annuale,ITD3,Veneto,ART_ARE,Superficie totale - are,CICRADIFRE_GREEN,Cicoria o radicchio per consumo fresco in serra,2025,4488,,,,,,,V2710_I,V2710_I,,,,,,,,,,
A,Annuale,ITD3,Veneto,ART_ARE,Superficie totale - are,PEAEENHOUS,Pisello in serra,2025,290,,,,,,,V5100_I,V5100_I,,,,,,,,,,
A,Annuale,ITD3,Veneto,ART_ARE,Superficie totale - are,CARRGREENH,Carota in serra,2025,2275,,,,,,,V4100_I,V4100_I,,,,,,,,,,
A,Annuale,ITD3,Veneto,ART_ARE,Superficie totale - are,ASPAINGRE,Asparago in serra,2025,7699,,,,,,,V2600_I,V2600_I,,,,,,,,,,
A,Annuale,ITD3,Veneto,ART_ARE,Superficie totale - are,RADIINGRE,Cicoria o radicchio in serra,2025,4488,,,,,,,V2700_I,V2700_I,,,,,,,,,,
A,Annuale,ITD3,Veneto,ART_ARE,Superficie totale - are,CELEGREENH,Sedano in serra,2025,3101,,,,,,,V2200_I,V2200_I,,,,,,,,,,
A,Annuale,ITD3,Veneto,ART_ARE,Superficie totale - are,EGGINGRE,Melanzana in serra,2025,25487,,,,,,,V3410_I,V3410_I,,,,,,,,,,
A,Annuale,ITD3,Veneto,ART_ARE,Superficie totale - are,REDRINGR,Peperone in serra,2025,20260,,,,,,,V3600S,V3600S,,,,,,,,,,
A,Annuale,ITD3,Veneto,ART_ARE,Superficie totale - are,CUCUINGRE,Cetriolo da mensa in serra,2025,22819,,,,,,,V3200S,V3200S,,,,,,,,,,
A,Annuale,ITD3,Veneto,ART_ARE,Superficie totale - are,BEANREENHOU,Fagiolino in serra,2025,5056,,,,,,,V5200_I,V5200_I,,,,,,,,,,
A,Annuale,ITD3,Veneto,ART_ARE,Superficie totale - are,LETTNGREEN,Lattuga in serra,2025,96797,,,,,,,V2300S,V2300S,,,,,,,,,,
A,Annuale,ITD3,Veneto,ART_ARE,Superficie totale - are,MELOGREENHO,Popone o melone in serra,2025,58963,,,,,,,V3510_I,V3510_I,,,,,,,,,,
A,Annuale,ITD3,Veneto,ART_ARE,Superficie totale - are,COURINGRE,Zucchina in serra,2025,61578,,,,,,,V3420_I,V3420_I,,,,,,,,,,
A,Annuale,ITD3,Veneto,ART_ARE,Superficie totale - are,BEETREENHOU,Bietola da costa in serra,2025,4977,,,,,,,V2900_II,V2900_II,,,,,,,,,,
A,Annuale,ITD3,Veneto,ART_ARE,Superficie totale - are,WATENINGR,Cocomero in serra,2025,7814,,,,,,,V3520_I,V3520_I,,,,,,,,,,
A,Annuale,ITD3,Veneto,ART_ARE,Superficie totale - are,FENNGREENH,Finocchio in serra,2025,2065,,,,,,,V4920_I,V4920_I,,,,,,,,,,
A,Annuale,ITD3,Veneto,ART_ARE,Superficie totale - are,ENDIGREENH,Indivia in serra,2025,1287,,,,,,,V2400_I,V2400_I,,,,,,,,,,
A,Annuale,ITD3,Veneto,ART_ARE,Superficie totale - are,SPINNGREEN,Spinacio in serra,2025,14597,,,,,,,V2500_I,V2500_I,,,,,,,,,,
A,Annuale,ITD3,Veneto,ART_ARE,Superficie totale - are,OTHEETABLESGR,Altri ortaggi (in serra e non) nca,2025,44063,,,,,,,V9000,V9000,,,,,,,,,,
A,Annuale,ITD3,Veneto,ART_ARE,Superficie totale - are,TOMAGRENNH,Pomodoro in serra,2025,27312,,,,,,,V3100S,V3100S,,,,,,,,,,
A,Annuale,ITD3,Veneto,ART_ARE,Superficie totale - are,TOMAGRENNH_I,Pomodoro da consumo fresco in serra,2025,27312,,,,,,,V3110_I,V3110_I,,,,,,,,,,
A,Annuale,ITD3,Veneto,ART_ARE,Superficie totale - are,STRAIEING,Fragola in serra,2025,35314,,,,,,,S0000S,S0000S,,,,,,,,,,
A,Annuale,ITD3,Veneto,PA_EXT,Superficie in produzione - ettari,CERFORRLEY,Orzo a maturazione cerosa,2025,998,,,,,,,G1100_I,G1100_I,,,,,,,,,,
A,Annuale,ITD3,Veneto,PA_EXT,Superficie in produzione - ettari,CEROIS,Mais ceroso,2025,49054,,,,,,,G3000,G3000,,,,,,,,,,
A,Annuale,ITD3,Veneto,PA_EXT,Superficie in produzione - ettari,COMMEGRASS,Loietto,2025,1823,,,,,,,G1100_II,G1100_II,,,,,,,,,,
A,Annuale,ITD3,Veneto,PA_EXT,Superficie in produzione - ettari,OTHEEHERBA,Altri erbai monofiti,2025,5410,,,,,,,G1100_III,G1100_III,,,,,,,,,,
A,Annuale,ITD3,Veneto,PA_EXT,Superficie in produzione - ettari,GRAM,Graminacee,2025,1385,,,,,,,G1200_I,G1200_I,,,,,,,,,,
A,Annuale,ITD3,Veneto,PA_EXT,Superficie in produzione - ettari,DRIESES,Leguminose,2025,448,,,,,,,G1200_II,G1200_II,,,,,,,,,,
A,Annuale,ITD3,Veneto,PA_EXT,Superficie in produzione - ettari,OTHETURES,Altri miscugli,2025,4026,,,,,,,G1200_III,G1200_III,,,,,,,,,,
A,Annuale,ITD3,Veneto,PA_EXT,Superficie in produzione - ettari,LUCERNE,Erba medica,2025,20702,,,,,,,G2100,G2100,,,,,,,,,,
A,Annuale,ITD3,Veneto,PA_EXT,Superficie in produzione - ettari,MIXEPORARY,Prati avvicendati polifiti,2025,8807,,,,,,,G2900_IV,G2900_IV,,,,,,,,,,
A,Annuale,ITD3,Veneto,PA_EXT,Superficie in produzione - ettari,LVRADBENDS,Trifoglio e miscele,2025,18,,,,,,,G2910,G2910,,,,,,,,,,
A,Annuale,ITD3,Veneto,PA_EXT,Superficie in produzione - ettari,LEGMIX,Miscele di leguminose,2025,3320,,,,,,,G2920,G2920,,,,,,,,,,
A,Annuale,ITD3,Veneto,PA_EXT,Superficie in produzione - ettari,OTMFC,Altri erbai monofiti di cereali,2025,7481,,,,,,,G9100,G9100,,,,,,,,,,
A,Annuale,ITD3,Veneto,PA_EXT,Superficie in produzione - ettari,OTHGRENOCER,Altre piante raccolte verdi da seminativi,2025,470,,,,,,,G9900,G9900,,,,,,,,,,
A,Annuale,ITD3,Veneto,PA_EXT,Superficie in produzione - ettari,APPLE,Mela,2025,5571,,,,,,,F1110,F1110,,,,,,,,,,
A,Annuale,ITD3,Veneto,PA_EXT,Superficie in produzione - ettari,APPLE,Mela,2026,5571,,,,,,,F1110,F1110,,,,,,,,,,
A,Annuale,ITD3,Veneto,PA_EXT,Superficie in produzione - ettari,PLSFRFESHC,Mele per il consumo fresco,2025,5421,,,,,,,F1111,F1111,,,,,,,,,,
A,Annuale,ITD3,Veneto,PA_EXT,Superficie in produzione - ettari,PLSFRFESHC,Mele per il consumo fresco,2026,5421,,,,,,,F1111,F1111,,,,,,,,,,
A,Annuale,ITD3,Veneto,PA_EXT,Superficie in produzione - ettari,PLSDSIEDFO,Mele destinate alla trasformazione,2025,150,,,,,,,F1112,F1112,,,,,,,,,,
A,Annuale,ITD3,Veneto,PA_EXT,Superficie in produzione - ettari,PLSDSIEDFO,Mele destinate alla trasformazione,2026,150,,,,,,,F1112,F1112,,,,,,,,,,
A,Annuale,ITD3,Veneto,PA_EXT,Superficie in produzione - ettari,QUIN,Cotogno,2025,1,,,,,,,F1190_I,F1190_I,,,,,,,,,,
A,Annuale,ITD3,Veneto,PA_EXT,Superficie in produzione - ettari,PEAR,Pera,2025,1400,,,,,,,F1120,F1120,,,,,,,,,,
A,Annuale,ITD3,Veneto,PA_EXT,Superficie in produzione - ettari,PEAR,Pera,2026,1400,,,,,,,F1120,F1120,,,,,,,,,,
A,Annuale,ITD3,Veneto,PA_EXT,Superficie in produzione - ettari,ERORSHCO,Pere per il consumo fresco,2025,1328,,,,,,,F1121,F1121,,,,,,,,,,
A,Annuale,ITD3,Veneto,PA_EXT,Superficie in produzione - ettari,ERORSHCO,Pere per il consumo fresco,2026,1328,,,,,,,F1121,F1121,,,,,,,,,,
A,Annuale,ITD3,Veneto,PA_EXT,Superficie in produzione - ettari,ERETNDFOR,Pere destinate alla trasformazione,2025,72,,,,,,,F1122,F1122,,,,,,,,,,
A,Annuale,ITD3,Veneto,PA_EXT,Superficie in produzione - ettari,ERETNDFOR,Pere destinate alla trasformazione,2026,72,,,,,,,F1122,F1122,,,,,,,,,,
A,Annuale,ITD3,Veneto,PA_EXT,Superficie in produzione - ettari,PEACH,Pesca,2025,610,,,,,,,F1210,F1210,,,,,,,,,,
A,Annuale,ITD3,Veneto,PA_EXT,Superficie in produzione - ettari,PEACH,Pesca,2026,611,,,,,,,F1210,F1210,,,,,,,,,,
A,Annuale,ITD3,Veneto,PA_EXT,Superficie in produzione - ettari,ECENEDEDF,Pesche destinate a consumo,2025,552,,,,,,,F1211,F1211,,,,,,,,,,
A,Annuale,ITD3,Veneto,PA_EXT,Superficie in produzione - ettari,ECENEDEDF,Pesche destinate a consumo,2026,552,,,,,,,F1211,F1211,,,,,,,,,,
A,Annuale,ITD3,Veneto,PA_EXT,Superficie in produzione - ettari,ECENEDEDFTR,Pesche destinate alla trasformazione,2025,58,,,,,,,F1212,F1212,,,,,,,,,,
A,Annuale,ITD3,Veneto,PA_EXT,Superficie in produzione - ettari,ECENEDEDFTR,Pesche destinate alla trasformazione,2026,59,,,,,,,F1212,F1212,,,,,,,,,,
A,Annuale,ITD3,Veneto,PA_EXT,Superficie in produzione - ettari,NECTA,Nettarina (pesca noce),2025,653,,,,,,,F1220,F1220,,,,,,,,,,
A,Annuale,ITD3,Veneto,PA_EXT,Superficie in produzione - ettari,NECTA,Nettarina (pesca noce),2026,653,,,,,,,F1220,F1220,,,,,,,,,,
A,Annuale,ITD3,Veneto,PA_EXT,Superficie in produzione - ettari,ETRNSITENDE,Nettarine destinate a consumo,2025,653,,,,,,,F1221,F1221,,,,,,,,,,
A,Annuale,ITD3,Veneto,PA_EXT,Superficie in produzione - ettari,ETRNSITENDE,Nettarine destinate a consumo,2026,653,,,,,,,F1221,F1221,,,,,,,,,,
A,Annuale,ITD3,Veneto,PA_EXT,Superficie in produzione - ettari,APRIC,Albicocca,2025,213,,,,,,,F1230,F1230,,,,,,,,,,
A,Annuale,ITD3,Veneto,PA_EXT,Superficie in produzione - ettari,APRIC,Albicocca,2026,208,,,,,,,F1230,F1230,,,,,,,,,,
A,Annuale,ITD3,Veneto,PA_EXT,Superficie in produzione - ettari,CHERR,Ciliegia in complesso,2025,1714,,,,,,,F1240,F1240,,,,,,,,,,
A,Annuale,ITD3,Veneto,PA_EXT,Superficie in produzione - ettari,ORCERE,Amarene,2025,46,,,,,,,F1241,F1241,,,,,,,,,,
A,Annuale,ITD3,Veneto,PA_EXT,Superficie in produzione - ettari,ORCERE,Amarene,2026,34,,,,,,,F1241,F1241,,,,,,,,,,
A,Annuale,ITD3,Veneto,PA_EXT,Superficie in produzione - ettari,SWCHERRIES,Ciliegie dolci,2025,1668,,,,,,,F1242,F1242,,,,,,,,,,
A,Annuale,ITD3,Veneto,PA_EXT,Superficie in produzione - ettari,SWCHERRIES,Ciliegie dolci,2026,1644,,,,,,,F1242,F1242,,,,,,,,,,
A,Annuale,ITD3,Veneto,PA_EXT,Superficie in produzione - ettari,PLUM,Susina/prugna,2025,367,,,,,,,F1250,F1250,,,,,,,,,,
A,Annuale,ITD3,Veneto,PA_EXT,Superficie in produzione - ettari,PLUM,Susina/prugna,2026,357,,,,,,,F1250,F1250,,,,,,,,,,
A,Annuale,ITD3,Veneto,PA_EXT,Superficie in produzione - ettari,MEDLAR,Nespola comune,2025,1,,,,,,,F1190_II,F1190_II,,,,,,,,,,
A,Annuale,ITD3,Veneto,PA_EXT,Superficie in produzione - ettari,FIG,Fico,2025,25,,,,,,,F2100,F2100,,,,,,,,,,
A,Annuale,ITD3,Veneto,PA_EXT,Superficie in produzione - ettari,KIWI,Kiwi,2025,2559,,,,,,,F2200,F2200,,,,,,,,,,
A,Annuale,ITD3,Veneto,PA_EXT,Superficie in produzione - ettari,KIWI,Kiwi,2026,2558,,,,,,,F2200,F2200,,,,,,,,,,
A,Annuale,ITD3,Veneto,PA_EXT,Superficie in produzione - ettari,LOTU,Loti o kaki,2025,135,,,,,,,F2900_I,F2900_I,,,,,,,,,,
A,Annuale,ITD3,Veneto,PA_EXT,Superficie in produzione - ettari,POMETES,Melograno,2025,141,,,,,,,F2900_II,F2900_II,,,,,,,,,,
A,Annuale,ITD3,Veneto,PA_EXT,Superficie in produzione - ettari,REDCURRA,Ribes rosso,2025,8,,,,,,,F3120,F3120,,,,,,,,,,
A,Annuale,ITD3,Veneto,PA_EXT,Superficie in produzione - ettari,BLACKCURRA,Ribes nero,2025,5,,,,,,,F3110,F3110,,,,,,,,,,
A,Annuale,ITD3,Veneto,PA_EXT,Superficie in produzione - ettari,ROUSPBERRI,Lampone,2025,59,,,,,,,F3200,F3200,,,,,,,,,,
A,Annuale,ITD3,Veneto,PA_EXT,Superficie in produzione - ettari,BUBRY,Mirtillo,2025,237,,,,,,,F3300,F3300,,,,,,,,,,
A,Annuale,ITD3,Veneto,PA_EXT,Superficie in produzione - ettari,CRAT,Ribes,2025,13,,,,,,,F3100,F3100,,,,,,,,,,
A,Annuale,ITD3,Veneto,PA_EXT,Superficie in produzione - ettari,OTHETFRUITNOR,Altre bacche diverse da sorbo,2025,57,,,,,,,F3900_II,F3900_II,,,,,,,,,,
A,Annuale,ITD3,Veneto,PA_EXT,Superficie in produzione - ettari,ALMO,Mandorla,2025,52,,,,,,,F4300,F4300,,,,,,,,,,
A,Annuale,ITD3,Veneto,PA_EXT,Superficie in produzione - ettari,ALMO,Mandorla,2026,52,,,,,,,F4300,F4300,,,,,,,,,,
A,Annuale,ITD3,Veneto,PA_EXT,Superficie in produzione - ettari,HAZEL,Nocciola,2025,862,,,,,,,F4200,F4200,,,,,,,,,,
A,Annuale,ITD3,Veneto,PA_EXT,Superficie in produzione - ettari,HAZEL,Nocciola,2026,956,,,,,,,F4200,F4200,,,,,,,,,,
A,Annuale,ITD3,Veneto,PA_EXT,Superficie in produzione - ettari,CHEST,Castagne e marroni,2025,269,,,,,,,F4400,F4400,,,,,,,,,,
A,Annuale,ITD3,Veneto,PA_EXT,Superficie in produzione - ettari,WALNU,Noci,2025,1201,,,,,,,F4100,F4100,,,,,,,,,,
A,Annuale,ITD3,Veneto,PA_EXT,Superficie in produzione - ettari,OTHNUTSOPI,Altra frutta a guscio diversa dal pistacchio,2025,27,,,,,,,F4910_I,F4910_I,,,,,,,,,,
A,Annuale,ITD3,Veneto,PA_EXT,Superficie in produzione - ettari,PGRAPM,Foraggere permanenti - prati permanenti e pascoli,2025,84313,,,,,,,J0000,J0000,,,,,,,,,,
A,Annuale,ITD3,Veneto,PA_EXT,Superficie in produzione - ettari,POORINGS,Pascoli poveri,2025,12934,,,,,,,J2200,J2200,,,,,,,,,,
A,Annuale,ITD3,Veneto,PA_EXT,Superficie in produzione - ettari,OTHEZINGS,Altri pascoli,2025,25802,,,,,,,J2100,J2100,,,,,,,,,,
A,Annuale,ITD3,Veneto,PA_EXT,Superficie in produzione - ettari,PERMGRASSE,Prati permanenti,2025,45577,,,,,,,J1000,J1000,,,,,,,,,,
A,Annuale,ITD3,Veneto,PA_EXT,Superficie in produzione - ettari,WINEES,Uva da vino,2025,96363,,,,,,,W1100,W1100,,,,,,,,,,
A,Annuale,ITD3,Veneto,PA_EXT,Superficie in produzione - ettari,WINEES,Uva da vino,2026,96363,,,,,,,W1100,W1100,,,,,,,,,,
A,Annuale,ITD3,Veneto,PA_EXT,Superficie in produzione - ettari,GRAPEDOPWINE,Uve per vini dop,2025,77393,,,,,,,W1110,W1110,,,,,,,,,,
A,Annuale,ITD3,Veneto,PA_EXT,Superficie in produzione - ettari,GRAPEIGPWINE,Uve per vini igp,2025,15908,,,,,,,W1120,W1120,,,,,,,,,,
A,Annuale,ITD3,Veneto,PA_EXT,Superficie in produzione - ettari,OTHGRWINODI,Uve per altri vini (escluso dop e igp),2025,3062,,,,,,,W1190,W1190,,,,,,,,,,
A,Annuale,ITD3,Veneto,PA_EXT,Superficie in produzione - ettari,TABLEGRAPES,Uva da tavola,2025,70,,,,,,,W1200,W1200,,,,,,,,,,
A,Annuale,ITD3,Veneto,PA_EXT,Superficie in produzione - ettari,TABLEGRAPES,Uva da tavola,2026,70,,,,,,,W1200,W1200,,,,,,,,,,
A,Annuale,ITD3,Veneto,PA_EXT,Superficie in produzione - ettari,OLIVTAB_OIL,Olive da tavola e da olio,2025,5115,,,,,,,O1000,O1000,,,,,,,,,,
A,Annuale,ITD3,Veneto,PA_EXT,Superficie in produzione - ettari,OLIVTAB_OIL,Olive da tavola e da olio,2026,4998,,,,,,,O1000,O1000,,,,,,,,,,
A,Annuale,ITD3,Veneto,PA_EXT,Superficie in produzione - ettari,OLIVT,Olive da tavola,2025,20,,,,,,,O1100,O1100,,,,,,,,,,
A,Annuale,ITD3,Veneto,PA_EXT,Superficie in produzione - ettari,OHROIE,Altre olive,2025,5095,,,,,,,O1900,O1900,,,,,,,,,,
A,Annuale,ITD3,Veneto,PA_EXT,Superficie in produzione - ettari,OLIVO,Olive da olio,2025,5095,,,,,,,O1910,O1910,,,,,,,,,,
A,Annuale,ITD3,Veneto,TP_QUIN_EXT,Produzione totale - quintali,COMMEAT,Frumento tenero,2025,4890740,,,,,,,C1110,C1110,,,,,,,,,,
A,Annuale,ITD3,Veneto,TP_QUIN_EXT,Produzione totale - quintali,COMMEAT,Frumento tenero,2026,5951693,,,,,,,C1110,C1110,,,,,,,,,,
A,Annuale,ITD3,Veneto,TP_QUIN_EXT,Produzione totale - quintali,PIGWETWINT,Grano invernale e farro,2025,4890740,,,,,,,C1111,C1111,,,,,,,,,,
A,Annuale,ITD3,Veneto,TP_QUIN_EXT,Produzione totale - quintali,PIGWETWINT,Grano invernale e farro,2026,5951693,,,,,,,C1111,C1111,,,,,,,,,,
A,Annuale,ITD3,Veneto,TP_QUIN_EXT,Produzione totale - quintali,WHEATD,Frumento duro,2025,678814,,,,,,,C1120,C1120,,,,,,,,,,
A,Annuale,ITD3,Veneto,TP_QUIN_EXT,Produzione totale - quintali,WHEATD,Frumento duro,2026,808364,,,,,,,C1120,C1120,,,,,,,,,,
A,Annuale,ITD3,Veneto,TP_QUIN_EXT,Produzione totale - quintali,ITRSOYEAN,Miscele di segale e cereali invernali,2025,2202,,,,,,,C1200,C1200,,,,,,,,,,
A,Annuale,ITD3,Veneto,TP_QUIN_EXT,Produzione totale - quintali,ITRSOYEAN,Miscele di segale e cereali invernali,2026,2285,,,,,,,C1200,C1200,,,,,,,,,,
A,Annuale,ITD3,Veneto,TP_QUIN_EXT,Produzione totale - quintali,RYE,Segale,2025,2202,,,,,,,C1210,C1210,,,,,,,,,,
A,Annuale,ITD3,Veneto,TP_QUIN_EXT,Produzione totale - quintali,RYE,Segale,2026,2285,,,,,,,C1210,C1210,,,,,,,,,,
A,Annuale,ITD3,Veneto,TP_QUIN_EXT,Produzione totale - quintali,BARLEY,Orzo,2025,581767,,,,,,,C1300,C1300,,,,,,,,,,
A,Annuale,ITD3,Veneto,TP_QUIN_EXT,Produzione totale - quintali,BARLEY,Orzo,2026,693385,,,,,,,C1300,C1300,,,,,,,,,,
A,Annuale,ITD3,Veneto,TP_QUIN_EXT,Produzione totale - quintali,WNEALY,Orzo invernale,2025,581767,,,,,,,C1310,C1310,,,,,,,,,,
A,Annuale,ITD3,Veneto,TP_QUIN_EXT,Produzione totale - quintali,WNEALY,Orzo invernale,2026,693385,,,,,,,C1310,C1310,,,,,,,,,,
A,Annuale,ITD3,Veneto,TP_QUIN_EXT,Produzione totale - quintali,MXSOASANDS,Miscele di avena e cereali primaverili (grano misto diverso dal maslin),2025,12648,,,,,,,C1400,C1400,,,,,,,,,,
A,Annuale,ITD3,Veneto,TP_QUIN_EXT,Produzione totale - quintali,MXSOASANDS,Miscele di avena e cereali primaverili (grano misto diverso dal maslin),2026,13278,,,,,,,C1400,C1400,,,,,,,,,,
A,Annuale,ITD3,Veneto,TP_QUIN_EXT,Produzione totale - quintali,OATS,Avena,2025,12648,,,,,,,C1410,C1410,,,,,,,,,,
A,Annuale,ITD3,Veneto,TP_QUIN_EXT,Produzione totale - quintali,OATS,Avena,2026,13278,,,,,,,C1410,C1410,,,,,,,,,,
A,Annuale,ITD3,Veneto,TP_QUIN_EXT,Produzione totale - quintali,MAIZE,Mais,2025,15187386,,,,,,,C1500,C1500,,,,,,,,,,
A,Annuale,ITD3,Veneto,TP_QUIN_EXT,Produzione totale - quintali,MAIZE,Mais,2026,13740896,,,,,,,C1500,C1500,,,,,,,,,,
A,Annuale,ITD3,Veneto,TP_QUIN_EXT,Produzione totale - quintali,RICE,Riso,2025,218286,,,,,,,C2000,C2000,,,,,,,,,,
A,Annuale,ITD3,Veneto,TP_QUIN_EXT,Produzione totale - quintali,SORGH,Sorgo,2025,236072,,,,,,,C1700,C1700,,,,,,,,,,
A,Annuale,ITD3,Veneto,TP_QUIN_EXT,Produzione totale - quintali,SORGH,Sorgo,2026,255889,,,,,,,C1700,C1700,,,,,,,,,,
A,Annuale,ITD3,Veneto,TP_QUIN_EXT,Produzione totale - quintali,TITICALE,Triticale,2025,96245,,,,,,,C1600,C1600,,,,,,,,,,
A,Annuale,ITD3,Veneto,TP_QUIN_EXT,Produzione totale - quintali,TITICALE,Triticale,2026,92852,,,,,,,C1600,C1600,,,,,,,,,,
A,Annuale,ITD3,Veneto,TP_QUIN_EXT,Produzione totale - quintali,PSEUDOCEREA,Pseudocereali,2025,167,,,,,,,,,,,,,,,,,,
A,Annuale,ITD3,Veneto,TP_QUIN_EXT,Produzione totale - quintali,BUCKWHEAT,Grano saraceno,2025,167,,,,,,,,,,,,,,,,,,
A,Annuale,ITD3,Veneto,TP_QUIN_EXT,Produzione totale - quintali,PEAPROT,Pisello proteico,2025,6986,,,,,,,P1100_I,P1100_I,,,,,,,,,,
A,Annuale,ITD3,Veneto,TP_QUIN_EXT,Produzione totale - quintali,PEAPROT,Pisello proteico,2026,6973,,,,,,,P1100_I,P1100_I,,,,,,,,,,
A,Annuale,ITD3,Veneto,TP_QUIN_EXT,Produzione totale - quintali,CEREAOG_NO_FORAGENR,'Altri cereali n.c.a. (miglio, scagliola, ecc.)',2025,2898,,,,,,,,,,,,,,,,,,
A,Annuale,ITD3,Veneto,TP_QUIN_EXT,Produzione totale - quintali,CEREAOG_NO_FORAGENR,'Altri cereali n.c.a. (miglio, scagliola, ecc.)',2026,2894,,,,,,,,,,,,,,,,,,
A,Annuale,ITD3,Veneto,TP_QUIN_EXT,Produzione totale - quintali,PEAS,Pisello da granella,2025,16869,,,,,,,P1100_II,P1100_II,,,,,,,,,,
A,Annuale,ITD3,Veneto,TP_QUIN_EXT,Produzione totale - quintali,PEAS,Pisello da granella,2026,20208,,,,,,,P1100_II,P1100_II,,,,,,,,,,
A,Annuale,ITD3,Veneto,TP_QUIN_EXT,Produzione totale - quintali,BEANK,Fagiolo secco,2025,23765,,,,,,,P1200_II,P1200_II,,,,,,,,,,
A,Annuale,ITD3,Veneto,TP_QUIN_EXT,Produzione totale - quintali,BEANK,Fagiolo secco,2026,23320,,,,,,,P1200_II,P1200_II,,,,,,,,,,
A,Annuale,ITD3,Veneto,TP_QUIN_EXT,Produzione totale - quintali,BROAFIELD,Fava da granella,2025,608,,,,,,,P1200_I,P1200_I,,,,,,,,,,
A,Annuale,ITD3,Veneto,TP_QUIN_EXT,Produzione totale - quintali,BROAFIELD,Fava da granella,2026,653,,,,,,,P1200_I,P1200_I,,,,,,,,,,
A,Annuale,ITD3,Veneto,TP_QUIN_EXT,Produzione totale - quintali,LENTIL,Lenticchia,2025,122,,,,,,,P9100,P9100,,,,,,,,,,
A,Annuale,ITD3,Veneto,TP_QUIN_EXT,Produzione totale - quintali,LENTIL,Lenticchia,2026,17,,,,,,,P9100,P9100,,,,,,,,,,
A,Annuale,ITD3,Veneto,TP_QUIN_EXT,Produzione totale - quintali,CHICS,Cece,2025,302,,,,,,,P9200,P9200,,,,,,,,,,
A,Annuale,ITD3,Veneto,TP_QUIN_EXT,Produzione totale - quintali,CHICS,Cece,2026,336,,,,,,,P9200,P9200,,,,,,,,,,
A,Annuale,ITD3,Veneto,TP_QUIN_EXT,Produzione totale - quintali,POTA,Patata comune,2025,1818521,,,,,,,R1000_II,R1000_II,,,,,,,,,,
A,Annuale,ITD3,Veneto,TP_QUIN_EXT,Produzione totale - quintali,POTA,Patata comune,2026,1776631,,,,,,,R1000_II,R1000_II,,,,,,,,,,
A,Annuale,ITD3,Veneto,TP_QUIN_EXT,Produzione totale - quintali,BEETS,Barbabietola da zucchero,2025,2862745,,,,,,,R2000,R2000,,,,,,,,,,
A,Annuale,ITD3,Veneto,TP_QUIN_EXT,Produzione totale - quintali,SWEEATOES,Batata o patata dolce,2025,29774,,,,,,,R9000_I,R9000_I,,,,,,,,,,
A,Annuale,ITD3,Veneto,TP_QUIN_EXT,Produzione totale - quintali,TOBAC,Tabacco,2025,122061,,,,,,,I3000,I3000,,,,,,,,,,
A,Annuale,ITD3,Veneto,TP_QUIN_EXT,Produzione totale - quintali,HOPS,Luppolo,2025,289,,,,,,,I4000,I4000,,,,,,,,,,
A,Annuale,ITD3,Veneto,TP_QUIN_EXT,Produzione totale - quintali,FLAX,Lino,2025,757,,,,,,,I2100,I2100,,,,,,,,,,
A,Annuale,ITD3,Veneto,TP_QUIN_EXT,Produzione totale - quintali,HEMP,Canapa,2025,22148,,,,,,,I2200,I2200,,,,,,,,,,
A,Annuale,ITD3,Veneto,TP_QUIN_EXT,Produzione totale - quintali,GROU,Arachide,2025,180,,,,,,,I1910,I1910,,,,,,,,,,
A,Annuale,ITD3,Veneto,TP_QUIN_EXT,Produzione totale - quintali,RAPE,Colza,2025,58675,,,,,,,I1111,I1111,,,,,,,,,,
A,Annuale,ITD3,Veneto,TP_QUIN_EXT,Produzione totale - quintali,RAPE,Colza,2026,74834,,,,,,,I1111,I1111,,,,,,,,,,
A,Annuale,ITD3,Veneto,TP_QUIN_EXT,Produzione totale - quintali,SUNFLO,Girasole,2025,153698,,,,,,,I1120,I1120,,,,,,,,,,
A,Annuale,ITD3,Veneto,TP_QUIN_EXT,Produzione totale - quintali,SUNFLO,Girasole,2026,154729,,,,,,,I1120,I1120,,,,,,,,,,
A,Annuale,ITD3,Veneto,TP_QUIN_EXT,Produzione totale - quintali,OTHOLNOSES,Altre colture di semi oleosi diversi dal sesamo,2025,13203,,,,,,,I1190_II,I1190_II,,,,,,,,,,
A,Annuale,ITD3,Veneto,TP_QUIN_EXT,Produzione totale - quintali,SOYA,Soia,2025,5681268,,,,,,,I1130,I1130,,,,,,,,,,
A,Annuale,ITD3,Veneto,TP_QUIN_EXT,Produzione totale - quintali,SOYA,Soia,2026,4872083,,,,,,,I1130,I1130,,,,,,,,,,
A,Annuale,ITD3,Veneto,TP_QUIN_EXT,Produzione totale - quintali,PARSNGROPEN,Prezzemolo in piena aria,2025,1050,,,,,,,I5000_II,I5000_II,,,,,,,,,,
A,Annuale,ITD3,Veneto,TP_QUIN_EXT,Produzione totale - quintali,SWEEILING,Basilico,2025,15258,,,,,,,I5000_III,I5000_III,,,,,,,,,,
A,Annuale,ITD3,Veneto,TP_QUIN_EXT,Produzione totale - quintali,PARSNGREEN,Prezzemolo in serra,2025,4285,,,,,,,I5000_I,I5000_I,,,,,,,,,,
A,Annuale,ITD3,Veneto,TP_QUIN_EXT,Produzione totale - quintali,OTHAPOHPS,'Altre piante aromatiche, medicinali e culinarie',2025,15691,,,,,,,I5000_V,I5000_V,,,,,,,,,,
A,Annuale,ITD3,Veneto,TP_QUIN_EXT,Produzione totale - quintali,OTHFRELPULS,Altri legumi freschi,2025,102,,,,,,,V5900,V5900,,,,,,,,,,
A,Annuale,ITD3,Veneto,TP_QUIN_EXT,Produzione totale - quintali,FRESADBEAN,Fava fresca in piena aria,2025,102,,,,,,,V5900_I,V5900_I,,,,,,,,,,
A,Annuale,ITD3,Veneto,TP_QUIN_EXT,Produzione totale - quintali,LEEKOPENFI,Porro in piena aria,2025,93596,,,,,,,V2100,V2100,,,,,,,,,,
A,Annuale,ITD3,Veneto,TP_QUIN_EXT,Produzione totale - quintali,HTABG,Cavolo bianco,2025,510380,,,,,,,V1310,V1310,,,,,,,,,,
A,Annuale,ITD3,Veneto,TP_QUIN_EXT,Produzione totale - quintali,HTABG,Cavolo bianco,2026,503889,,,,,,,V1310,V1310,,,,,,,,,,
A,Annuale,ITD3,Veneto,TP_QUIN_EXT,Produzione totale - quintali,SAVOBAGEIN,Cavolo verza,2025,69642,,,,,,,V1330,V1330,,,,,,,,,,
A,Annuale,ITD3,Veneto,TP_QUIN_EXT,Produzione totale - quintali,SAVOBAGEIN,Cavolo verza,2026,55860,,,,,,,V1330,V1330,,,,,,,,,,
A,Annuale,ITD3,Veneto,TP_QUIN_EXT,Produzione totale - quintali,OTHBROCI,Altri cavoli diversi dai broccoletti di rapa,2025,4223,,,,,,,V1900_II,V1900_II,,,,,,,,,,
A,Annuale,ITD3,Veneto,TP_QUIN_EXT,Produzione totale - quintali,OTHBROCI,Altri cavoli diversi dai broccoletti di rapa,2026,4129,,,,,,,V1900_II,V1900_II,,,,,,,,,,
A,Annuale,ITD3,Veneto,TP_QUIN_EXT,Produzione totale - quintali,BROCINOPEN,Broccoletto di rapa in piena aria,2025,7863,,,,,,,V1900_I,V1900_I,,,,,,,,,,
A,Annuale,ITD3,Veneto,TP_QUIN_EXT,Produzione totale - quintali,BROCINOPEN,Broccoletto di rapa in piena aria,2026,6936,,,,,,,V1900_I,V1900_I,,,,,,,,,,
A,Annuale,ITD3,Veneto,TP_QUIN_EXT,Produzione totale - quintali,CAULERAND,Cavolfiore  (e cavolo broccolo),2025,67538,,,,,,,V1100,V1100,,,,,,,,,,
A,Annuale,ITD3,Veneto,TP_QUIN_EXT,Produzione totale - quintali,CAULERAND,Cavolfiore  (e cavolo broccolo),2026,63245,,,,,,,V1100,V1100,,,,,,,,,,
A,Annuale,ITD3,Veneto,TP_QUIN_EXT,Produzione totale - quintali,PEAENFIEL,Pisello in piena aria,2025,127302,,,,,,,V5100_II,V5100_II,,,,,,,,,,
A,Annuale,ITD3,Veneto,TP_QUIN_EXT,Produzione totale - quintali,FRESNEYBEA,Fagiolo e fagiolino in piena aria,2025,63839,,,,,,,V5200_II,V5200_II,,,,,,,,,,
A,Annuale,ITD3,Veneto,TP_QUIN_EXT,Produzione totale - quintali,FRESNEYBEA,Fagiolo e fagiolino in piena aria,2026,45130,,,,,,,V5200_II,V5200_II,,,,,,,,,,
A,Annuale,ITD3,Veneto,TP_QUIN_EXT,Produzione totale - quintali,SHALLOT,Scalogno in piena aria,2025,4778,,,,,,,V4220,V4220,,,,,,,,,,
A,Annuale,ITD3,Veneto,TP_QUIN_EXT,Produzione totale - quintali,SHALLOT,Scalogno in piena aria,2026,5068,,,,,,,V4220,V4220,,,,,,,,,,
A,Annuale,ITD3,Veneto,TP_QUIN_EXT,Produzione totale - quintali,ONIOOPENF,Cipolla in piena aria,2025,246210,,,,,,,V4210,V4210,,,,,,,,,,
A,Annuale,ITD3,Veneto,TP_QUIN_EXT,Produzione totale - quintali,ONIOOPENF,Cipolla in piena aria,2026,228426,,,,,,,V4210,V4210,,,,,,,,,,
A,Annuale,ITD3,Veneto,TP_QUIN_EXT,Produzione totale - quintali,CARRNDPARS,Carota e pastinaca in piena aria,2025,300629,,,,,,,V4100_II,V4100_II,,,,,,,,,,
A,Annuale,ITD3,Veneto,TP_QUIN_EXT,Produzione totale - quintali,CARRNDPARS,Carota e pastinaca in piena aria,2026,283961,,,,,,,V4100_II,V4100_II,,,,,,,,,,
A,Annuale,ITD3,Veneto,TP_QUIN_EXT,Produzione totale - quintali,BEETANDLEA,Barbabietola da orto in piena aria,2025,3883,,,,,,,V4300_II,V4300_II,,,,,,,,,,
A,Annuale,ITD3,Veneto,TP_QUIN_EXT,Produzione totale - quintali,ASPAINGREOPEN,Asparago in piena aria,2025,130776,,,,,,,V2600_II,V2600_II,,,,,,,,,,
A,Annuale,ITD3,Veneto,TP_QUIN_EXT,Produzione totale - quintali,ASPAINGREOPEN,Asparago in piena aria,2026,129373,,,,,,,V2600_II,V2600_II,,,,,,,,,,
A,Annuale,ITD3,Veneto,TP_QUIN_EXT,Produzione totale - quintali,CHICNOPEN,Radicchio o cicoria in piena aria,2025,823981,,,,,,,V2700_II,V2700_II,,,,,,,,,,
A,Annuale,ITD3,Veneto,TP_QUIN_EXT,Produzione totale - quintali,CHICNOPEN,Radicchio o cicoria in piena aria,2026,571764,,,,,,,V2700_II,V2700_II,,,,,,,,,,
A,Annuale,ITD3,Veneto,TP_QUIN_EXT,Produzione totale - quintali,CELEOPENF,Sedano in piena aria,2025,11744,,,,,,,V2200_II,V2200_II,,,,,,,,,,
A,Annuale,ITD3,Veneto,TP_QUIN_EXT,Produzione totale - quintali,GLOBICHOKE,Carciofo in piena aria,2025,2008,,,,,,,V2800,V2800,,,,,,,,,,
A,Annuale,ITD3,Veneto,TP_QUIN_EXT,Produzione totale - quintali,GLOBICHOKE,Carciofo in piena aria,2026,2460,,,,,,,V2800,V2800,,,,,,,,,,
A,Annuale,ITD3,Veneto,TP_QUIN_EXT,Produzione totale - quintali,EGGINOPE,Melanzana in piena aria,2025,25460,,,,,,,V3410_II,V3410_II,,,,,,,,,,
A,Annuale,ITD3,Veneto,TP_QUIN_EXT,Produzione totale - quintali,EGGINOPE,Melanzana in piena aria,2026,23011,,,,,,,V3410_II,V3410_II,,,,,,,,,,
A,Annuale,ITD3,Veneto,TP_QUIN_EXT,Produzione totale - quintali,REDRINOP,Peperone in piena aria,2025,14012,,,,,,,V3600_II,V3600_II,,,,,,,,,,
A,Annuale,ITD3,Veneto,TP_QUIN_EXT,Produzione totale - quintali,REDRINOP,Peperone in piena aria,2026,13610,,,,,,,V3600_II,V3600_II,,,,,,,,,,
A,Annuale,ITD3,Veneto,TP_QUIN_EXT,Produzione totale - quintali,CUCUINOPE,Cetriolo da mensa in piena aria,2025,7705,,,,,,,V3200_II,V3200_II,,,,,,,,,,
A,Annuale,ITD3,Veneto,TP_QUIN_EXT,Produzione totale - quintali,LETTNOPEN,Lattuga in piena aria,2025,45491,,,,,,,V2300_II,V2300_II,,,,,,,,,,
A,Annuale,ITD3,Veneto,TP_QUIN_EXT,Produzione totale - quintali,LETTNOPEN,Lattuga in piena aria,2026,44377,,,,,,,V2300_II,V2300_II,,,,,,,,,,
A,Annuale,ITD3,Veneto,TP_QUIN_EXT,Produzione totale - quintali,MELOOPENFI,Popone o melone in piena aria,2025,111145,,,,,,,V3510_II,V3510_II,,,,,,,,,,
A,Annuale,ITD3,Veneto,TP_QUIN_EXT,Produzione totale - quintali,MELOOPENFI,Popone o melone in piena aria,2026,113131,,,,,,,V3510_II,V3510_II,,,,,,,,,,
A,Annuale,ITD3,Veneto,TP_QUIN_EXT,Produzione totale - quintali,COURINOPE,Zucchina in piena aria,2025,523516,,,,,,,V3420_II,V3420_II,,,,,,,,,,
A,Annuale,ITD3,Veneto,TP_QUIN_EXT,Produzione totale - quintali,COURINOPE,Zucchina in piena aria,2026,552162,,,,,,,V3420_II,V3420_II,,,,,,,,,,
A,Annuale,ITD3,Veneto,TP_QUIN_EXT,Produzione totale - quintali,WATENINOP,Cocomero in piena aria,2025,189922,,,,,,,V3520_II,V3520_II,,,,,,,,,,
A,Annuale,ITD3,Veneto,TP_QUIN_EXT,Produzione totale - quintali,FENNOPENF,Finocchio in piena aria,2025,11565,,,,,,,V4920_II,V4920_II,,,,,,,,,,
A,Annuale,ITD3,Veneto,TP_QUIN_EXT,Produzione totale - quintali,FENNOPENF,Finocchio in piena aria,2026,12289,,,,,,,V4920_II,V4920_II,,,,,,,,,,
A,Annuale,ITD3,Veneto,TP_QUIN_EXT,Produzione totale - quintali,ENDINOPEN,Indivia (riccia e scarola) in piena aria,2025,5627,,,,,,,V2400_II,V2400_II,,,,,,,,,,
A,Annuale,ITD3,Veneto,TP_QUIN_EXT,Produzione totale - quintali,ENDINOPEN,Indivia (riccia e scarola) in piena aria,2026,4818,,,,,,,V2400_II,V2400_II,,,,,,,,,,
A,Annuale,ITD3,Veneto,TP_QUIN_EXT,Produzione totale - quintali,RADIOPEN,Ravanello in piena aria,2025,3022,,,,,,,V4500_I,V4500_I,,,,,,,,,,
A,Annuale,ITD3,Veneto,TP_QUIN_EXT,Produzione totale - quintali,SPINNOPEN,Spinacio in piena aria,2025,21653,,,,,,,V2500_II,V2500_II,,,,,,,,,,
A,Annuale,ITD3,Veneto,TP_QUIN_EXT,Produzione totale - quintali,CHAROPENFI,Bietola da costa in piena aria,2025,20359,,,,,,,V2900_III,V2900_III,,,,,,,,,,
A,Annuale,ITD3,Veneto,TP_QUIN_EXT,Produzione totale - quintali,ZUCCA,Zucca,2025,280831,,,,,,,,,,,,,,,,,,
A,Annuale,ITD3,Veneto,TP_QUIN_EXT,Produzione totale - quintali,ZUCCA,Zucca,2026,291214,,,,,,,,,,,,,,,,,,
A,Annuale,ITD3,Veneto,TP_QUIN_EXT,Produzione totale - quintali,GARLIC,Aglio,2025,30909,,,,,,,V4600,V4600,,,,,,,,,,
A,Annuale,ITD3,Veneto,TP_QUIN_EXT,Produzione totale - quintali,CICRADIFRE_GREEN,Cicoria o radicchio per consumo fresco in serra,2025,10425,,,,,,,V2710_I,V2710_I,,,,,,,,,,
A,Annuale,ITD3,Veneto,TP_QUIN_EXT,Produzione totale - quintali,CICRADIFRE_OPEN,Cicoria o radicchio per consumo fresco in piena aria,2025,823981,,,,,,,V2710_II,V2710_II,,,,,,,,,,
A,Annuale,ITD3,Veneto,TP_QUIN_EXT,Produzione totale - quintali,CICRADIFRE_OPEN,Cicoria o radicchio per consumo fresco in piena aria,2026,571764,,,,,,,V2710_II,V2710_II,,,,,,,,,,
A,Annuale,ITD3,Veneto,TP_QUIN_EXT,Produzione totale - quintali,OTHALEAFSNOB,Altre verdure a foglia o a stelo diverse dalla bietola da costa,2025,104514,,,,,,,V2900_IV,V2900_IV,,,,,,,,,,
A,Annuale,ITD3,Veneto,TP_QUIN_EXT,Produzione totale - quintali,OFTTOT,Pomodoro da consumo fresco o da mensa,2025,4321,,,,,,,V3110,V3110,,,,,,,,,,
A,Annuale,ITD3,Veneto,TP_QUIN_EXT,Produzione totale - quintali,OFTTOT,Pomodoro da consumo fresco o da mensa,2026,3885,,,,,,,V3110,V3110,,,,,,,,,,
A,Annuale,ITD3,Veneto,TP_QUIN_EXT,Produzione totale - quintali,OFTP,Pomodoro da trasformazione in piena aria,2025,1852241,,,,,,,V3120,V3120,,,,,,,,,,
A,Annuale,ITD3,Veneto,TP_QUIN_EXT,Produzione totale - quintali,OFTP,Pomodoro da trasformazione in piena aria,2026,1666648,,,,,,,V3120,V3120,,,,,,,,,,
A,Annuale,ITD3,Veneto,TP_QUIN_EXT,Produzione totale - quintali,PEAEENHOUS,Pisello in serra,2025,1788,,,,,,,V5100_I,V5100_I,,,,,,,,,,
A,Annuale,ITD3,Veneto,TP_QUIN_EXT,Produzione totale - quintali,CARRGREENH,Carota in serra,2025,6603,,,,,,,V4100_I,V4100_I,,,,,,,,,,
A,Annuale,ITD3,Veneto,TP_QUIN_EXT,Produzione totale - quintali,ASPAINGRE,Asparago in serra,2025,8844,,,,,,,V2600_I,V2600_I,,,,,,,,,,
A,Annuale,ITD3,Veneto,TP_QUIN_EXT,Produzione totale - quintali,RADIINGRE,Cicoria o radicchio in serra,2025,10425,,,,,,,V2700_I,V2700_I,,,,,,,,,,
A,Annuale,ITD3,Veneto,TP_QUIN_EXT,Produzione totale - quintali,CELEGREENH,Sedano in serra,2025,12567,,,,,,,V2200_I,V2200_I,,,,,,,,,,
A,Annuale,ITD3,Veneto,TP_QUIN_EXT,Produzione totale - quintali,EGGINGRE,Melanzana in serra,2025,236643,,,,,,,V3410_I,V3410_I,,,,,,,,,,
A,Annuale,ITD3,Veneto,TP_QUIN_EXT,Produzione totale - quintali,REDRINGR,Peperone in serra,2025,119179,,,,,,,V3600S,V3600S,,,,,,,,,,
A,Annuale,ITD3,Veneto,TP_QUIN_EXT,Produzione totale - quintali,CUCUINGRE,Cetriolo da mensa in serra,2025,223807,,,,,,,V3200S,V3200S,,,,,,,,,,
A,Annuale,ITD3,Veneto,TP_QUIN_EXT,Produzione totale - quintali,BEANREENHOU,Fagiolino in serra,2025,4987,,,,,,,V5200_I,V5200_I,,,,,,,,,,
A,Annuale,ITD3,Veneto,TP_QUIN_EXT,Produzione totale - quintali,LETTNGREEN,Lattuga in serra,2025,300159,,,,,,,V2300S,V2300S,,,,,,,,,,
A,Annuale,ITD3,Veneto,TP_QUIN_EXT,Produzione totale - quintali,MELOGREENHO,Popone o melone in serra,2025,187187,,,,,,,V3510_I,V3510_I,,,,,,,,,,
A,Annuale,ITD3,Veneto,TP_QUIN_EXT,Produzione totale - quintali,COURINGRE,Zucchina in serra,2025,213196,,,,,,,V3420_I,V3420_I,,,,,,,,,,
A,Annuale,ITD3,Veneto,TP_QUIN_EXT,Produzione totale - quintali,BEETREENHOU,Bietola da costa in serra,2025,13638,,,,,,,V2900_II,V2900_II,,,,,,,,,,
A,Annuale,ITD3,Veneto,TP_QUIN_EXT,Produzione totale - quintali,WATENINGR,Cocomero in serra,2025,50523,,,,,,,V3520_I,V3520_I,,,,,,,,,,
A,Annuale,ITD3,Veneto,TP_QUIN_EXT,Produzione totale - quintali,FENNGREENH,Finocchio in serra,2025,8023,,,,,,,V4920_I,V4920_I,,,,,,,,,,
A,Annuale,ITD3,Veneto,TP_QUIN_EXT,Produzione totale - quintali,ENDIGREENH,Indivia in serra,2025,3967,,,,,,,V2400_I,V2400_I,,,,,,,,,,
A,Annuale,ITD3,Veneto,TP_QUIN_EXT,Produzione totale - quintali,SPINNGREEN,Spinacio in serra,2025,20938,,,,,,,V2500_I,V2500_I,,,,,,,,,,
A,Annuale,ITD3,Veneto,TP_QUIN_EXT,Produzione totale - quintali,OTHEETABLESGR,Altri ortaggi (in serra e non) nca,2025,47887,,,,,,,V9000,V9000,,,,,,,,,,
A,Annuale,ITD3,Veneto,TP_QUIN_EXT,Produzione totale - quintali,TOMAGRENNH,Pomodoro in serra,2025,250382,,,,,,,V3100S,V3100S,,,,,,,,,,
A,Annuale,ITD3,Veneto,TP_QUIN_EXT,Produzione totale - quintali,TOMAGRENNH_I,Pomodoro da consumo fresco in serra,2025,250382,,,,,,,V3110_I,V3110_I,,,,,,,,,,
A,Annuale,ITD3,Veneto,TP_QUIN_EXT,Produzione totale - quintali,STRAIEINO,Fragola in piena aria,2025,7577,,,,,,,S0000_II,S0000_II,,,,,,,,,,
A,Annuale,ITD3,Veneto,TP_QUIN_EXT,Produzione totale - quintali,STRAIEINO,Fragola in piena aria,2026,8614,,,,,,,S0000_II,S0000_II,,,,,,,,,,
A,Annuale,ITD3,Veneto,TP_QUIN_EXT,Produzione totale - quintali,STRAIEING,Fragola in serra,2025,105385,,,,,,,S0000S,S0000S,,,,,,,,,,
A,Annuale,ITD3,Veneto,TP_QUIN_EXT,Produzione totale - quintali,APPLE,Mela,2025,2727992,,,,,,,F1110,F1110,,,,,,,,,,
A,Annuale,ITD3,Veneto,TP_QUIN_EXT,Produzione totale - quintali,APPLE,Mela,2026,3182869,,,,,,,F1110,F1110,,,,,,,,,,
A,Annuale,ITD3,Veneto,TP_QUIN_EXT,Produzione totale - quintali,PLSFRFESHC,Mele per il consumo fresco,2025,2654935,,,,,,,F1111,F1111,,,,,,,,,,
A,Annuale,ITD3,Veneto,TP_QUIN_EXT,Produzione totale - quintali,PLSFRFESHC,Mele per il consumo fresco,2026,3092152,,,,,,,F1111,F1111,,,,,,,,,,
A,Annuale,ITD3,Veneto,TP_QUIN_EXT,Produzione totale - quintali,PLSDSIEDFO,Mele destinate alla trasformazione,2025,73057,,,,,,,F1112,F1112,,,,,,,,,,
A,Annuale,ITD3,Veneto,TP_QUIN_EXT,Produzione totale - quintali,PLSDSIEDFO,Mele destinate alla trasformazione,2026,90717,,,,,,,F1112,F1112,,,,,,,,,,
A,Annuale,ITD3,Veneto,TP_QUIN_EXT,Produzione totale - quintali,QUIN,Cotogno,2025,549,,,,,,,F1190_I,F1190_I,,,,,,,,,,
A,Annuale,ITD3,Veneto,TP_QUIN_EXT,Produzione totale - quintali,PEAR,Pera,2025,265081,,,,,,,F1120,F1120,,,,,,,,,,
A,Annuale,ITD3,Veneto,TP_QUIN_EXT,Produzione totale - quintali,PEAR,Pera,2026,344909,,,,,,,F1120,F1120,,,,,,,,,,
A,Annuale,ITD3,Veneto,TP_QUIN_EXT,Produzione totale - quintali,ERORSHCO,Pere per il consumo fresco,2025,250817,,,,,,,F1121,F1121,,,,,,,,,,
A,Annuale,ITD3,Veneto,TP_QUIN_EXT,Produzione totale - quintali,ERORSHCO,Pere per il consumo fresco,2026,318718,,,,,,,F1121,F1121,,,,,,,,,,
A,Annuale,ITD3,Veneto,TP_QUIN_EXT,Produzione totale - quintali,ERETNDFOR,Pere destinate alla trasformazione,2025,14264,,,,,,,F1122,F1122,,,,,,,,,,
A,Annuale,ITD3,Veneto,TP_QUIN_EXT,Produzione totale - quintali,ERETNDFOR,Pere destinate alla trasformazione,2026,26191,,,,,,,F1122,F1122,,,,,,,,,,
A,Annuale,ITD3,Veneto,TP_QUIN_EXT,Produzione totale - quintali,PEACH,Pesca,2025,132519,,,,,,,F1210,F1210,,,,,,,,,,
A,Annuale,ITD3,Veneto,TP_QUIN_EXT,Produzione totale - quintali,PEACH,Pesca,2026,176342,,,,,,,F1210,F1210,,,,,,,,,,
A,Annuale,ITD3,Veneto,TP_QUIN_EXT,Produzione totale - quintali,ECENEDEDF,Pesche destinate a consumo,2025,119983,,,,,,,F1211,F1211,,,,,,,,,,
A,Annuale,ITD3,Veneto,TP_QUIN_EXT,Produzione totale - quintali,ECENEDEDF,Pesche destinate a consumo,2026,159425,,,,,,,F1211,F1211,,,,,,,,,,
A,Annuale,ITD3,Veneto,TP_QUIN_EXT,Produzione totale - quintali,ECENEDEDFTR,Pesche destinate alla trasformazione,2025,12536,,,,,,,F1212,F1212,,,,,,,,,,
A,Annuale,ITD3,Veneto,TP_QUIN_EXT,Produzione totale - quintali,ECENEDEDFTR,Pesche destinate alla trasformazione,2026,16917,,,,,,,F1212,F1212,,,,,,,,,,
A,Annuale,ITD3,Veneto,TP_QUIN_EXT,Produzione totale - quintali,NECTA,Nettarina (pesca noce),2025,127918,,,,,,,F1220,F1220,,,,,,,,,,
A,Annuale,ITD3,Veneto,TP_QUIN_EXT,Produzione totale - quintali,NECTA,Nettarina (pesca noce),2026,165831,,,,,,,F1220,F1220,,,,,,,,,,
A,Annuale,ITD3,Veneto,TP_QUIN_EXT,Produzione totale - quintali,ETRNSITENDE,Nettarine destinate a consumo,2025,127918,,,,,,,F1221,F1221,,,,,,,,,,
A,Annuale,ITD3,Veneto,TP_QUIN_EXT,Produzione totale - quintali,ETRNSITENDE,Nettarine destinate a consumo,2026,165831,,,,,,,F1221,F1221,,,,,,,,,,
A,Annuale,ITD3,Veneto,TP_QUIN_EXT,Produzione totale - quintali,APRIC,Albicocca,2025,32099,,,,,,,F1230,F1230,,,,,,,,,,
A,Annuale,ITD3,Veneto,TP_QUIN_EXT,Produzione totale - quintali,APRIC,Albicocca,2026,43185,,,,,,,F1230,F1230,,,,,,,,,,
A,Annuale,ITD3,Veneto,TP_QUIN_EXT,Produzione totale - quintali,CHERR,Ciliegia in complesso,2025,62869,,,,,,,F1240,F1240,,,,,,,,,,
A,Annuale,ITD3,Veneto,TP_QUIN_EXT,Produzione totale - quintali,ORCERE,Amarene,2025,1205,,,,,,,F1241,F1241,,,,,,,,,,
A,Annuale,ITD3,Veneto,TP_QUIN_EXT,Produzione totale - quintali,ORCERE,Amarene,2026,1576,,,,,,,F1241,F1241,,,,,,,,,,
A,Annuale,ITD3,Veneto,TP_QUIN_EXT,Produzione totale - quintali,SWCHERRIES,Ciliegie dolci,2025,61664,,,,,,,F1242,F1242,,,,,,,,,,
A,Annuale,ITD3,Veneto,TP_QUIN_EXT,Produzione totale - quintali,SWCHERRIES,Ciliegie dolci,2026,112235,,,,,,,F1242,F1242,,,,,,,,,,
A,Annuale,ITD3,Veneto,TP_QUIN_EXT,Produzione totale - quintali,PLUM,Susina/prugna,2025,94312,,,,,,,F1250,F1250,,,,,,,,,,
A,Annuale,ITD3,Veneto,TP_QUIN_EXT,Produzione totale - quintali,PLUM,Susina/prugna,2026,108178,,,,,,,F1250,F1250,,,,,,,,,,
A,Annuale,ITD3,Veneto,TP_QUIN_EXT,Produzione totale - quintali,MEDLAR,Nespola comune,2025,146,,,,,,,F1190_II,F1190_II,,,,,,,,,,
A,Annuale,ITD3,Veneto,TP_QUIN_EXT,Produzione totale - quintali,FIG,Fico,2025,2016,,,,,,,F2100,F2100,,,,,,,,,,
A,Annuale,ITD3,Veneto,TP_QUIN_EXT,Produzione totale - quintali,KIWI,Kiwi,2025,505510,,,,,,,F2200,F2200,,,,,,,,,,
A,Annuale,ITD3,Veneto,TP_QUIN_EXT,Produzione totale - quintali,KIWI,Kiwi,2026,529564,,,,,,,F2200,F2200,,,,,,,,,,
A,Annuale,ITD3,Veneto,TP_QUIN_EXT,Produzione totale - quintali,LOTU,Loti o kaki,2025,33114,,,,,,,F2900_I,F2900_I,,,,,,,,,,
A,Annuale,ITD3,Veneto,TP_QUIN_EXT,Produzione totale - quintali,POMETES,Melograno,2025,31991,,,,,,,F2900_II,F2900_II,,,,,,,,,,
A,Annuale,ITD3,Veneto,TP_QUIN_EXT,Produzione totale - quintali,REDCURRA,Ribes rosso,2025,596,,,,,,,F3120,F3120,,,,,,,,,,
A,Annuale,ITD3,Veneto,TP_QUIN_EXT,Produzione totale - quintali,BLACKCURRA,Ribes nero,2025,460,,,,,,,F3110,F3110,,,,,,,,,,
A,Annuale,ITD3,Veneto,TP_QUIN_EXT,Produzione totale - quintali,ROUSPBERRI,Lampone,2025,10025,,,,,,,F3200,F3200,,,,,,,,,,
A,Annuale,ITD3,Veneto,TP_QUIN_EXT,Produzione totale - quintali,BUBRY,Mirtillo,2025,30972,,,,,,,F3300,F3300,,,,,,,,,,
A,Annuale,ITD3,Veneto,TP_QUIN_EXT,Produzione totale - quintali,CRAT,Ribes,2025,1056,,,,,,,F3100,F3100,,,,,,,,,,
A,Annuale,ITD3,Veneto,TP_QUIN_EXT,Produzione totale - quintali,OTHETFRUITNOR,Altre bacche diverse da sorbo,2025,6711,,,,,,,F3900_II,F3900_II,,,,,,,,,,
A,Annuale,ITD3,Veneto,TP_QUIN_EXT,Produzione totale - quintali,ALMO,Mandorla,2025,105,,,,,,,F4300,F4300,,,,,,,,,,
A,Annuale,ITD3,Veneto,TP_QUIN_EXT,Produzione totale - quintali,ALMO,Mandorla,2026,105,,,,,,,F4300,F4300,,,,,,,,,,
A,Annuale,ITD3,Veneto,TP_QUIN_EXT,Produzione totale - quintali,HAZEL,Nocciola,2025,6147,,,,,,,F4200,F4200,,,,,,,,,,
A,Annuale,ITD3,Veneto,TP_QUIN_EXT,Produzione totale - quintali,HAZEL,Nocciola,2026,10865,,,,,,,F4200,F4200,,,,,,,,,,
A,Annuale,ITD3,Veneto,TP_QUIN_EXT,Produzione totale - quintali,CHEST,Castagne e marroni,2025,3018,,,,,,,F4400,F4400,,,,,,,,,,
A,Annuale,ITD3,Veneto,TP_QUIN_EXT,Produzione totale - quintali,WALNU,Noci,2025,37873,,,,,,,F4100,F4100,,,,,,,,,,
A,Annuale,ITD3,Veneto,TP_QUIN_EXT,Produzione totale - quintali,OTHNUTSOPI,Altra frutta a guscio diversa dal pistacchio,2025,330,,,,,,,F4910_I,F4910_I,,,,,,,,,,
A,Annuale,ITD3,Veneto,TP_QUIN_EXT,Produzione totale - quintali,WINEES,Uva da vino,2025,14662869,,,,,,,W1100,W1100,,,,,,,,,,
A,Annuale,ITD3,Veneto,TP_QUIN_EXT,Produzione totale - quintali,WINEES,Uva da vino,2026,14662869,,,,,,,W1100,W1100,,,,,,,,,,
A,Annuale,ITD3,Veneto,TP_QUIN_EXT,Produzione totale - quintali,GRAPEDOPWINE,Uve per vini dop,2025,11473826,,,,,,,W1110,W1110,,,,,,,,,,
A,Annuale,ITD3,Veneto,TP_QUIN_EXT,Produzione totale - quintali,GRAPEIGPWINE,Uve per vini igp,2025,2485884,,,,,,,W1120,W1120,,,,,,,,,,
A,Annuale,ITD3,Veneto,TP_QUIN_EXT,Produzione totale - quintali,OTHGRWINODI,Uve per altri vini (escluso dop e igp),2025,703159,,,,,,,W1190,W1190,,,,,,,,,,
A,Annuale,ITD3,Veneto,TP_QUIN_EXT,Produzione totale - quintali,TABLEGRAPES,Uva da tavola,2025,17500,,,,,,,W1200,W1200,,,,,,,,,,
A,Annuale,ITD3,Veneto,TP_QUIN_EXT,Produzione totale - quintali,TABLEGRAPES,Uva da tavola,2026,17500,,,,,,,W1200,W1200,,,,,,,,,,
A,Annuale,ITD3,Veneto,TP_QUIN_EXT,Produzione totale - quintali,OLIVTAB_OIL,Olive da tavola e da olio,2025,73758,,,,,,,O1000,O1000,,,,,,,,,,
A,Annuale,ITD3,Veneto,TP_QUIN_EXT,Produzione totale - quintali,OLIVTAB_OIL,Olive da tavola e da olio,2026,73762,,,,,,,O1000,O1000,,,,,,,,,,
A,Annuale,ITD3,Veneto,TP_QUIN_EXT,Produzione totale - quintali,OLIVT,Olive da tavola,2025,236,,,,,,,O1100,O1100,,,,,,,,,,
A,Annuale,ITD3,Veneto,TP_QUIN_EXT,Produzione totale - quintali,OHROIE,Altre olive,2025,73522,,,,,,,O1900,O1900,,,,,,,,,,
A,Annuale,ITD3,Veneto,TP_QUIN_EXT,Produzione totale - quintali,OLIVO,Olive da olio,2025,73522,,,,,,,O1910,O1910,,,,,,,,,,
A,Annuale,ITD3,Veneto,TP_QUIN_EXT,Produzione totale - quintali,PRESIL,Olio di oliva,2025,8657,,,,,,,O2000,O2000,,,,,,,,,,
A,Annuale,ITD3,Veneto,TP_HECT_EXT,Produzione totale - ettolitri,WINE,Vino,2025,11438811,,,,,,,W2000,W2000,,,,,,,,,,
A,Annuale,ITD3,Veneto,TP_HECT_EXT,Produzione totale - ettolitri,WINE,Vino,2026,11438811,,,,,,,W2000,W2000,,,,,,,,,,
A,Annuale,ITD3,Veneto,TP_HECT_EXT,Produzione totale - ettolitri,TABLW,Vino da tavola,2025,574058,,,,,,,W2300,W2300,,,,,,,,,,
A,Annuale,ITD3,Veneto,TP_HECT_EXT,Produzione totale - ettolitri,WHITNE,Vino bianco da tavola,2025,472831,,,,,,,W2310,W2310,,,,,,,,,,
A,Annuale,ITD3,Veneto,TP_HECT_EXT,Produzione totale - ettolitri,REDOSEWIN,Vino rosso e rosato da tavola,2025,101227,,,,,,,W2320,W2320,,,,,,,,,,
A,Annuale,ITD3,Veneto,TP_HECT_EXT,Produzione totale - ettolitri,REGDESWINE,Vino D:O:P:,2025,8213313,,,,,,,W2100,W2100,,,,,,,,,,
A,Annuale,ITD3,Veneto,TP_HECT_EXT,Produzione totale - ettolitri,REGDESWHITEWINE,Vino D:O:P: bianco,2025,7404871,,,,,,,W2110,W2110,,,,,,,,,,
A,Annuale,ITD3,Veneto,TP_HECT_EXT,Produzione totale - ettolitri,REGDESBLACKWINE,Vino D:O:P: rosso e rosato,2025,808442,,,,,,,W2120,W2120,,,,,,,,,,
A,Annuale,ITD3,Veneto,TP_HECT_EXT,Produzione totale - ettolitri,TYPGEOWINE,Vino I.G.P.,2025,2651440,,,,,,,W2200,W2200,,,,,,,,,,
A,Annuale,ITD3,Veneto,TP_HECT_EXT,Produzione totale - ettolitri,TYPGEOWHITEWINE,Vino I.G.P. bianco,2025,1659526,,,,,,,W2210,W2210,,,,,,,,,,
A,Annuale,ITD3,Veneto,TP_HECT_EXT,Produzione totale - ettolitri,TYPGEOBLACKWINE,Vino I.G.P. rosso e rosato,2025,991914,,,,,,,W2220,W2220,,,,,,,,,,
A,Annuale,ITD3,Veneto,HP_Q_EXT,Produzione raccolta - quintali,COMMEAT,Frumento tenero,2025,4794843,,,,,TIPO_DATO5__HP_Q_EXT_N1,'Per tutte le coltivazioni foraggere temporanee e permanenti, a partire dal 2020 i valori di produzione sono espressi in quintali;<br />Dal 2020 sono diffusi i valori di produzione raccolta in quanto necessari per il calcolo della resa. <br />La serie storica e di conseguenza l"'attendibilità dei dati diffusi negli anni precedenti non vengono compromessi perché, per le foraggere, i valori di produzione totale e raccolta coincidono.',C1110,C1110,,,,,,,,,,
A,Annuale,ITD3,Veneto,HP_Q_EXT,Produzione raccolta - quintali,COMMEAT,Frumento tenero,2026,5834993,,,,,TIPO_DATO5__HP_Q_EXT_N1,'Per tutte le coltivazioni foraggere temporanee e permanenti, a partire dal 2020 i valori di produzione sono espressi in quintali;<br />Dal 2020 sono diffusi i valori di produzione raccolta in quanto necessari per il calcolo della resa. <br />La serie storica e di conseguenza l"'attendibilità dei dati diffusi negli anni precedenti non vengono compromessi perché, per le foraggere, i valori di produzione totale e raccolta coincidono.',C1110,C1110,,,,,,,,,,
A,Annuale,ITD3,Veneto,HP_Q_EXT,Produzione raccolta - quintali,PIGWETWINT,Grano invernale e farro,2025,4794843,,,,,TIPO_DATO5__HP_Q_EXT_N1,'Per tutte le coltivazioni foraggere temporanee e permanenti, a partire dal 2020 i valori di produzione sono espressi in quintali;<br />Dal 2020 sono diffusi i valori di produzione raccolta in quanto necessari per il calcolo della resa. <br />La serie storica e di conseguenza l"'attendibilità dei dati diffusi negli anni precedenti non vengono compromessi perché, per le foraggere, i valori di produzione totale e raccolta coincidono.',C1111,C1111,,,,,,,,,,
A,Annuale,ITD3,Veneto,HP_Q_EXT,Produzione raccolta - quintali,PIGWETWINT,Grano invernale e farro,2026,5834993,,,,,TIPO_DATO5__HP_Q_EXT_N1,'Per tutte le coltivazioni foraggere temporanee e permanenti, a partire dal 2020 i valori di produzione sono espressi in quintali;<br />Dal 2020 sono diffusi i valori di produzione raccolta in quanto necessari per il calcolo della resa. <br />La serie storica e di conseguenza l"'attendibilità dei dati diffusi negli anni precedenti non vengono compromessi perché, per le foraggere, i valori di produzione totale e raccolta coincidono.',C1111,C1111,,,,,,,,,,
A,Annuale,ITD3,Veneto,HP_Q_EXT,Produzione raccolta - quintali,WHEATD,Frumento duro,2025,665582,,,,,TIPO_DATO5__HP_Q_EXT_N1,'Per tutte le coltivazioni foraggere temporanee e permanenti, a partire dal 2020 i valori di produzione sono espressi in quintali;<br />Dal 2020 sono diffusi i valori di produzione raccolta in quanto necessari per il calcolo della resa. <br />La serie storica e di conseguenza l"'attendibilità dei dati diffusi negli anni precedenti non vengono compromessi perché, per le foraggere, i valori di produzione totale e raccolta coincidono.',C1120,C1120,,,,,,,,,,
A,Annuale,ITD3,Veneto,HP_Q_EXT,Produzione raccolta - quintali,WHEATD,Frumento duro,2026,792513,,,,,TIPO_DATO5__HP_Q_EXT_N1,'Per tutte le coltivazioni foraggere temporanee e permanenti, a partire dal 2020 i valori di produzione sono espressi in quintali;<br />Dal 2020 sono diffusi i valori di produzione raccolta in quanto necessari per il calcolo della resa. <br />La serie storica e di conseguenza l"'attendibilità dei dati diffusi negli anni precedenti non vengono compromessi perché, per le foraggere, i valori di produzione totale e raccolta coincidono.',C1120,C1120,,,,,,,,,,
A,Annuale,ITD3,Veneto,HP_Q_EXT,Produzione raccolta - quintali,ITRSOYEAN,Miscele di segale e cereali invernali,2025,2107,,,,,TIPO_DATO5__HP_Q_EXT_N1,'Per tutte le coltivazioni foraggere temporanee e permanenti, a partire dal 2020 i valori di produzione sono espressi in quintali;<br />Dal 2020 sono diffusi i valori di produzione raccolta in quanto necessari per il calcolo della resa. <br />La serie storica e di conseguenza l"'attendibilità dei dati diffusi negli anni precedenti non vengono compromessi perché, per le foraggere, i valori di produzione totale e raccolta coincidono.',C1200,C1200,,,,,,,,,,
A,Annuale,ITD3,Veneto,HP_Q_EXT,Produzione raccolta - quintali,ITRSOYEAN,Miscele di segale e cereali invernali,2026,2187,,,,,TIPO_DATO5__HP_Q_EXT_N1,'Per tutte le coltivazioni foraggere temporanee e permanenti, a partire dal 2020 i valori di produzione sono espressi in quintali;<br />Dal 2020 sono diffusi i valori di produzione raccolta in quanto necessari per il calcolo della resa. <br />La serie storica e di conseguenza l"'attendibilità dei dati diffusi negli anni precedenti non vengono compromessi perché, per le foraggere, i valori di produzione totale e raccolta coincidono.',C1200,C1200,,,,,,,,,,
A,Annuale,ITD3,Veneto,HP_Q_EXT,Produzione raccolta - quintali,RYE,Segale,2025,2107,,,,,TIPO_DATO5__HP_Q_EXT_N1,'Per tutte le coltivazioni foraggere temporanee e permanenti, a partire dal 2020 i valori di produzione sono espressi in quintali;<br />Dal 2020 sono diffusi i valori di produzione raccolta in quanto necessari per il calcolo della resa. <br />La serie storica e di conseguenza l"'attendibilità dei dati diffusi negli anni precedenti non vengono compromessi perché, per le foraggere, i valori di produzione totale e raccolta coincidono.',C1210,C1210,,,,,,,,,,
A,Annuale,ITD3,Veneto,HP_Q_EXT,Produzione raccolta - quintali,RYE,Segale,2026,2187,,,,,TIPO_DATO5__HP_Q_EXT_N1,'Per tutte le coltivazioni foraggere temporanee e permanenti, a partire dal 2020 i valori di produzione sono espressi in quintali;<br />Dal 2020 sono diffusi i valori di produzione raccolta in quanto necessari per il calcolo della resa. <br />La serie storica e di conseguenza l"'attendibilità dei dati diffusi negli anni precedenti non vengono compromessi perché, per le foraggere, i valori di produzione totale e raccolta coincidono.',C1210,C1210,,,,,,,,,,
A,Annuale,ITD3,Veneto,HP_Q_EXT,Produzione raccolta - quintali,BARLEY,Orzo,2025,570361,,,,,TIPO_DATO5__HP_Q_EXT_N1,'Per tutte le coltivazioni foraggere temporanee e permanenti, a partire dal 2020 i valori di produzione sono espressi in quintali;<br />Dal 2020 sono diffusi i valori di produzione raccolta in quanto necessari per il calcolo della resa. <br />La serie storica e di conseguenza l"'attendibilità dei dati diffusi negli anni precedenti non vengono compromessi perché, per le foraggere, i valori di produzione totale e raccolta coincidono.',C1300,C1300,,,,,,,,,,
A,Annuale,ITD3,Veneto,HP_Q_EXT,Produzione raccolta - quintali,BARLEY,Orzo,2026,679789,,,,,TIPO_DATO5__HP_Q_EXT_N1,'Per tutte le coltivazioni foraggere temporanee e permanenti, a partire dal 2020 i valori di produzione sono espressi in quintali;<br />Dal 2020 sono diffusi i valori di produzione raccolta in quanto necessari per il calcolo della resa. <br />La serie storica e di conseguenza l"'attendibilità dei dati diffusi negli anni precedenti non vengono compromessi perché, per le foraggere, i valori di produzione totale e raccolta coincidono.',C1300,C1300,,,,,,,,,,
A,Annuale,ITD3,Veneto,HP_Q_EXT,Produzione raccolta - quintali,WNEALY,Orzo invernale,2025,570361,,,,,TIPO_DATO5__HP_Q_EXT_N1,'Per tutte le coltivazioni foraggere temporanee e permanenti, a partire dal 2020 i valori di produzione sono espressi in quintali;<br />Dal 2020 sono diffusi i valori di produzione raccolta in quanto necessari per il calcolo della resa. <br />La serie storica e di conseguenza l"'attendibilità dei dati diffusi negli anni precedenti non vengono compromessi perché, per le foraggere, i valori di produzione totale e raccolta coincidono.',C1310,C1310,,,,,,,,,,
A,Annuale,ITD3,Veneto,HP_Q_EXT,Produzione raccolta - quintali,WNEALY,Orzo invernale,2026,679789,,,,,TIPO_DATO5__HP_Q_EXT_N1,'Per tutte le coltivazioni foraggere temporanee e permanenti, a partire dal 2020 i valori di produzione sono espressi in quintali;<br />Dal 2020 sono diffusi i valori di produzione raccolta in quanto necessari per il calcolo della resa. <br />La serie storica e di conseguenza l"'attendibilità dei dati diffusi negli anni precedenti non vengono compromessi perché, per le foraggere, i valori di produzione totale e raccolta coincidono.',C1310,C1310,,,,,,,,,,
A,Annuale,ITD3,Veneto,HP_Q_EXT,Produzione raccolta - quintali,MXSOASANDS,Miscele di avena e cereali primaverili (grano misto diverso dal maslin),2025,12161,,,,,TIPO_DATO5__HP_Q_EXT_N1,'Per tutte le coltivazioni foraggere temporanee e permanenti, a partire dal 2020 i valori di produzione sono espressi in quintali;<br />Dal 2020 sono diffusi i valori di produzione raccolta in quanto necessari per il calcolo della resa. <br />La serie storica e di conseguenza l"'attendibilità dei dati diffusi negli anni precedenti non vengono compromessi perché, per le foraggere, i valori di produzione totale e raccolta coincidono.',C1400,C1400,,,,,,,,,,
A,Annuale,ITD3,Veneto,HP_Q_EXT,Produzione raccolta - quintali,MXSOASANDS,Miscele di avena e cereali primaverili (grano misto diverso dal maslin),2026,12768,,,,,TIPO_DATO5__HP_Q_EXT_N1,'Per tutte le coltivazioni foraggere temporanee e permanenti, a partire dal 2020 i valori di produzione sono espressi in quintali;<br />Dal 2020 sono diffusi i valori di produzione raccolta in quanto necessari per il calcolo della resa. <br />La serie storica e di conseguenza l"'attendibilità dei dati diffusi negli anni precedenti non vengono compromessi perché, per le foraggere, i valori di produzione totale e raccolta coincidono.',C1400,C1400,,,,,,,,,,
A,Annuale,ITD3,Veneto,HP_Q_EXT,Produzione raccolta - quintali,OATS,Avena,2025,12161,,,,,TIPO_DATO5__HP_Q_EXT_N1,'Per tutte le coltivazioni foraggere temporanee e permanenti, a partire dal 2020 i valori di produzione sono espressi in quintali;<br />Dal 2020 sono diffusi i valori di produzione raccolta in quanto necessari per il calcolo della resa. <br />La serie storica e di conseguenza l"'attendibilità dei dati diffusi negli anni precedenti non vengono compromessi perché, per le foraggere, i valori di produzione totale e raccolta coincidono.',C1410,C1410,,,,,,,,,,
A,Annuale,ITD3,Veneto,HP_Q_EXT,Produzione raccolta - quintali,OATS,Avena,2026,12768,,,,,TIPO_DATO5__HP_Q_EXT_N1,'Per tutte le coltivazioni foraggere temporanee e permanenti, a partire dal 2020 i valori di produzione sono espressi in quintali;<br />Dal 2020 sono diffusi i valori di produzione raccolta in quanto necessari per il calcolo della resa. <br />La serie storica e di conseguenza l"'attendibilità dei dati diffusi negli anni precedenti non vengono compromessi perché, per le foraggere, i valori di produzione totale e raccolta coincidono.',C1410,C1410,,,,,,,,,,
A,Annuale,ITD3,Veneto,HP_Q_EXT,Produzione raccolta - quintali,MAIZE,Mais,2025,13745036,,,,,TIPO_DATO5__HP_Q_EXT_N1,'Per tutte le coltivazioni foraggere temporanee e permanenti, a partire dal 2020 i valori di produzione sono espressi in quintali;<br />Dal 2020 sono diffusi i valori di produzione raccolta in quanto necessari per il calcolo della resa. <br />La serie storica e di conseguenza l"'attendibilità dei dati diffusi negli anni precedenti non vengono compromessi perché, per le foraggere, i valori di produzione totale e raccolta coincidono.',C1500,C1500,,,,,,,,,,
A,Annuale,ITD3,Veneto,HP_Q_EXT,Produzione raccolta - quintali,MAIZE,Mais,2026,13340947,,,,,TIPO_DATO5__HP_Q_EXT_N1,'Per tutte le coltivazioni foraggere temporanee e permanenti, a partire dal 2020 i valori di produzione sono espressi in quintali;<br />Dal 2020 sono diffusi i valori di produzione raccolta in quanto necessari per il calcolo della resa. <br />La serie storica e di conseguenza l"'attendibilità dei dati diffusi negli anni precedenti non vengono compromessi perché, per le foraggere, i valori di produzione totale e raccolta coincidono.',C1500,C1500,,,,,,,,,,
A,Annuale,ITD3,Veneto,HP_Q_EXT,Produzione raccolta - quintali,RICE,Riso,2025,218286,,,,,TIPO_DATO5__HP_Q_EXT_N1,'Per tutte le coltivazioni foraggere temporanee e permanenti, a partire dal 2020 i valori di produzione sono espressi in quintali;<br />Dal 2020 sono diffusi i valori di produzione raccolta in quanto necessari per il calcolo della resa. <br />La serie storica e di conseguenza l"'attendibilità dei dati diffusi negli anni precedenti non vengono compromessi perché, per le foraggere, i valori di produzione totale e raccolta coincidono.',C2000,C2000,,,,,,,,,,
A,Annuale,ITD3,Veneto,HP_Q_EXT,Produzione raccolta - quintali,SORGH,Sorgo,2025,231441,,,,,TIPO_DATO5__HP_Q_EXT_N1,'Per tutte le coltivazioni foraggere temporanee e permanenti, a partire dal 2020 i valori di produzione sono espressi in quintali;<br />Dal 2020 sono diffusi i valori di produzione raccolta in quanto necessari per il calcolo della resa. <br />La serie storica e di conseguenza l"'attendibilità dei dati diffusi negli anni precedenti non vengono compromessi perché, per le foraggere, i valori di produzione totale e raccolta coincidono.',C1700,C1700,,,,,,,,,,
A,Annuale,ITD3,Veneto,HP_Q_EXT,Produzione raccolta - quintali,SORGH,Sorgo,2026,250872,,,,,TIPO_DATO5__HP_Q_EXT_N1,'Per tutte le coltivazioni foraggere temporanee e permanenti, a partire dal 2020 i valori di produzione sono espressi in quintali;<br />Dal 2020 sono diffusi i valori di produzione raccolta in quanto necessari per il calcolo della resa. <br />La serie storica e di conseguenza l"'attendibilità dei dati diffusi negli anni precedenti non vengono compromessi perché, per le foraggere, i valori di produzione totale e raccolta coincidono.',C1700,C1700,,,,,,,,,,
A,Annuale,ITD3,Veneto,HP_Q_EXT,Produzione raccolta - quintali,TITICALE,Triticale,2025,94359,,,,,TIPO_DATO5__HP_Q_EXT_N1,'Per tutte le coltivazioni foraggere temporanee e permanenti, a partire dal 2020 i valori di produzione sono espressi in quintali;<br />Dal 2020 sono diffusi i valori di produzione raccolta in quanto necessari per il calcolo della resa. <br />La serie storica e di conseguenza l"'attendibilità dei dati diffusi negli anni precedenti non vengono compromessi perché, per le foraggere, i valori di produzione totale e raccolta coincidono.',C1600,C1600,,,,,,,,,,
A,Annuale,ITD3,Veneto,HP_Q_EXT,Produzione raccolta - quintali,TITICALE,Triticale,2026,91032,,,,,TIPO_DATO5__HP_Q_EXT_N1,'Per tutte le coltivazioni foraggere temporanee e permanenti, a partire dal 2020 i valori di produzione sono espressi in quintali;<br />Dal 2020 sono diffusi i valori di produzione raccolta in quanto necessari per il calcolo della resa. <br />La serie storica e di conseguenza l"'attendibilità dei dati diffusi negli anni precedenti non vengono compromessi perché, per le foraggere, i valori di produzione totale e raccolta coincidono.',C1600,C1600,,,,,,,,,,
A,Annuale,ITD3,Veneto,HP_Q_EXT,Produzione raccolta - quintali,PSEUDOCEREA,Pseudocereali,2025,163,,,,,TIPO_DATO5__HP_Q_EXT_N1,'Per tutte le coltivazioni foraggere temporanee e permanenti, a partire dal 2020 i valori di produzione sono espressi in quintali;<br />Dal 2020 sono diffusi i valori di produzione raccolta in quanto necessari per il calcolo della resa. <br />La serie storica e di conseguenza l"'attendibilità dei dati diffusi negli anni precedenti non vengono compromessi perché, per le foraggere, i valori di produzione totale e raccolta coincidono.',,,,,,,,,,,,
A,Annuale,ITD3,Veneto,HP_Q_EXT,Produzione raccolta - quintali,BUCKWHEAT,Grano saraceno,2025,163,,,,,TIPO_DATO5__HP_Q_EXT_N1,'Per tutte le coltivazioni foraggere temporanee e permanenti, a partire dal 2020 i valori di produzione sono espressi in quintali;<br />Dal 2020 sono diffusi i valori di produzione raccolta in quanto necessari per il calcolo della resa. <br />La serie storica e di conseguenza l"'attendibilità dei dati diffusi negli anni precedenti non vengono compromessi perché, per le foraggere, i valori di produzione totale e raccolta coincidono.',,,,,,,,,,,,
A,Annuale,ITD3,Veneto,HP_Q_EXT,Produzione raccolta - quintali,PEAPROT,Pisello proteico,2025,6655,,,,,TIPO_DATO5__HP_Q_EXT_N1,'Per tutte le coltivazioni foraggere temporanee e permanenti, a partire dal 2020 i valori di produzione sono espressi in quintali;<br />Dal 2020 sono diffusi i valori di produzione raccolta in quanto necessari per il calcolo della resa. <br />La serie storica e di conseguenza l"'attendibilità dei dati diffusi negli anni precedenti non vengono compromessi perché, per le foraggere, i valori di produzione totale e raccolta coincidono.',P1100_I,P1100_I,,,,,,,,,,
A,Annuale,ITD3,Veneto,HP_Q_EXT,Produzione raccolta - quintali,PEAPROT,Pisello proteico,2026,6641,,,,,TIPO_DATO5__HP_Q_EXT_N1,'Per tutte le coltivazioni foraggere temporanee e permanenti, a partire dal 2020 i valori di produzione sono espressi in quintali;<br />Dal 2020 sono diffusi i valori di produzione raccolta in quanto necessari per il calcolo della resa. <br />La serie storica e di conseguenza l"'attendibilità dei dati diffusi negli anni precedenti non vengono compromessi perché, per le foraggere, i valori di produzione totale e raccolta coincidono.',P1100_I,P1100_I,,,,,,,,,,
A,Annuale,ITD3,Veneto,HP_Q_EXT,Produzione raccolta - quintali,CEREAOG_NO_FORAGENR,'Altri cereali n.c.a. (miglio, scagliola, ecc.)',2025,2842,,,,,TIPO_DATO5__HP_Q_EXT_N1,'Per tutte le coltivazioni foraggere temporanee e permanenti, a partire dal 2020 i valori di produzione sono espressi in quintali;<br />Dal 2020 sono diffusi i valori di produzione raccolta in quanto necessari per il calcolo della resa. <br />La serie storica e di conseguenza l"'attendibilità dei dati diffusi negli anni precedenti non vengono compromessi perché, per le foraggere, i valori di produzione totale e raccolta coincidono.',,,,,,,,,,,,
A,Annuale,ITD3,Veneto,HP_Q_EXT,Produzione raccolta - quintali,CEREAOG_NO_FORAGENR,'Altri cereali n.c.a. (miglio, scagliola, ecc.)',2026,2837,,,,,TIPO_DATO5__HP_Q_EXT_N1,'Per tutte le coltivazioni foraggere temporanee e permanenti, a partire dal 2020 i valori di produzione sono espressi in quintali;<br />Dal 2020 sono diffusi i valori di produzione raccolta in quanto necessari per il calcolo della resa. <br />La serie storica e di conseguenza l"'attendibilità dei dati diffusi negli anni precedenti non vengono compromessi perché, per le foraggere, i valori di produzione totale e raccolta coincidono.',,,,,,,,,,,,
A,Annuale,ITD3,Veneto,HP_Q_EXT,Produzione raccolta - quintali,PEAS,Pisello da granella,2025,16142,,,,,TIPO_DATO5__HP_Q_EXT_N1,'Per tutte le coltivazioni foraggere temporanee e permanenti, a partire dal 2020 i valori di produzione sono espressi in quintali;<br />Dal 2020 sono diffusi i valori di produzione raccolta in quanto necessari per il calcolo della resa. <br />La serie storica e di conseguenza l"'attendibilità dei dati diffusi negli anni precedenti non vengono compromessi perché, per le foraggere, i valori di produzione totale e raccolta coincidono.',P1100_II,P1100_II,,,,,,,,,,
A,Annuale,ITD3,Veneto,HP_Q_EXT,Produzione raccolta - quintali,PEAS,Pisello da granella,2026,19338,,,,,TIPO_DATO5__HP_Q_EXT_N1,'Per tutte le coltivazioni foraggere temporanee e permanenti, a partire dal 2020 i valori di produzione sono espressi in quintali;<br />Dal 2020 sono diffusi i valori di produzione raccolta in quanto necessari per il calcolo della resa. <br />La serie storica e di conseguenza l"'attendibilità dei dati diffusi negli anni precedenti non vengono compromessi perché, per le foraggere, i valori di produzione totale e raccolta coincidono.',P1100_II,P1100_II,,,,,,,,,,
A,Annuale,ITD3,Veneto,HP_Q_EXT,Produzione raccolta - quintali,BEANK,Fagiolo secco,2025,22742,,,,,TIPO_DATO5__HP_Q_EXT_N1,'Per tutte le coltivazioni foraggere temporanee e permanenti, a partire dal 2020 i valori di produzione sono espressi in quintali;<br />Dal 2020 sono diffusi i valori di produzione raccolta in quanto necessari per il calcolo della resa. <br />La serie storica e di conseguenza l"'attendibilità dei dati diffusi negli anni precedenti non vengono compromessi perché, per le foraggere, i valori di produzione totale e raccolta coincidono.',P1200_II,P1200_II,,,,,,,,,,
A,Annuale,ITD3,Veneto,HP_Q_EXT,Produzione raccolta - quintali,BEANK,Fagiolo secco,2026,22316,,,,,TIPO_DATO5__HP_Q_EXT_N1,'Per tutte le coltivazioni foraggere temporanee e permanenti, a partire dal 2020 i valori di produzione sono espressi in quintali;<br />Dal 2020 sono diffusi i valori di produzione raccolta in quanto necessari per il calcolo della resa. <br />La serie storica e di conseguenza l"'attendibilità dei dati diffusi negli anni precedenti non vengono compromessi perché, per le foraggere, i valori di produzione totale e raccolta coincidono.',P1200_II,P1200_II,,,,,,,,,,
A,Annuale,ITD3,Veneto,HP_Q_EXT,Produzione raccolta - quintali,BROAFIELD,Fava da granella,2025,596,,,,,TIPO_DATO5__HP_Q_EXT_N1,'Per tutte le coltivazioni foraggere temporanee e permanenti, a partire dal 2020 i valori di produzione sono espressi in quintali;<br />Dal 2020 sono diffusi i valori di produzione raccolta in quanto necessari per il calcolo della resa. <br />La serie storica e di conseguenza l"'attendibilità dei dati diffusi negli anni precedenti non vengono compromessi perché, per le foraggere, i valori di produzione totale e raccolta coincidono.',P1200_I,P1200_I,,,,,,,,,,
A,Annuale,ITD3,Veneto,HP_Q_EXT,Produzione raccolta - quintali,BROAFIELD,Fava da granella,2026,640,,,,,TIPO_DATO5__HP_Q_EXT_N1,'Per tutte le coltivazioni foraggere temporanee e permanenti, a partire dal 2020 i valori di produzione sono espressi in quintali;<br />Dal 2020 sono diffusi i valori di produzione raccolta in quanto necessari per il calcolo della resa. <br />La serie storica e di conseguenza l"'attendibilità dei dati diffusi negli anni precedenti non vengono compromessi perché, per le foraggere, i valori di produzione totale e raccolta coincidono.',P1200_I,P1200_I,,,,,,,,,,
A,Annuale,ITD3,Veneto,HP_Q_EXT,Produzione raccolta - quintali,LENTIL,Lenticchia,2025,119,,,,,TIPO_DATO5__HP_Q_EXT_N1,'Per tutte le coltivazioni foraggere temporanee e permanenti, a partire dal 2020 i valori di produzione sono espressi in quintali;<br />Dal 2020 sono diffusi i valori di produzione raccolta in quanto necessari per il calcolo della resa. <br />La serie storica e di conseguenza l"'attendibilità dei dati diffusi negli anni precedenti non vengono compromessi perché, per le foraggere, i valori di produzione totale e raccolta coincidono.',P9100,P9100,,,,,,,,,,
A,Annuale,ITD3,Veneto,HP_Q_EXT,Produzione raccolta - quintali,LENTIL,Lenticchia,2026,17,,,,,TIPO_DATO5__HP_Q_EXT_N1,'Per tutte le coltivazioni foraggere temporanee e permanenti, a partire dal 2020 i valori di produzione sono espressi in quintali;<br />Dal 2020 sono diffusi i valori di produzione raccolta in quanto necessari per il calcolo della resa. <br />La serie storica e di conseguenza l"'attendibilità dei dati diffusi negli anni precedenti non vengono compromessi perché, per le foraggere, i valori di produzione totale e raccolta coincidono.',P9100,P9100,,,,,,,,,,
A,Annuale,ITD3,Veneto,HP_Q_EXT,Produzione raccolta - quintali,CHICS,Cece,2025,296,,,,,TIPO_DATO5__HP_Q_EXT_N1,'Per tutte le coltivazioni foraggere temporanee e permanenti, a partire dal 2020 i valori di produzione sono espressi in quintali;<br />Dal 2020 sono diffusi i valori di produzione raccolta in quanto necessari per il calcolo della resa. <br />La serie storica e di conseguenza l"'attendibilità dei dati diffusi negli anni precedenti non vengono compromessi perché, per le foraggere, i valori di produzione totale e raccolta coincidono.',P9200,P9200,,,,,,,,,,
A,Annuale,ITD3,Veneto,HP_Q_EXT,Produzione raccolta - quintali,CHICS,Cece,2026,330,,,,,TIPO_DATO5__HP_Q_EXT_N1,'Per tutte le coltivazioni foraggere temporanee e permanenti, a partire dal 2020 i valori di produzione sono espressi in quintali;<br />Dal 2020 sono diffusi i valori di produzione raccolta in quanto necessari per il calcolo della resa. <br />La serie storica e di conseguenza l"'attendibilità dei dati diffusi negli anni precedenti non vengono compromessi perché, per le foraggere, i valori di produzione totale e raccolta coincidono.',P9200,P9200,,,,,,,,,,
A,Annuale,ITD3,Veneto,HP_Q_EXT,Produzione raccolta - quintali,POTA,Patata comune,2025,1717473,,,,,TIPO_DATO5__HP_Q_EXT_N1,'Per tutte le coltivazioni foraggere temporanee e permanenti, a partire dal 2020 i valori di produzione sono espressi in quintali;<br />Dal 2020 sono diffusi i valori di produzione raccolta in quanto necessari per il calcolo della resa. <br />La serie storica e di conseguenza l"'attendibilità dei dati diffusi negli anni precedenti non vengono compromessi perché, per le foraggere, i valori di produzione totale e raccolta coincidono.',R1000_II,R1000_II,,,,,,,,,,
A,Annuale,ITD3,Veneto,HP_Q_EXT,Produzione raccolta - quintali,POTA,Patata comune,2026,1676067,,,,,TIPO_DATO5__HP_Q_EXT_N1,'Per tutte le coltivazioni foraggere temporanee e permanenti, a partire dal 2020 i valori di produzione sono espressi in quintali;<br />Dal 2020 sono diffusi i valori di produzione raccolta in quanto necessari per il calcolo della resa. <br />La serie storica e di conseguenza l"'attendibilità dei dati diffusi negli anni precedenti non vengono compromessi perché, per le foraggere, i valori di produzione totale e raccolta coincidono.',R1000_II,R1000_II,,,,,,,,,,
A,Annuale,ITD3,Veneto,HP_Q_EXT,Produzione raccolta - quintali,BEETS,Barbabietola da zucchero,2025,2629434,,,,,TIPO_DATO5__HP_Q_EXT_N1,'Per tutte le coltivazioni foraggere temporanee e permanenti, a partire dal 2020 i valori di produzione sono espressi in quintali;<br />Dal 2020 sono diffusi i valori di produzione raccolta in quanto necessari per il calcolo della resa. <br />La serie storica e di conseguenza l"'attendibilità dei dati diffusi negli anni precedenti non vengono compromessi perché, per le foraggere, i valori di produzione totale e raccolta coincidono.',R2000,R2000,,,,,,,,,,
A,Annuale,ITD3,Veneto,HP_Q_EXT,Produzione raccolta - quintali,SWEEATOES,Batata o patata dolce,2025,27067,,,,,TIPO_DATO5__HP_Q_EXT_N1,'Per tutte le coltivazioni foraggere temporanee e permanenti, a partire dal 2020 i valori di produzione sono espressi in quintali;<br />Dal 2020 sono diffusi i valori di produzione raccolta in quanto necessari per il calcolo della resa. <br />La serie storica e di conseguenza l"'attendibilità dei dati diffusi negli anni precedenti non vengono compromessi perché, per le foraggere, i valori di produzione totale e raccolta coincidono.',R9000_I,R9000_I,,,,,,,,,,
A,Annuale,ITD3,Veneto,HP_Q_EXT,Produzione raccolta - quintali,TOBAC,Tabacco,2025,122061,,,,,TIPO_DATO5__HP_Q_EXT_N1,'Per tutte le coltivazioni foraggere temporanee e permanenti, a partire dal 2020 i valori di produzione sono espressi in quintali;<br />Dal 2020 sono diffusi i valori di produzione raccolta in quanto necessari per il calcolo della resa. <br />La serie storica e di conseguenza l"'attendibilità dei dati diffusi negli anni precedenti non vengono compromessi perché, per le foraggere, i valori di produzione totale e raccolta coincidono.',I3000,I3000,,,,,,,,,,
A,Annuale,ITD3,Veneto,HP_Q_EXT,Produzione raccolta - quintali,HOPS,Luppolo,2025,283,,,,,TIPO_DATO5__HP_Q_EXT_N1,'Per tutte le coltivazioni foraggere temporanee e permanenti, a partire dal 2020 i valori di produzione sono espressi in quintali;<br />Dal 2020 sono diffusi i valori di produzione raccolta in quanto necessari per il calcolo della resa. <br />La serie storica e di conseguenza l"'attendibilità dei dati diffusi negli anni precedenti non vengono compromessi perché, per le foraggere, i valori di produzione totale e raccolta coincidono.',I4000,I4000,,,,,,,,,,
A,Annuale,ITD3,Veneto,HP_Q_EXT,Produzione raccolta - quintali,FLAX,Lino,2025,738,,,,,TIPO_DATO5__HP_Q_EXT_N1,'Per tutte le coltivazioni foraggere temporanee e permanenti, a partire dal 2020 i valori di produzione sono espressi in quintali;<br />Dal 2020 sono diffusi i valori di produzione raccolta in quanto necessari per il calcolo della resa. <br />La serie storica e di conseguenza l"'attendibilità dei dati diffusi negli anni precedenti non vengono compromessi perché, per le foraggere, i valori di produzione totale e raccolta coincidono.',I2100,I2100,,,,,,,,,,
A,Annuale,ITD3,Veneto,HP_Q_EXT,Produzione raccolta - quintali,HEMP,Canapa,2025,21821,,,,,TIPO_DATO5__HP_Q_EXT_N1,'Per tutte le coltivazioni foraggere temporanee e permanenti, a partire dal 2020 i valori di produzione sono espressi in quintali;<br />Dal 2020 sono diffusi i valori di produzione raccolta in quanto necessari per il calcolo della resa. <br />La serie storica e di conseguenza l"'attendibilità dei dati diffusi negli anni precedenti non vengono compromessi perché, per le foraggere, i valori di produzione totale e raccolta coincidono.',I2200,I2200,,,,,,,,,,
A,Annuale,ITD3,Veneto,HP_Q_EXT,Produzione raccolta - quintali,GROU,Arachide,2025,168,,,,,TIPO_DATO5__HP_Q_EXT_N1,'Per tutte le coltivazioni foraggere temporanee e permanenti, a partire dal 2020 i valori di produzione sono espressi in quintali;<br />Dal 2020 sono diffusi i valori di produzione raccolta in quanto necessari per il calcolo della resa. <br />La serie storica e di conseguenza l"'attendibilità dei dati diffusi negli anni precedenti non vengono compromessi perché, per le foraggere, i valori di produzione totale e raccolta coincidono.',I1910,I1910,,,,,,,,,,
A,Annuale,ITD3,Veneto,HP_Q_EXT,Produzione raccolta - quintali,RAPE,Colza,2025,57525,,,,,TIPO_DATO5__HP_Q_EXT_N1,'Per tutte le coltivazioni foraggere temporanee e permanenti, a partire dal 2020 i valori di produzione sono espressi in quintali;<br />Dal 2020 sono diffusi i valori di produzione raccolta in quanto necessari per il calcolo della resa. <br />La serie storica e di conseguenza l"'attendibilità dei dati diffusi negli anni precedenti non vengono compromessi perché, per le foraggere, i valori di produzione totale e raccolta coincidono.',I1111,I1111,,,,,,,,,,
A,Annuale,ITD3,Veneto,HP_Q_EXT,Produzione raccolta - quintali,RAPE,Colza,2026,73366,,,,,TIPO_DATO5__HP_Q_EXT_N1,'Per tutte le coltivazioni foraggere temporanee e permanenti, a partire dal 2020 i valori di produzione sono espressi in quintali;<br />Dal 2020 sono diffusi i valori di produzione raccolta in quanto necessari per il calcolo della resa. <br />La serie storica e di conseguenza l"'attendibilità dei dati diffusi negli anni precedenti non vengono compromessi perché, per le foraggere, i valori di produzione totale e raccolta coincidono.',I1111,I1111,,,,,,,,,,
A,Annuale,ITD3,Veneto,HP_Q_EXT,Produzione raccolta - quintali,SUNFLO,Girasole,2025,146380,,,,,TIPO_DATO5__HP_Q_EXT_N1,'Per tutte le coltivazioni foraggere temporanee e permanenti, a partire dal 2020 i valori di produzione sono espressi in quintali;<br />Dal 2020 sono diffusi i valori di produzione raccolta in quanto necessari per il calcolo della resa. <br />La serie storica e di conseguenza l"'attendibilità dei dati diffusi negli anni precedenti non vengono compromessi perché, per le foraggere, i valori di produzione totale e raccolta coincidono.',I1120,I1120,,,,,,,,,,
A,Annuale,ITD3,Veneto,HP_Q_EXT,Produzione raccolta - quintali,SUNFLO,Girasole,2026,147363,,,,,TIPO_DATO5__HP_Q_EXT_N1,'Per tutte le coltivazioni foraggere temporanee e permanenti, a partire dal 2020 i valori di produzione sono espressi in quintali;<br />Dal 2020 sono diffusi i valori di produzione raccolta in quanto necessari per il calcolo della resa. <br />La serie storica e di conseguenza l"'attendibilità dei dati diffusi negli anni precedenti non vengono compromessi perché, per le foraggere, i valori di produzione totale e raccolta coincidono.',I1120,I1120,,,,,,,,,,
A,Annuale,ITD3,Veneto,HP_Q_EXT,Produzione raccolta - quintali,OTHOLNOSES,Altre colture di semi oleosi diversi dal sesamo,2025,12944,,,,,TIPO_DATO5__HP_Q_EXT_N1,'Per tutte le coltivazioni foraggere temporanee e permanenti, a partire dal 2020 i valori di produzione sono espressi in quintali;<br />Dal 2020 sono diffusi i valori di produzione raccolta in quanto necessari per il calcolo della resa. <br />La serie storica e di conseguenza l"'attendibilità dei dati diffusi negli anni precedenti non vengono compromessi perché, per le foraggere, i valori di produzione totale e raccolta coincidono.',I1190_II,I1190_II,,,,,,,,,,
A,Annuale,ITD3,Veneto,HP_Q_EXT,Produzione raccolta - quintali,SOYA,Soia,2025,5515795,,,,,TIPO_DATO5__HP_Q_EXT_N1,'Per tutte le coltivazioni foraggere temporanee e permanenti, a partire dal 2020 i valori di produzione sono espressi in quintali;<br />Dal 2020 sono diffusi i valori di produzione raccolta in quanto necessari per il calcolo della resa. <br />La serie storica e di conseguenza l"'attendibilità dei dati diffusi negli anni precedenti non vengono compromessi perché, per le foraggere, i valori di produzione totale e raccolta coincidono.',I1130,I1130,,,,,,,,,,
A,Annuale,ITD3,Veneto,HP_Q_EXT,Produzione raccolta - quintali,SOYA,Soia,2026,4730179,,,,,TIPO_DATO5__HP_Q_EXT_N1,'Per tutte le coltivazioni foraggere temporanee e permanenti, a partire dal 2020 i valori di produzione sono espressi in quintali;<br />Dal 2020 sono diffusi i valori di produzione raccolta in quanto necessari per il calcolo della resa. <br />La serie storica e di conseguenza l"'attendibilità dei dati diffusi negli anni precedenti non vengono compromessi perché, per le foraggere, i valori di produzione totale e raccolta coincidono.',I1130,I1130,,,,,,,,,,
A,Annuale,ITD3,Veneto,HP_Q_EXT,Produzione raccolta - quintali,PARSNGROPEN,Prezzemolo in piena aria,2025,1000,,,,,TIPO_DATO5__HP_Q_EXT_N1,'Per tutte le coltivazioni foraggere temporanee e permanenti, a partire dal 2020 i valori di produzione sono espressi in quintali;<br />Dal 2020 sono diffusi i valori di produzione raccolta in quanto necessari per il calcolo della resa. <br />La serie storica e di conseguenza l"'attendibilità dei dati diffusi negli anni precedenti non vengono compromessi perché, per le foraggere, i valori di produzione totale e raccolta coincidono.',I5000_II,I5000_II,,,,,,,,,,
A,Annuale,ITD3,Veneto,HP_Q_EXT,Produzione raccolta - quintali,SWEEILING,Basilico,2025,14959,,,,,TIPO_DATO5__HP_Q_EXT_N1,'Per tutte le coltivazioni foraggere temporanee e permanenti, a partire dal 2020 i valori di produzione sono espressi in quintali;<br />Dal 2020 sono diffusi i valori di produzione raccolta in quanto necessari per il calcolo della resa. <br />La serie storica e di conseguenza l"'attendibilità dei dati diffusi negli anni precedenti non vengono compromessi perché, per le foraggere, i valori di produzione totale e raccolta coincidono.',I5000_III,I5000_III,,,,,,,,,,
A,Annuale,ITD3,Veneto,HP_Q_EXT,Produzione raccolta - quintali,PARSNGREEN,Prezzemolo in serra,2025,4201,,,,,TIPO_DATO5__HP_Q_EXT_N1,'Per tutte le coltivazioni foraggere temporanee e permanenti, a partire dal 2020 i valori di produzione sono espressi in quintali;<br />Dal 2020 sono diffusi i valori di produzione raccolta in quanto necessari per il calcolo della resa. <br />La serie storica e di conseguenza l"'attendibilità dei dati diffusi negli anni precedenti non vengono compromessi perché, per le foraggere, i valori di produzione totale e raccolta coincidono.',I5000_I,I5000_I,,,,,,,,,,
A,Annuale,ITD3,Veneto,HP_Q_EXT,Produzione raccolta - quintali,OTHAPOHPS,'Altre piante aromatiche, medicinali e culinarie',2025,15391,,,,,TIPO_DATO5__HP_Q_EXT_N1,'Per tutte le coltivazioni foraggere temporanee e permanenti, a partire dal 2020 i valori di produzione sono espressi in quintali;<br />Dal 2020 sono diffusi i valori di produzione raccolta in quanto necessari per il calcolo della resa. <br />La serie storica e di conseguenza l"'attendibilità dei dati diffusi negli anni precedenti non vengono compromessi perché, per le foraggere, i valori di produzione totale e raccolta coincidono.',I5000_V,I5000_V,,,,,,,,,,
A,Annuale,ITD3,Veneto,HP_Q_EXT,Produzione raccolta - quintali,CERFORRLEY,Orzo a maturazione cerosa,2025,228000,,,,,TIPO_DATO5__HP_Q_EXT_N1,'Per tutte le coltivazioni foraggere temporanee e permanenti, a partire dal 2020 i valori di produzione sono espressi in quintali;<br />Dal 2020 sono diffusi i valori di produzione raccolta in quanto necessari per il calcolo della resa. <br />La serie storica e di conseguenza l"'attendibilità dei dati diffusi negli anni precedenti non vengono compromessi perché, per le foraggere, i valori di produzione totale e raccolta coincidono.',G1100_I,G1100_I,,,,,,,,,,
A,Annuale,ITD3,Veneto,HP_Q_EXT,Produzione raccolta - quintali,CEROIS,Mais ceroso,2025,27974705,,,,,TIPO_DATO5__HP_Q_EXT_N1,'Per tutte le coltivazioni foraggere temporanee e permanenti, a partire dal 2020 i valori di produzione sono espressi in quintali;<br />Dal 2020 sono diffusi i valori di produzione raccolta in quanto necessari per il calcolo della resa. <br />La serie storica e di conseguenza l"'attendibilità dei dati diffusi negli anni precedenti non vengono compromessi perché, per le foraggere, i valori di produzione totale e raccolta coincidono.',G3000,G3000,,,,,,,,,,
A,Annuale,ITD3,Veneto,HP_Q_EXT,Produzione raccolta - quintali,COMMEGRASS,Loietto,2025,245921,,,,,TIPO_DATO5__HP_Q_EXT_N1,'Per tutte le coltivazioni foraggere temporanee e permanenti, a partire dal 2020 i valori di produzione sono espressi in quintali;<br />Dal 2020 sono diffusi i valori di produzione raccolta in quanto necessari per il calcolo della resa. <br />La serie storica e di conseguenza l"'attendibilità dei dati diffusi negli anni precedenti non vengono compromessi perché, per le foraggere, i valori di produzione totale e raccolta coincidono.',G1100_II,G1100_II,,,,,,,,,,
A,Annuale,ITD3,Veneto,HP_Q_EXT,Produzione raccolta - quintali,OTHEEHERBA,Altri erbai monofiti,2025,1001059,,,,,TIPO_DATO5__HP_Q_EXT_N1,'Per tutte le coltivazioni foraggere temporanee e permanenti, a partire dal 2020 i valori di produzione sono espressi in quintali;<br />Dal 2020 sono diffusi i valori di produzione raccolta in quanto necessari per il calcolo della resa. <br />La serie storica e di conseguenza l"'attendibilità dei dati diffusi negli anni precedenti non vengono compromessi perché, per le foraggere, i valori di produzione totale e raccolta coincidono.',G1100_III,G1100_III,,,,,,,,,,
A,Annuale,ITD3,Veneto,HP_Q_EXT,Produzione raccolta - quintali,GRAM,Graminacee,2025,162273,,,,,TIPO_DATO5__HP_Q_EXT_N1,'Per tutte le coltivazioni foraggere temporanee e permanenti, a partire dal 2020 i valori di produzione sono espressi in quintali;<br />Dal 2020 sono diffusi i valori di produzione raccolta in quanto necessari per il calcolo della resa. <br />La serie storica e di conseguenza l"'attendibilità dei dati diffusi negli anni precedenti non vengono compromessi perché, per le foraggere, i valori di produzione totale e raccolta coincidono.',G1200_I,G1200_I,,,,,,,,,,
A,Annuale,ITD3,Veneto,HP_Q_EXT,Produzione raccolta - quintali,DRIESES,Leguminose,2025,32026,,,,,TIPO_DATO5__HP_Q_EXT_N1,'Per tutte le coltivazioni foraggere temporanee e permanenti, a partire dal 2020 i valori di produzione sono espressi in quintali;<br />Dal 2020 sono diffusi i valori di produzione raccolta in quanto necessari per il calcolo della resa. <br />La serie storica e di conseguenza l"'attendibilità dei dati diffusi negli anni precedenti non vengono compromessi perché, per le foraggere, i valori di produzione totale e raccolta coincidono.',G1200_II,G1200_II,,,,,,,,,,
A,Annuale,ITD3,Veneto,HP_Q_EXT,Produzione raccolta - quintali,OTHETURES,Altri miscugli,2025,475060,,,,,TIPO_DATO5__HP_Q_EXT_N1,'Per tutte le coltivazioni foraggere temporanee e permanenti, a partire dal 2020 i valori di produzione sono espressi in quintali;<br />Dal 2020 sono diffusi i valori di produzione raccolta in quanto necessari per il calcolo della resa. <br />La serie storica e di conseguenza l"'attendibilità dei dati diffusi negli anni precedenti non vengono compromessi perché, per le foraggere, i valori di produzione totale e raccolta coincidono.',G1200_III,G1200_III,,,,,,,,,,
A,Annuale,ITD3,Veneto,HP_Q_EXT,Produzione raccolta - quintali,LUCERNE,Erba medica,2025,2486960,,,,,TIPO_DATO5__HP_Q_EXT_N1,'Per tutte le coltivazioni foraggere temporanee e permanenti, a partire dal 2020 i valori di produzione sono espressi in quintali;<br />Dal 2020 sono diffusi i valori di produzione raccolta in quanto necessari per il calcolo della resa. <br />La serie storica e di conseguenza l"'attendibilità dei dati diffusi negli anni precedenti non vengono compromessi perché, per le foraggere, i valori di produzione totale e raccolta coincidono.',G2100,G2100,,,,,,,,,,
A,Annuale,ITD3,Veneto,HP_Q_EXT,Produzione raccolta - quintali,MIXEPORARY,Prati avvicendati polifiti,2025,1654687,,,,,TIPO_DATO5__HP_Q_EXT_N1,'Per tutte le coltivazioni foraggere temporanee e permanenti, a partire dal 2020 i valori di produzione sono espressi in quintali;<br />Dal 2020 sono diffusi i valori di produzione raccolta in quanto necessari per il calcolo della resa. <br />La serie storica e di conseguenza l"'attendibilità dei dati diffusi negli anni precedenti non vengono compromessi perché, per le foraggere, i valori di produzione totale e raccolta coincidono.',G2900_IV,G2900_IV,,,,,,,,,,
A,Annuale,ITD3,Veneto,HP_Q_EXT,Produzione raccolta - quintali,LVRADBENDS,Trifoglio e miscele,2025,1241,,,,,TIPO_DATO5__HP_Q_EXT_N1,'Per tutte le coltivazioni foraggere temporanee e permanenti, a partire dal 2020 i valori di produzione sono espressi in quintali;<br />Dal 2020 sono diffusi i valori di produzione raccolta in quanto necessari per il calcolo della resa. <br />La serie storica e di conseguenza l"'attendibilità dei dati diffusi negli anni precedenti non vengono compromessi perché, per le foraggere, i valori di produzione totale e raccolta coincidono.',G2910,G2910,,,,,,,,,,
A,Annuale,ITD3,Veneto,HP_Q_EXT,Produzione raccolta - quintali,LEGMIX,Miscele di leguminose,2025,622872,,,,,TIPO_DATO5__HP_Q_EXT_N1,'Per tutte le coltivazioni foraggere temporanee e permanenti, a partire dal 2020 i valori di produzione sono espressi in quintali;<br />Dal 2020 sono diffusi i valori di produzione raccolta in quanto necessari per il calcolo della resa. <br />La serie storica e di conseguenza l"'attendibilità dei dati diffusi negli anni precedenti non vengono compromessi perché, per le foraggere, i valori di produzione totale e raccolta coincidono.',G2920,G2920,,,,,,,,,,
A,Annuale,ITD3,Veneto,HP_Q_EXT,Produzione raccolta - quintali,OTMFC,Altri erbai monofiti di cereali,2025,3347650,,,,,TIPO_DATO5__HP_Q_EXT_N1,'Per tutte le coltivazioni foraggere temporanee e permanenti, a partire dal 2020 i valori di produzione sono espressi in quintali;<br />Dal 2020 sono diffusi i valori di produzione raccolta in quanto necessari per il calcolo della resa. <br />La serie storica e di conseguenza l"'attendibilità dei dati diffusi negli anni precedenti non vengono compromessi perché, per le foraggere, i valori di produzione totale e raccolta coincidono.',G9100,G9100,,,,,,,,,,
A,Annuale,ITD3,Veneto,HP_Q_EXT,Produzione raccolta - quintali,OTHGRENOCER,Altre piante raccolte verdi da seminativi,2025,186650,,,,,TIPO_DATO5__HP_Q_EXT_N1,'Per tutte le coltivazioni foraggere temporanee e permanenti, a partire dal 2020 i valori di produzione sono espressi in quintali;<br />Dal 2020 sono diffusi i valori di produzione raccolta in quanto necessari per il calcolo della resa. <br />La serie storica e di conseguenza l"'attendibilità dei dati diffusi negli anni precedenti non vengono compromessi perché, per le foraggere, i valori di produzione totale e raccolta coincidono.',G9900,G9900,,,,,,,,,,
A,Annuale,ITD3,Veneto,HP_Q_EXT,Produzione raccolta - quintali,OTHFRELPULS,Altri legumi freschi,2025,100,,,,,TIPO_DATO5__HP_Q_EXT_N1,'Per tutte le coltivazioni foraggere temporanee e permanenti, a partire dal 2020 i valori di produzione sono espressi in quintali;<br />Dal 2020 sono diffusi i valori di produzione raccolta in quanto necessari per il calcolo della resa. <br />La serie storica e di conseguenza l"'attendibilità dei dati diffusi negli anni precedenti non vengono compromessi perché, per le foraggere, i valori di produzione totale e raccolta coincidono.',V5900,V5900,,,,,,,,,,
A,Annuale,ITD3,Veneto,HP_Q_EXT,Produzione raccolta - quintali,FRESADBEAN,Fava fresca in piena aria,2025,100,,,,,TIPO_DATO5__HP_Q_EXT_N1,'Per tutte le coltivazioni foraggere temporanee e permanenti, a partire dal 2020 i valori di produzione sono espressi in quintali;<br />Dal 2020 sono diffusi i valori di produzione raccolta in quanto necessari per il calcolo della resa. <br />La serie storica e di conseguenza l"'attendibilità dei dati diffusi negli anni precedenti non vengono compromessi perché, per le foraggere, i valori di produzione totale e raccolta coincidono.',V5900_I,V5900_I,,,,,,,,,,
A,Annuale,ITD3,Veneto,HP_Q_EXT,Produzione raccolta - quintali,LEEKOPENFI,Porro in piena aria,2025,85869,,,,,TIPO_DATO5__HP_Q_EXT_N1,'Per tutte le coltivazioni foraggere temporanee e permanenti, a partire dal 2020 i valori di produzione sono espressi in quintali;<br />Dal 2020 sono diffusi i valori di produzione raccolta in quanto necessari per il calcolo della resa. <br />La serie storica e di conseguenza l"'attendibilità dei dati diffusi negli anni precedenti non vengono compromessi perché, per le foraggere, i valori di produzione totale e raccolta coincidono.',V2100,V2100,,,,,,,,,,
A,Annuale,ITD3,Veneto,HP_Q_EXT,Produzione raccolta - quintali,HTABG,Cavolo bianco,2025,484165,,,,,TIPO_DATO5__HP_Q_EXT_N1,'Per tutte le coltivazioni foraggere temporanee e permanenti, a partire dal 2020 i valori di produzione sono espressi in quintali;<br />Dal 2020 sono diffusi i valori di produzione raccolta in quanto necessari per il calcolo della resa. <br />La serie storica e di conseguenza l"'attendibilità dei dati diffusi negli anni precedenti non vengono compromessi perché, per le foraggere, i valori di produzione totale e raccolta coincidono.',V1310,V1310,,,,,,,,,,
A,Annuale,ITD3,Veneto,HP_Q_EXT,Produzione raccolta - quintali,HTABG,Cavolo bianco,2026,426188,,,,,TIPO_DATO5__HP_Q_EXT_N1,'Per tutte le coltivazioni foraggere temporanee e permanenti, a partire dal 2020 i valori di produzione sono espressi in quintali;<br />Dal 2020 sono diffusi i valori di produzione raccolta in quanto necessari per il calcolo della resa. <br />La serie storica e di conseguenza l"'attendibilità dei dati diffusi negli anni precedenti non vengono compromessi perché, per le foraggere, i valori di produzione totale e raccolta coincidono.',V1310,V1310,,,,,,,,,,
A,Annuale,ITD3,Veneto,HP_Q_EXT,Produzione raccolta - quintali,SAVOBAGEIN,Cavolo verza,2025,65400,,,,,TIPO_DATO5__HP_Q_EXT_N1,'Per tutte le coltivazioni foraggere temporanee e permanenti, a partire dal 2020 i valori di produzione sono espressi in quintali;<br />Dal 2020 sono diffusi i valori di produzione raccolta in quanto necessari per il calcolo della resa. <br />La serie storica e di conseguenza l"'attendibilità dei dati diffusi negli anni precedenti non vengono compromessi perché, per le foraggere, i valori di produzione totale e raccolta coincidono.',V1330,V1330,,,,,,,,,,
A,Annuale,ITD3,Veneto,HP_Q_EXT,Produzione raccolta - quintali,SAVOBAGEIN,Cavolo verza,2026,52595,,,,,TIPO_DATO5__HP_Q_EXT_N1,'Per tutte le coltivazioni foraggere temporanee e permanenti, a partire dal 2020 i valori di produzione sono espressi in quintali;<br />Dal 2020 sono diffusi i valori di produzione raccolta in quanto necessari per il calcolo della resa. <br />La serie storica e di conseguenza l"'attendibilità dei dati diffusi negli anni precedenti non vengono compromessi perché, per le foraggere, i valori di produzione totale e raccolta coincidono.',V1330,V1330,,,,,,,,,,
A,Annuale,ITD3,Veneto,HP_Q_EXT,Produzione raccolta - quintali,OTHBROCI,Altri cavoli diversi dai broccoletti di rapa,2025,4140,,,,,TIPO_DATO5__HP_Q_EXT_N1,'Per tutte le coltivazioni foraggere temporanee e permanenti, a partire dal 2020 i valori di produzione sono espressi in quintali;<br />Dal 2020 sono diffusi i valori di produzione raccolta in quanto necessari per il calcolo della resa. <br />La serie storica e di conseguenza l"'attendibilità dei dati diffusi negli anni precedenti non vengono compromessi perché, per le foraggere, i valori di produzione totale e raccolta coincidono.',V1900_II,V1900_II,,,,,,,,,,
A,Annuale,ITD3,Veneto,HP_Q_EXT,Produzione raccolta - quintali,OTHBROCI,Altri cavoli diversi dai broccoletti di rapa,2026,4048,,,,,TIPO_DATO5__HP_Q_EXT_N1,'Per tutte le coltivazioni foraggere temporanee e permanenti, a partire dal 2020 i valori di produzione sono espressi in quintali;<br />Dal 2020 sono diffusi i valori di produzione raccolta in quanto necessari per il calcolo della resa. <br />La serie storica e di conseguenza l"'attendibilità dei dati diffusi negli anni precedenti non vengono compromessi perché, per le foraggere, i valori di produzione totale e raccolta coincidono.',V1900_II,V1900_II,,,,,,,,,,
A,Annuale,ITD3,Veneto,HP_Q_EXT,Produzione raccolta - quintali,BROCINOPEN,Broccoletto di rapa in piena aria,2025,7525,,,,,TIPO_DATO5__HP_Q_EXT_N1,'Per tutte le coltivazioni foraggere temporanee e permanenti, a partire dal 2020 i valori di produzione sono espressi in quintali;<br />Dal 2020 sono diffusi i valori di produzione raccolta in quanto necessari per il calcolo della resa. <br />La serie storica e di conseguenza l"'attendibilità dei dati diffusi negli anni precedenti non vengono compromessi perché, per le foraggere, i valori di produzione totale e raccolta coincidono.',V1900_I,V1900_I,,,,,,,,,,
A,Annuale,ITD3,Veneto,HP_Q_EXT,Produzione raccolta - quintali,BROCINOPEN,Broccoletto di rapa in piena aria,2026,6637,,,,,TIPO_DATO5__HP_Q_EXT_N1,'Per tutte le coltivazioni foraggere temporanee e permanenti, a partire dal 2020 i valori di produzione sono espressi in quintali;<br />Dal 2020 sono diffusi i valori di produzione raccolta in quanto necessari per il calcolo della resa. <br />La serie storica e di conseguenza l"'attendibilità dei dati diffusi negli anni precedenti non vengono compromessi perché, per le foraggere, i valori di produzione totale e raccolta coincidono.',V1900_I,V1900_I,,,,,,,,,,
A,Annuale,ITD3,Veneto,HP_Q_EXT,Produzione raccolta - quintali,CAULERAND,Cavolfiore  (e cavolo broccolo),2025,63671,,,,,TIPO_DATO5__HP_Q_EXT_N1,'Per tutte le coltivazioni foraggere temporanee e permanenti, a partire dal 2020 i valori di produzione sono espressi in quintali;<br />Dal 2020 sono diffusi i valori di produzione raccolta in quanto necessari per il calcolo della resa. <br />La serie storica e di conseguenza l"'attendibilità dei dati diffusi negli anni precedenti non vengono compromessi perché, per le foraggere, i valori di produzione totale e raccolta coincidono.',V1100,V1100,,,,,,,,,,
A,Annuale,ITD3,Veneto,HP_Q_EXT,Produzione raccolta - quintali,CAULERAND,Cavolfiore  (e cavolo broccolo),2026,59384,,,,,TIPO_DATO5__HP_Q_EXT_N1,'Per tutte le coltivazioni foraggere temporanee e permanenti, a partire dal 2020 i valori di produzione sono espressi in quintali;<br />Dal 2020 sono diffusi i valori di produzione raccolta in quanto necessari per il calcolo della resa. <br />La serie storica e di conseguenza l"'attendibilità dei dati diffusi negli anni precedenti non vengono compromessi perché, per le foraggere, i valori di produzione totale e raccolta coincidono.',V1100,V1100,,,,,,,,,,
A,Annuale,ITD3,Veneto,HP_Q_EXT,Produzione raccolta - quintali,PEAENFIEL,Pisello in piena aria,2025,120664,,,,,TIPO_DATO5__HP_Q_EXT_N1,'Per tutte le coltivazioni foraggere temporanee e permanenti, a partire dal 2020 i valori di produzione sono espressi in quintali;<br />Dal 2020 sono diffusi i valori di produzione raccolta in quanto necessari per il calcolo della resa. <br />La serie storica e di conseguenza l"'attendibilità dei dati diffusi negli anni precedenti non vengono compromessi perché, per le foraggere, i valori di produzione totale e raccolta coincidono.',V5100_II,V5100_II,,,,,,,,,,
A,Annuale,ITD3,Veneto,HP_Q_EXT,Produzione raccolta - quintali,FRESNEYBEA,Fagiolo e fagiolino in piena aria,2025,60799,,,,,TIPO_DATO5__HP_Q_EXT_N1,'Per tutte le coltivazioni foraggere temporanee e permanenti, a partire dal 2020 i valori di produzione sono espressi in quintali;<br />Dal 2020 sono diffusi i valori di produzione raccolta in quanto necessari per il calcolo della resa. <br />La serie storica e di conseguenza l"'attendibilità dei dati diffusi negli anni precedenti non vengono compromessi perché, per le foraggere, i valori di produzione totale e raccolta coincidono.',V5200_II,V5200_II,,,,,,,,,,
A,Annuale,ITD3,Veneto,HP_Q_EXT,Produzione raccolta - quintali,FRESNEYBEA,Fagiolo e fagiolino in piena aria,2026,42980,,,,,TIPO_DATO5__HP_Q_EXT_N1,'Per tutte le coltivazioni foraggere temporanee e permanenti, a partire dal 2020 i valori di produzione sono espressi in quintali;<br />Dal 2020 sono diffusi i valori di produzione raccolta in quanto necessari per il calcolo della resa. <br />La serie storica e di conseguenza l"'attendibilità dei dati diffusi negli anni precedenti non vengono compromessi perché, per le foraggere, i valori di produzione totale e raccolta coincidono.',V5200_II,V5200_II,,,,,,,,,,
A,Annuale,ITD3,Veneto,HP_Q_EXT,Produzione raccolta - quintali,SHALLOT,Scalogno in piena aria,2025,4684,,,,,TIPO_DATO5__HP_Q_EXT_N1,'Per tutte le coltivazioni foraggere temporanee e permanenti, a partire dal 2020 i valori di produzione sono espressi in quintali;<br />Dal 2020 sono diffusi i valori di produzione raccolta in quanto necessari per il calcolo della resa. <br />La serie storica e di conseguenza l"'attendibilità dei dati diffusi negli anni precedenti non vengono compromessi perché, per le foraggere, i valori di produzione totale e raccolta coincidono.',V4220,V4220,,,,,,,,,,
A,Annuale,ITD3,Veneto,HP_Q_EXT,Produzione raccolta - quintali,SHALLOT,Scalogno in piena aria,2026,4896,,,,,TIPO_DATO5__HP_Q_EXT_N1,'Per tutte le coltivazioni foraggere temporanee e permanenti, a partire dal 2020 i valori di produzione sono espressi in quintali;<br />Dal 2020 sono diffusi i valori di produzione raccolta in quanto necessari per il calcolo della resa. <br />La serie storica e di conseguenza l"'attendibilità dei dati diffusi negli anni precedenti non vengono compromessi perché, per le foraggere, i valori di produzione totale e raccolta coincidono.',V4220,V4220,,,,,,,,,,
A,Annuale,ITD3,Veneto,HP_Q_EXT,Produzione raccolta - quintali,ONIOOPENF,Cipolla in piena aria,2025,236620,,,,,TIPO_DATO5__HP_Q_EXT_N1,'Per tutte le coltivazioni foraggere temporanee e permanenti, a partire dal 2020 i valori di produzione sono espressi in quintali;<br />Dal 2020 sono diffusi i valori di produzione raccolta in quanto necessari per il calcolo della resa. <br />La serie storica e di conseguenza l"'attendibilità dei dati diffusi negli anni precedenti non vengono compromessi perché, per le foraggere, i valori di produzione totale e raccolta coincidono.',V4210,V4210,,,,,,,,,,
A,Annuale,ITD3,Veneto,HP_Q_EXT,Produzione raccolta - quintali,ONIOOPENF,Cipolla in piena aria,2026,220178,,,,,TIPO_DATO5__HP_Q_EXT_N1,'Per tutte le coltivazioni foraggere temporanee e permanenti, a partire dal 2020 i valori di produzione sono espressi in quintali;<br />Dal 2020 sono diffusi i valori di produzione raccolta in quanto necessari per il calcolo della resa. <br />La serie storica e di conseguenza l"'attendibilità dei dati diffusi negli anni precedenti non vengono compromessi perché, per le foraggere, i valori di produzione totale e raccolta coincidono.',V4210,V4210,,,,,,,,,,
A,Annuale,ITD3,Veneto,HP_Q_EXT,Produzione raccolta - quintali,CARRNDPARS,Carota e pastinaca in piena aria,2025,290462,,,,,TIPO_DATO5__HP_Q_EXT_N1,'Per tutte le coltivazioni foraggere temporanee e permanenti, a partire dal 2020 i valori di produzione sono espressi in quintali;<br />Dal 2020 sono diffusi i valori di produzione raccolta in quanto necessari per il calcolo della resa. <br />La serie storica e di conseguenza l"'attendibilità dei dati diffusi negli anni precedenti non vengono compromessi perché, per le foraggere, i valori di produzione totale e raccolta coincidono.',V4100_II,V4100_II,,,,,,,,,,
A,Annuale,ITD3,Veneto,HP_Q_EXT,Produzione raccolta - quintali,CARRNDPARS,Carota e pastinaca in piena aria,2026,274358,,,,,TIPO_DATO5__HP_Q_EXT_N1,'Per tutte le coltivazioni foraggere temporanee e permanenti, a partire dal 2020 i valori di produzione sono espressi in quintali;<br />Dal 2020 sono diffusi i valori di produzione raccolta in quanto necessari per il calcolo della resa. <br />La serie storica e di conseguenza l"'attendibilità dei dati diffusi negli anni precedenti non vengono compromessi perché, per le foraggere, i valori di produzione totale e raccolta coincidono.',V4100_II,V4100_II,,,,,,,,,,
A,Annuale,ITD3,Veneto,HP_Q_EXT,Produzione raccolta - quintali,BEETANDLEA,Barbabietola da orto in piena aria,2025,3663,,,,,TIPO_DATO5__HP_Q_EXT_N1,'Per tutte le coltivazioni foraggere temporanee e permanenti, a partire dal 2020 i valori di produzione sono espressi in quintali;<br />Dal 2020 sono diffusi i valori di produzione raccolta in quanto necessari per il calcolo della resa. <br />La serie storica e di conseguenza l"'attendibilità dei dati diffusi negli anni precedenti non vengono compromessi perché, per le foraggere, i valori di produzione totale e raccolta coincidono.',V4300_II,V4300_II,,,,,,,,,,
A,Annuale,ITD3,Veneto,HP_Q_EXT,Produzione raccolta - quintali,ASPAINGREOPEN,Asparago in piena aria,2025,124547,,,,,TIPO_DATO5__HP_Q_EXT_N1,'Per tutte le coltivazioni foraggere temporanee e permanenti, a partire dal 2020 i valori di produzione sono espressi in quintali;<br />Dal 2020 sono diffusi i valori di produzione raccolta in quanto necessari per il calcolo della resa. <br />La serie storica e di conseguenza l"'attendibilità dei dati diffusi negli anni precedenti non vengono compromessi perché, per le foraggere, i valori di produzione totale e raccolta coincidono.',V2600_II,V2600_II,,,,,,,,,,
A,Annuale,ITD3,Veneto,HP_Q_EXT,Produzione raccolta - quintali,ASPAINGREOPEN,Asparago in piena aria,2026,123212,,,,,TIPO_DATO5__HP_Q_EXT_N1,'Per tutte le coltivazioni foraggere temporanee e permanenti, a partire dal 2020 i valori di produzione sono espressi in quintali;<br />Dal 2020 sono diffusi i valori di produzione raccolta in quanto necessari per il calcolo della resa. <br />La serie storica e di conseguenza l"'attendibilità dei dati diffusi negli anni precedenti non vengono compromessi perché, per le foraggere, i valori di produzione totale e raccolta coincidono.',V2600_II,V2600_II,,,,,,,,,,
A,Annuale,ITD3,Veneto,HP_Q_EXT,Produzione raccolta - quintali,CHICNOPEN,Radicchio o cicoria in piena aria,2025,796069,,,,,TIPO_DATO5__HP_Q_EXT_N1,'Per tutte le coltivazioni foraggere temporanee e permanenti, a partire dal 2020 i valori di produzione sono espressi in quintali;<br />Dal 2020 sono diffusi i valori di produzione raccolta in quanto necessari per il calcolo della resa. <br />La serie storica e di conseguenza l"'attendibilità dei dati diffusi negli anni precedenti non vengono compromessi perché, per le foraggere, i valori di produzione totale e raccolta coincidono.',V2700_II,V2700_II,,,,,,,,,,
A,Annuale,ITD3,Veneto,HP_Q_EXT,Produzione raccolta - quintali,CHICNOPEN,Radicchio o cicoria in piena aria,2026,552430,,,,,TIPO_DATO5__HP_Q_EXT_N1,'Per tutte le coltivazioni foraggere temporanee e permanenti, a partire dal 2020 i valori di produzione sono espressi in quintali;<br />Dal 2020 sono diffusi i valori di produzione raccolta in quanto necessari per il calcolo della resa. <br />La serie storica e di conseguenza l"'attendibilità dei dati diffusi negli anni precedenti non vengono compromessi perché, per le foraggere, i valori di produzione totale e raccolta coincidono.',V2700_II,V2700_II,,,,,,,,,,
A,Annuale,ITD3,Veneto,HP_Q_EXT,Produzione raccolta - quintali,CELEOPENF,Sedano in piena aria,2025,11166,,,,,TIPO_DATO5__HP_Q_EXT_N1,'Per tutte le coltivazioni foraggere temporanee e permanenti, a partire dal 2020 i valori di produzione sono espressi in quintali;<br />Dal 2020 sono diffusi i valori di produzione raccolta in quanto necessari per il calcolo della resa. <br />La serie storica e di conseguenza l"'attendibilità dei dati diffusi negli anni precedenti non vengono compromessi perché, per le foraggere, i valori di produzione totale e raccolta coincidono.',V2200_II,V2200_II,,,,,,,,,,
A,Annuale,ITD3,Veneto,HP_Q_EXT,Produzione raccolta - quintali,GLOBICHOKE,Carciofo in piena aria,2025,1932,,,,,TIPO_DATO5__HP_Q_EXT_N1,'Per tutte le coltivazioni foraggere temporanee e permanenti, a partire dal 2020 i valori di produzione sono espressi in quintali;<br />Dal 2020 sono diffusi i valori di produzione raccolta in quanto necessari per il calcolo della resa. <br />La serie storica e di conseguenza l"'attendibilità dei dati diffusi negli anni precedenti non vengono compromessi perché, per le foraggere, i valori di produzione totale e raccolta coincidono.',V2800,V2800,,,,,,,,,,
A,Annuale,ITD3,Veneto,HP_Q_EXT,Produzione raccolta - quintali,GLOBICHOKE,Carciofo in piena aria,2026,2366,,,,,TIPO_DATO5__HP_Q_EXT_N1,'Per tutte le coltivazioni foraggere temporanee e permanenti, a partire dal 2020 i valori di produzione sono espressi in quintali;<br />Dal 2020 sono diffusi i valori di produzione raccolta in quanto necessari per il calcolo della resa. <br />La serie storica e di conseguenza l"'attendibilità dei dati diffusi negli anni precedenti non vengono compromessi perché, per le foraggere, i valori di produzione totale e raccolta coincidono.',V2800,V2800,,,,,,,,,,
A,Annuale,ITD3,Veneto,HP_Q_EXT,Produzione raccolta - quintali,EGGINOPE,Melanzana in piena aria,2025,24600,,,,,TIPO_DATO5__HP_Q_EXT_N1,'Per tutte le coltivazioni foraggere temporanee e permanenti, a partire dal 2020 i valori di produzione sono espressi in quintali;<br />Dal 2020 sono diffusi i valori di produzione raccolta in quanto necessari per il calcolo della resa. <br />La serie storica e di conseguenza l"'attendibilità dei dati diffusi negli anni precedenti non vengono compromessi perché, per le foraggere, i valori di produzione totale e raccolta coincidono.',V3410_II,V3410_II,,,,,,,,,,
A,Annuale,ITD3,Veneto,HP_Q_EXT,Produzione raccolta - quintali,EGGINOPE,Melanzana in piena aria,2026,21918,,,,,TIPO_DATO5__HP_Q_EXT_N1,'Per tutte le coltivazioni foraggere temporanee e permanenti, a partire dal 2020 i valori di produzione sono espressi in quintali;<br />Dal 2020 sono diffusi i valori di produzione raccolta in quanto necessari per il calcolo della resa. <br />La serie storica e di conseguenza l"'attendibilità dei dati diffusi negli anni precedenti non vengono compromessi perché, per le foraggere, i valori di produzione totale e raccolta coincidono.',V3410_II,V3410_II,,,,,,,,,,
A,Annuale,ITD3,Veneto,HP_Q_EXT,Produzione raccolta - quintali,REDRINOP,Peperone in piena aria,2025,13580,,,,,TIPO_DATO5__HP_Q_EXT_N1,'Per tutte le coltivazioni foraggere temporanee e permanenti, a partire dal 2020 i valori di produzione sono espressi in quintali;<br />Dal 2020 sono diffusi i valori di produzione raccolta in quanto necessari per il calcolo della resa. <br />La serie storica e di conseguenza l"'attendibilità dei dati diffusi negli anni precedenti non vengono compromessi perché, per le foraggere, i valori di produzione totale e raccolta coincidono.',V3600_II,V3600_II,,,,,,,,,,
A,Annuale,ITD3,Veneto,HP_Q_EXT,Produzione raccolta - quintali,REDRINOP,Peperone in piena aria,2026,12721,,,,,TIPO_DATO5__HP_Q_EXT_N1,'Per tutte le coltivazioni foraggere temporanee e permanenti, a partire dal 2020 i valori di produzione sono espressi in quintali;<br />Dal 2020 sono diffusi i valori di produzione raccolta in quanto necessari per il calcolo della resa. <br />La serie storica e di conseguenza l"'attendibilità dei dati diffusi negli anni precedenti non vengono compromessi perché, per le foraggere, i valori di produzione totale e raccolta coincidono.',V3600_II,V3600_II,,,,,,,,,,
A,Annuale,ITD3,Veneto,HP_Q_EXT,Produzione raccolta - quintali,CUCUINOPE,Cetriolo da mensa in piena aria,2025,7037,,,,,TIPO_DATO5__HP_Q_EXT_N1,'Per tutte le coltivazioni foraggere temporanee e permanenti, a partire dal 2020 i valori di produzione sono espressi in quintali;<br />Dal 2020 sono diffusi i valori di produzione raccolta in quanto necessari per il calcolo della resa. <br />La serie storica e di conseguenza l"'attendibilità dei dati diffusi negli anni precedenti non vengono compromessi perché, per le foraggere, i valori di produzione totale e raccolta coincidono.',V3200_II,V3200_II,,,,,,,,,,
A,Annuale,ITD3,Veneto,HP_Q_EXT,Produzione raccolta - quintali,LETTNOPEN,Lattuga in piena aria,2025,43951,,,,,TIPO_DATO5__HP_Q_EXT_N1,'Per tutte le coltivazioni foraggere temporanee e permanenti, a partire dal 2020 i valori di produzione sono espressi in quintali;<br />Dal 2020 sono diffusi i valori di produzione raccolta in quanto necessari per il calcolo della resa. <br />La serie storica e di conseguenza l"'attendibilità dei dati diffusi negli anni precedenti non vengono compromessi perché, per le foraggere, i valori di produzione totale e raccolta coincidono.',V2300_II,V2300_II,,,,,,,,,,
A,Annuale,ITD3,Veneto,HP_Q_EXT,Produzione raccolta - quintali,LETTNOPEN,Lattuga in piena aria,2026,42645,,,,,TIPO_DATO5__HP_Q_EXT_N1,'Per tutte le coltivazioni foraggere temporanee e permanenti, a partire dal 2020 i valori di produzione sono espressi in quintali;<br />Dal 2020 sono diffusi i valori di produzione raccolta in quanto necessari per il calcolo della resa. <br />La serie storica e di conseguenza l"'attendibilità dei dati diffusi negli anni precedenti non vengono compromessi perché, per le foraggere, i valori di produzione totale e raccolta coincidono.',V2300_II,V2300_II,,,,,,,,,,
A,Annuale,ITD3,Veneto,HP_Q_EXT,Produzione raccolta - quintali,MELOOPENFI,Popone o melone in piena aria,2025,107376,,,,,TIPO_DATO5__HP_Q_EXT_N1,'Per tutte le coltivazioni foraggere temporanee e permanenti, a partire dal 2020 i valori di produzione sono espressi in quintali;<br />Dal 2020 sono diffusi i valori di produzione raccolta in quanto necessari per il calcolo della resa. <br />La serie storica e di conseguenza l"'attendibilità dei dati diffusi negli anni precedenti non vengono compromessi perché, per le foraggere, i valori di produzione totale e raccolta coincidono.',V3510_II,V3510_II,,,,,,,,,,
A,Annuale,ITD3,Veneto,HP_Q_EXT,Produzione raccolta - quintali,MELOOPENFI,Popone o melone in piena aria,2026,109279,,,,,TIPO_DATO5__HP_Q_EXT_N1,'Per tutte le coltivazioni foraggere temporanee e permanenti, a partire dal 2020 i valori di produzione sono espressi in quintali;<br />Dal 2020 sono diffusi i valori di produzione raccolta in quanto necessari per il calcolo della resa. <br />La serie storica e di conseguenza l"'attendibilità dei dati diffusi negli anni precedenti non vengono compromessi perché, per le foraggere, i valori di produzione totale e raccolta coincidono.',V3510_II,V3510_II,,,,,,,,,,
A,Annuale,ITD3,Veneto,HP_Q_EXT,Produzione raccolta - quintali,COURINOPE,Zucchina in piena aria,2025,505811,,,,,TIPO_DATO5__HP_Q_EXT_N1,'Per tutte le coltivazioni foraggere temporanee e permanenti, a partire dal 2020 i valori di produzione sono espressi in quintali;<br />Dal 2020 sono diffusi i valori di produzione raccolta in quanto necessari per il calcolo della resa. <br />La serie storica e di conseguenza l"'attendibilità dei dati diffusi negli anni precedenti non vengono compromessi perché, per le foraggere, i valori di produzione totale e raccolta coincidono.',V3420_II,V3420_II,,,,,,,,,,
A,Annuale,ITD3,Veneto,HP_Q_EXT,Produzione raccolta - quintali,COURINOPE,Zucchina in piena aria,2026,533489,,,,,TIPO_DATO5__HP_Q_EXT_N1,'Per tutte le coltivazioni foraggere temporanee e permanenti, a partire dal 2020 i valori di produzione sono espressi in quintali;<br />Dal 2020 sono diffusi i valori di produzione raccolta in quanto necessari per il calcolo della resa. <br />La serie storica e di conseguenza l"'attendibilità dei dati diffusi negli anni precedenti non vengono compromessi perché, per le foraggere, i valori di produzione totale e raccolta coincidono.',V3420_II,V3420_II,,,,,,,,,,
A,Annuale,ITD3,Veneto,HP_Q_EXT,Produzione raccolta - quintali,WATENINOP,Cocomero in piena aria,2025,183491,,,,,TIPO_DATO5__HP_Q_EXT_N1,'Per tutte le coltivazioni foraggere temporanee e permanenti, a partire dal 2020 i valori di produzione sono espressi in quintali;<br />Dal 2020 sono diffusi i valori di produzione raccolta in quanto necessari per il calcolo della resa. <br />La serie storica e di conseguenza l"'attendibilità dei dati diffusi negli anni precedenti non vengono compromessi perché, per le foraggere, i valori di produzione totale e raccolta coincidono.',V3520_II,V3520_II,,,,,,,,,,
A,Annuale,ITD3,Veneto,HP_Q_EXT,Produzione raccolta - quintali,FENNOPENF,Finocchio in piena aria,2025,11193,,,,,TIPO_DATO5__HP_Q_EXT_N1,'Per tutte le coltivazioni foraggere temporanee e permanenti, a partire dal 2020 i valori di produzione sono espressi in quintali;<br />Dal 2020 sono diffusi i valori di produzione raccolta in quanto necessari per il calcolo della resa. <br />La serie storica e di conseguenza l"'attendibilità dei dati diffusi negli anni precedenti non vengono compromessi perché, per le foraggere, i valori di produzione totale e raccolta coincidono.',V4920_II,V4920_II,,,,,,,,,,
A,Annuale,ITD3,Veneto,HP_Q_EXT,Produzione raccolta - quintali,FENNOPENF,Finocchio in piena aria,2026,11800,,,,,TIPO_DATO5__HP_Q_EXT_N1,'Per tutte le coltivazioni foraggere temporanee e permanenti, a partire dal 2020 i valori di produzione sono espressi in quintali;<br />Dal 2020 sono diffusi i valori di produzione raccolta in quanto necessari per il calcolo della resa. <br />La serie storica e di conseguenza l"'attendibilità dei dati diffusi negli anni precedenti non vengono compromessi perché, per le foraggere, i valori di produzione totale e raccolta coincidono.',V4920_II,V4920_II,,,,,,,,,,
A,Annuale,ITD3,Veneto,HP_Q_EXT,Produzione raccolta - quintali,ENDINOPEN,Indivia (riccia e scarola) in piena aria,2025,5544,,,,,TIPO_DATO5__HP_Q_EXT_N1,'Per tutte le coltivazioni foraggere temporanee e permanenti, a partire dal 2020 i valori di produzione sono espressi in quintali;<br />Dal 2020 sono diffusi i valori di produzione raccolta in quanto necessari per il calcolo della resa. <br />La serie storica e di conseguenza l"'attendibilità dei dati diffusi negli anni precedenti non vengono compromessi perché, per le foraggere, i valori di produzione totale e raccolta coincidono.',V2400_II,V2400_II,,,,,,,,,,
A,Annuale,ITD3,Veneto,HP_Q_EXT,Produzione raccolta - quintali,ENDINOPEN,Indivia (riccia e scarola) in piena aria,2026,4524,,,,,TIPO_DATO5__HP_Q_EXT_N1,'Per tutte le coltivazioni foraggere temporanee e permanenti, a partire dal 2020 i valori di produzione sono espressi in quintali;<br />Dal 2020 sono diffusi i valori di produzione raccolta in quanto necessari per il calcolo della resa. <br />La serie storica e di conseguenza l"'attendibilità dei dati diffusi negli anni precedenti non vengono compromessi perché, per le foraggere, i valori di produzione totale e raccolta coincidono.',V2400_II,V2400_II,,,,,,,,,,
A,Annuale,ITD3,Veneto,HP_Q_EXT,Produzione raccolta - quintali,RADIOPEN,Ravanello in piena aria,2025,2851,,,,,TIPO_DATO5__HP_Q_EXT_N1,'Per tutte le coltivazioni foraggere temporanee e permanenti, a partire dal 2020 i valori di produzione sono espressi in quintali;<br />Dal 2020 sono diffusi i valori di produzione raccolta in quanto necessari per il calcolo della resa. <br />La serie storica e di conseguenza l"'attendibilità dei dati diffusi negli anni precedenti non vengono compromessi perché, per le foraggere, i valori di produzione totale e raccolta coincidono.',V4500_I,V4500_I,,,,,,,,,,
A,Annuale,ITD3,Veneto,HP_Q_EXT,Produzione raccolta - quintali,SPINNOPEN,Spinacio in piena aria,2025,20921,,,,,TIPO_DATO5__HP_Q_EXT_N1,'Per tutte le coltivazioni foraggere temporanee e permanenti, a partire dal 2020 i valori di produzione sono espressi in quintali;<br />Dal 2020 sono diffusi i valori di produzione raccolta in quanto necessari per il calcolo della resa. <br />La serie storica e di conseguenza l"'attendibilità dei dati diffusi negli anni precedenti non vengono compromessi perché, per le foraggere, i valori di produzione totale e raccolta coincidono.',V2500_II,V2500_II,,,,,,,,,,
A,Annuale,ITD3,Veneto,HP_Q_EXT,Produzione raccolta - quintali,CHAROPENFI,Bietola da costa in piena aria,2025,19174,,,,,TIPO_DATO5__HP_Q_EXT_N1,'Per tutte le coltivazioni foraggere temporanee e permanenti, a partire dal 2020 i valori di produzione sono espressi in quintali;<br />Dal 2020 sono diffusi i valori di produzione raccolta in quanto necessari per il calcolo della resa. <br />La serie storica e di conseguenza l"'attendibilità dei dati diffusi negli anni precedenti non vengono compromessi perché, per le foraggere, i valori di produzione totale e raccolta coincidono.',V2900_III,V2900_III,,,,,,,,,,
A,Annuale,ITD3,Veneto,HP_Q_EXT,Produzione raccolta - quintali,ZUCCA,Zucca,2025,271334,,,,,TIPO_DATO5__HP_Q_EXT_N1,'Per tutte le coltivazioni foraggere temporanee e permanenti, a partire dal 2020 i valori di produzione sono espressi in quintali;<br />Dal 2020 sono diffusi i valori di produzione raccolta in quanto necessari per il calcolo della resa. <br />La serie storica e di conseguenza l"'attendibilità dei dati diffusi negli anni precedenti non vengono compromessi perché, per le foraggere, i valori di produzione totale e raccolta coincidono.',,,,,,,,,,,,
A,Annuale,ITD3,Veneto,HP_Q_EXT,Produzione raccolta - quintali,ZUCCA,Zucca,2026,281366,,,,,TIPO_DATO5__HP_Q_EXT_N1,'Per tutte le coltivazioni foraggere temporanee e permanenti, a partire dal 2020 i valori di produzione sono espressi in quintali;<br />Dal 2020 sono diffusi i valori di produzione raccolta in quanto necessari per il calcolo della resa. <br />La serie storica e di conseguenza l"'attendibilità dei dati diffusi negli anni precedenti non vengono compromessi perché, per le foraggere, i valori di produzione totale e raccolta coincidono.',,,,,,,,,,,,
A,Annuale,ITD3,Veneto,HP_Q_EXT,Produzione raccolta - quintali,GARLIC,Aglio,2025,29440,,,,,TIPO_DATO5__HP_Q_EXT_N1,'Per tutte le coltivazioni foraggere temporanee e permanenti, a partire dal 2020 i valori di produzione sono espressi in quintali;<br />Dal 2020 sono diffusi i valori di produzione raccolta in quanto necessari per il calcolo della resa. <br />La serie storica e di conseguenza l"'attendibilità dei dati diffusi negli anni precedenti non vengono compromessi perché, per le foraggere, i valori di produzione totale e raccolta coincidono.',V4600,V4600,,,,,,,,,,
A,Annuale,ITD3,Veneto,HP_Q_EXT,Produzione raccolta - quintali,CICRADIFRE_GREEN,Cicoria o radicchio per consumo fresco in serra,2025,10271,,,,,TIPO_DATO5__HP_Q_EXT_N1,'Per tutte le coltivazioni foraggere temporanee e permanenti, a partire dal 2020 i valori di produzione sono espressi in quintali;<br />Dal 2020 sono diffusi i valori di produzione raccolta in quanto necessari per il calcolo della resa. <br />La serie storica e di conseguenza l"'attendibilità dei dati diffusi negli anni precedenti non vengono compromessi perché, per le foraggere, i valori di produzione totale e raccolta coincidono.',V2710_I,V2710_I,,,,,,,,,,
A,Annuale,ITD3,Veneto,HP_Q_EXT,Produzione raccolta - quintali,CICRADIFRE_OPEN,Cicoria o radicchio per consumo fresco in piena aria,2025,796069,,,,,TIPO_DATO5__HP_Q_EXT_N1,'Per tutte le coltivazioni foraggere temporanee e permanenti, a partire dal 2020 i valori di produzione sono espressi in quintali;<br />Dal 2020 sono diffusi i valori di produzione raccolta in quanto necessari per il calcolo della resa. <br />La serie storica e di conseguenza l"'attendibilità dei dati diffusi negli anni precedenti non vengono compromessi perché, per le foraggere, i valori di produzione totale e raccolta coincidono.',V2710_II,V2710_II,,,,,,,,,,
A,Annuale,ITD3,Veneto,HP_Q_EXT,Produzione raccolta - quintali,CICRADIFRE_OPEN,Cicoria o radicchio per consumo fresco in piena aria,2026,552430,,,,,TIPO_DATO5__HP_Q_EXT_N1,'Per tutte le coltivazioni foraggere temporanee e permanenti, a partire dal 2020 i valori di produzione sono espressi in quintali;<br />Dal 2020 sono diffusi i valori di produzione raccolta in quanto necessari per il calcolo della resa. <br />La serie storica e di conseguenza l"'attendibilità dei dati diffusi negli anni precedenti non vengono compromessi perché, per le foraggere, i valori di produzione totale e raccolta coincidono.',V2710_II,V2710_II,,,,,,,,,,
A,Annuale,ITD3,Veneto,HP_Q_EXT,Produzione raccolta - quintali,OTHALEAFSNOB,Altre verdure a foglia o a stelo diverse dalla bietola da costa,2025,102465,,,,,TIPO_DATO5__HP_Q_EXT_N1,'Per tutte le coltivazioni foraggere temporanee e permanenti, a partire dal 2020 i valori di produzione sono espressi in quintali;<br />Dal 2020 sono diffusi i valori di produzione raccolta in quanto necessari per il calcolo della resa. <br />La serie storica e di conseguenza l"'attendibilità dei dati diffusi negli anni precedenti non vengono compromessi perché, per le foraggere, i valori di produzione totale e raccolta coincidono.',V2900_IV,V2900_IV,,,,,,,,,,
A,Annuale,ITD3,Veneto,HP_Q_EXT,Produzione raccolta - quintali,OFTTOT,Pomodoro da consumo fresco o da mensa,2025,4178,,,,,TIPO_DATO5__HP_Q_EXT_N1,'Per tutte le coltivazioni foraggere temporanee e permanenti, a partire dal 2020 i valori di produzione sono espressi in quintali;<br />Dal 2020 sono diffusi i valori di produzione raccolta in quanto necessari per il calcolo della resa. <br />La serie storica e di conseguenza l"'attendibilità dei dati diffusi negli anni precedenti non vengono compromessi perché, per le foraggere, i valori di produzione totale e raccolta coincidono.',V3110,V3110,,,,,,,,,,
A,Annuale,ITD3,Veneto,HP_Q_EXT,Produzione raccolta - quintali,OFTTOT,Pomodoro da consumo fresco o da mensa,2026,3753,,,,,TIPO_DATO5__HP_Q_EXT_N1,'Per tutte le coltivazioni foraggere temporanee e permanenti, a partire dal 2020 i valori di produzione sono espressi in quintali;<br />Dal 2020 sono diffusi i valori di produzione raccolta in quanto necessari per il calcolo della resa. <br />La serie storica e di conseguenza l"'attendibilità dei dati diffusi negli anni precedenti non vengono compromessi perché, per le foraggere, i valori di produzione totale e raccolta coincidono.',V3110,V3110,,,,,,,,,,
A,Annuale,ITD3,Veneto,HP_Q_EXT,Produzione raccolta - quintali,OFTP,Pomodoro da trasformazione in piena aria,2025,1766895,,,,,TIPO_DATO5__HP_Q_EXT_N1,'Per tutte le coltivazioni foraggere temporanee e permanenti, a partire dal 2020 i valori di produzione sono espressi in quintali;<br />Dal 2020 sono diffusi i valori di produzione raccolta in quanto necessari per il calcolo della resa. <br />La serie storica e di conseguenza l"'attendibilità dei dati diffusi negli anni precedenti non vengono compromessi perché, per le foraggere, i valori di produzione totale e raccolta coincidono.',V3120,V3120,,,,,,,,,,
A,Annuale,ITD3,Veneto,HP_Q_EXT,Produzione raccolta - quintali,OFTP,Pomodoro da trasformazione in piena aria,2026,1587284,,,,,TIPO_DATO5__HP_Q_EXT_N1,'Per tutte le coltivazioni foraggere temporanee e permanenti, a partire dal 2020 i valori di produzione sono espressi in quintali;<br />Dal 2020 sono diffusi i valori di produzione raccolta in quanto necessari per il calcolo della resa. <br />La serie storica e di conseguenza l"'attendibilità dei dati diffusi negli anni precedenti non vengono compromessi perché, per le foraggere, i valori di produzione totale e raccolta coincidono.',V3120,V3120,,,,,,,,,,
A,Annuale,ITD3,Veneto,HP_Q_EXT,Produzione raccolta - quintali,PEAEENHOUS,Pisello in serra,2025,1711,,,,,TIPO_DATO5__HP_Q_EXT_N1,'Per tutte le coltivazioni foraggere temporanee e permanenti, a partire dal 2020 i valori di produzione sono espressi in quintali;<br />Dal 2020 sono diffusi i valori di produzione raccolta in quanto necessari per il calcolo della resa. <br />La serie storica e di conseguenza l"'attendibilità dei dati diffusi negli anni precedenti non vengono compromessi perché, per le foraggere, i valori di produzione totale e raccolta coincidono.',V5100_I,V5100_I,,,,,,,,,,
A,Annuale,ITD3,Veneto,HP_Q_EXT,Produzione raccolta - quintali,CARRGREENH,Carota in serra,2025,6442,,,,,TIPO_DATO5__HP_Q_EXT_N1,'Per tutte le coltivazioni foraggere temporanee e permanenti, a partire dal 2020 i valori di produzione sono espressi in quintali;<br />Dal 2020 sono diffusi i valori di produzione raccolta in quanto necessari per il calcolo della resa. <br />La serie storica e di conseguenza l"'attendibilità dei dati diffusi negli anni precedenti non vengono compromessi perché, per le foraggere, i valori di produzione totale e raccolta coincidono.',V4100_I,V4100_I,,,,,,,,,,
A,Annuale,ITD3,Veneto,HP_Q_EXT,Produzione raccolta - quintali,ASPAINGRE,Asparago in serra,2025,8504,,,,,TIPO_DATO5__HP_Q_EXT_N1,'Per tutte le coltivazioni foraggere temporanee e permanenti, a partire dal 2020 i valori di produzione sono espressi in quintali;<br />Dal 2020 sono diffusi i valori di produzione raccolta in quanto necessari per il calcolo della resa. <br />La serie storica e di conseguenza l"'attendibilità dei dati diffusi negli anni precedenti non vengono compromessi perché, per le foraggere, i valori di produzione totale e raccolta coincidono.',V2600_I,V2600_I,,,,,,,,,,
A,Annuale,ITD3,Veneto,HP_Q_EXT,Produzione raccolta - quintali,RADIINGRE,Cicoria o radicchio in serra,2025,10271,,,,,TIPO_DATO5__HP_Q_EXT_N1,'Per tutte le coltivazioni foraggere temporanee e permanenti, a partire dal 2020 i valori di produzione sono espressi in quintali;<br />Dal 2020 sono diffusi i valori di produzione raccolta in quanto necessari per il calcolo della resa. <br />La serie storica e di conseguenza l"'attendibilità dei dati diffusi negli anni precedenti non vengono compromessi perché, per le foraggere, i valori di produzione totale e raccolta coincidono.',V2700_I,V2700_I,,,,,,,,,,
A,Annuale,ITD3,Veneto,HP_Q_EXT,Produzione raccolta - quintali,CELEGREENH,Sedano in serra,2025,12320,,,,,TIPO_DATO5__HP_Q_EXT_N1,'Per tutte le coltivazioni foraggere temporanee e permanenti, a partire dal 2020 i valori di produzione sono espressi in quintali;<br />Dal 2020 sono diffusi i valori di produzione raccolta in quanto necessari per il calcolo della resa. <br />La serie storica e di conseguenza l"'attendibilità dei dati diffusi negli anni precedenti non vengono compromessi perché, per le foraggere, i valori di produzione totale e raccolta coincidono.',V2200_I,V2200_I,,,,,,,,,,
A,Annuale,ITD3,Veneto,HP_Q_EXT,Produzione raccolta - quintali,EGGINGRE,Melanzana in serra,2025,229751,,,,,TIPO_DATO5__HP_Q_EXT_N1,'Per tutte le coltivazioni foraggere temporanee e permanenti, a partire dal 2020 i valori di produzione sono espressi in quintali;<br />Dal 2020 sono diffusi i valori di produzione raccolta in quanto necessari per il calcolo della resa. <br />La serie storica e di conseguenza l"'attendibilità dei dati diffusi negli anni precedenti non vengono compromessi perché, per le foraggere, i valori di produzione totale e raccolta coincidono.',V3410_I,V3410_I,,,,,,,,,,
A,Annuale,ITD3,Veneto,HP_Q_EXT,Produzione raccolta - quintali,REDRINGR,Peperone in serra,2025,116842,,,,,TIPO_DATO5__HP_Q_EXT_N1,'Per tutte le coltivazioni foraggere temporanee e permanenti, a partire dal 2020 i valori di produzione sono espressi in quintali;<br />Dal 2020 sono diffusi i valori di produzione raccolta in quanto necessari per il calcolo della resa. <br />La serie storica e di conseguenza l"'attendibilità dei dati diffusi negli anni precedenti non vengono compromessi perché, per le foraggere, i valori di produzione totale e raccolta coincidono.',V3600S,V3600S,,,,,,,,,,
A,Annuale,ITD3,Veneto,HP_Q_EXT,Produzione raccolta - quintali,CUCUINGRE,Cetriolo da mensa in serra,2025,218278,,,,,TIPO_DATO5__HP_Q_EXT_N1,'Per tutte le coltivazioni foraggere temporanee e permanenti, a partire dal 2020 i valori di produzione sono espressi in quintali;<br />Dal 2020 sono diffusi i valori di produzione raccolta in quanto necessari per il calcolo della resa. <br />La serie storica e di conseguenza l"'attendibilità dei dati diffusi negli anni precedenti non vengono compromessi perché, per le foraggere, i valori di produzione totale e raccolta coincidono.',V3200S,V3200S,,,,,,,,,,
A,Annuale,ITD3,Veneto,HP_Q_EXT,Produzione raccolta - quintali,BEANREENHOU,Fagiolino in serra,2025,4887,,,,,TIPO_DATO5__HP_Q_EXT_N1,'Per tutte le coltivazioni foraggere temporanee e permanenti, a partire dal 2020 i valori di produzione sono espressi in quintali;<br />Dal 2020 sono diffusi i valori di produzione raccolta in quanto necessari per il calcolo della resa. <br />La serie storica e di conseguenza l"'attendibilità dei dati diffusi negli anni precedenti non vengono compromessi perché, per le foraggere, i valori di produzione totale e raccolta coincidono.',V5200_I,V5200_I,,,,,,,,,,
A,Annuale,ITD3,Veneto,HP_Q_EXT,Produzione raccolta - quintali,LETTNGREEN,Lattuga in serra,2025,285866,,,,,TIPO_DATO5__HP_Q_EXT_N1,'Per tutte le coltivazioni foraggere temporanee e permanenti, a partire dal 2020 i valori di produzione sono espressi in quintali;<br />Dal 2020 sono diffusi i valori di produzione raccolta in quanto necessari per il calcolo della resa. <br />La serie storica e di conseguenza l"'attendibilità dei dati diffusi negli anni precedenti non vengono compromessi perché, per le foraggere, i valori di produzione totale e raccolta coincidono.',V2300S,V2300S,,,,,,,,,,
A,Annuale,ITD3,Veneto,HP_Q_EXT,Produzione raccolta - quintali,MELOGREENHO,Popone o melone in serra,2025,181734,,,,,TIPO_DATO5__HP_Q_EXT_N1,'Per tutte le coltivazioni foraggere temporanee e permanenti, a partire dal 2020 i valori di produzione sono espressi in quintali;<br />Dal 2020 sono diffusi i valori di produzione raccolta in quanto necessari per il calcolo della resa. <br />La serie storica e di conseguenza l"'attendibilità dei dati diffusi negli anni precedenti non vengono compromessi perché, per le foraggere, i valori di produzione totale e raccolta coincidono.',V3510_I,V3510_I,,,,,,,,,,
A,Annuale,ITD3,Veneto,HP_Q_EXT,Produzione raccolta - quintali,COURINGRE,Zucchina in serra,2025,209015,,,,,TIPO_DATO5__HP_Q_EXT_N1,'Per tutte le coltivazioni foraggere temporanee e permanenti, a partire dal 2020 i valori di produzione sono espressi in quintali;<br />Dal 2020 sono diffusi i valori di produzione raccolta in quanto necessari per il calcolo della resa. <br />La serie storica e di conseguenza l"'attendibilità dei dati diffusi negli anni precedenti non vengono compromessi perché, per le foraggere, i valori di produzione totale e raccolta coincidono.',V3420_I,V3420_I,,,,,,,,,,
A,Annuale,ITD3,Veneto,HP_Q_EXT,Produzione raccolta - quintali,BEETREENHOU,Bietola da costa in serra,2025,13423,,,,,TIPO_DATO5__HP_Q_EXT_N1,'Per tutte le coltivazioni foraggere temporanee e permanenti, a partire dal 2020 i valori di produzione sono espressi in quintali;<br />Dal 2020 sono diffusi i valori di produzione raccolta in quanto necessari per il calcolo della resa. <br />La serie storica e di conseguenza l"'attendibilità dei dati diffusi negli anni precedenti non vengono compromessi perché, per le foraggere, i valori di produzione totale e raccolta coincidono.',V2900_II,V2900_II,,,,,,,,,,
A,Annuale,ITD3,Veneto,HP_Q_EXT,Produzione raccolta - quintali,WATENINGR,Cocomero in serra,2025,48580,,,,,TIPO_DATO5__HP_Q_EXT_N1,'Per tutte le coltivazioni foraggere temporanee e permanenti, a partire dal 2020 i valori di produzione sono espressi in quintali;<br />Dal 2020 sono diffusi i valori di produzione raccolta in quanto necessari per il calcolo della resa. <br />La serie storica e di conseguenza l"'attendibilità dei dati diffusi negli anni precedenti non vengono compromessi perché, per le foraggere, i valori di produzione totale e raccolta coincidono.',V3520_I,V3520_I,,,,,,,,,,
A,Annuale,ITD3,Veneto,HP_Q_EXT,Produzione raccolta - quintali,FENNGREENH,Finocchio in serra,2025,7714,,,,,TIPO_DATO5__HP_Q_EXT_N1,'Per tutte le coltivazioni foraggere temporanee e permanenti, a partire dal 2020 i valori di produzione sono espressi in quintali;<br />Dal 2020 sono diffusi i valori di produzione raccolta in quanto necessari per il calcolo della resa. <br />La serie storica e di conseguenza l"'attendibilità dei dati diffusi negli anni precedenti non vengono compromessi perché, per le foraggere, i valori di produzione totale e raccolta coincidono.',V4920_I,V4920_I,,,,,,,,,,
A,Annuale,ITD3,Veneto,HP_Q_EXT,Produzione raccolta - quintali,ENDIGREENH,Indivia in serra,2025,3725,,,,,TIPO_DATO5__HP_Q_EXT_N1,'Per tutte le coltivazioni foraggere temporanee e permanenti, a partire dal 2020 i valori di produzione sono espressi in quintali;<br />Dal 2020 sono diffusi i valori di produzione raccolta in quanto necessari per il calcolo della resa. <br />La serie storica e di conseguenza l"'attendibilità dei dati diffusi negli anni precedenti non vengono compromessi perché, per le foraggere, i valori di produzione totale e raccolta coincidono.',V2400_I,V2400_I,,,,,,,,,,
A,Annuale,ITD3,Veneto,HP_Q_EXT,Produzione raccolta - quintali,SPINNGREEN,Spinacio in serra,2025,20526,,,,,TIPO_DATO5__HP_Q_EXT_N1,'Per tutte le coltivazioni foraggere temporanee e permanenti, a partire dal 2020 i valori di produzione sono espressi in quintali;<br />Dal 2020 sono diffusi i valori di produzione raccolta in quanto necessari per il calcolo della resa. <br />La serie storica e di conseguenza l"'attendibilità dei dati diffusi negli anni precedenti non vengono compromessi perché, per le foraggere, i valori di produzione totale e raccolta coincidono.',V2500_I,V2500_I,,,,,,,,,,
A,Annuale,ITD3,Veneto,HP_Q_EXT,Produzione raccolta - quintali,OTHEETABLESGR,Altri ortaggi (in serra e non) nca,2025,46944,,,,,TIPO_DATO5__HP_Q_EXT_N1,'Per tutte le coltivazioni foraggere temporanee e permanenti, a partire dal 2020 i valori di produzione sono espressi in quintali;<br />Dal 2020 sono diffusi i valori di produzione raccolta in quanto necessari per il calcolo della resa. <br />La serie storica e di conseguenza l"'attendibilità dei dati diffusi negli anni precedenti non vengono compromessi perché, per le foraggere, i valori di produzione totale e raccolta coincidono.',V9000,V9000,,,,,,,,,,
A,Annuale,ITD3,Veneto,HP_Q_EXT,Produzione raccolta - quintali,TOMAGRENNH,Pomodoro in serra,2025,243450,,,,,TIPO_DATO5__HP_Q_EXT_N1,'Per tutte le coltivazioni foraggere temporanee e permanenti, a partire dal 2020 i valori di produzione sono espressi in quintali;<br />Dal 2020 sono diffusi i valori di produzione raccolta in quanto necessari per il calcolo della resa. <br />La serie storica e di conseguenza l"'attendibilità dei dati diffusi negli anni precedenti non vengono compromessi perché, per le foraggere, i valori di produzione totale e raccolta coincidono.',V3100S,V3100S,,,,,,,,,,
A,Annuale,ITD3,Veneto,HP_Q_EXT,Produzione raccolta - quintali,TOMAGRENNH_I,Pomodoro da consumo fresco in serra,2025,243450,,,,,TIPO_DATO5__HP_Q_EXT_N1,'Per tutte le coltivazioni foraggere temporanee e permanenti, a partire dal 2020 i valori di produzione sono espressi in quintali;<br />Dal 2020 sono diffusi i valori di produzione raccolta in quanto necessari per il calcolo della resa. <br />La serie storica e di conseguenza l"'attendibilità dei dati diffusi negli anni precedenti non vengono compromessi perché, per le foraggere, i valori di produzione totale e raccolta coincidono.',V3110_I,V3110_I,,,,,,,,,,
A,Annuale,ITD3,Veneto,HP_Q_EXT,Produzione raccolta - quintali,STRAIEINO,Fragola in piena aria,2025,7352,,,,,TIPO_DATO5__HP_Q_EXT_N1,'Per tutte le coltivazioni foraggere temporanee e permanenti, a partire dal 2020 i valori di produzione sono espressi in quintali;<br />Dal 2020 sono diffusi i valori di produzione raccolta in quanto necessari per il calcolo della resa. <br />La serie storica e di conseguenza l"'attendibilità dei dati diffusi negli anni precedenti non vengono compromessi perché, per le foraggere, i valori di produzione totale e raccolta coincidono.',S0000_II,S0000_II,,,,,,,,,,
A,Annuale,ITD3,Veneto,HP_Q_EXT,Produzione raccolta - quintali,STRAIEINO,Fragola in piena aria,2026,8319,,,,,TIPO_DATO5__HP_Q_EXT_N1,'Per tutte le coltivazioni foraggere temporanee e permanenti, a partire dal 2020 i valori di produzione sono espressi in quintali;<br />Dal 2020 sono diffusi i valori di produzione raccolta in quanto necessari per il calcolo della resa. <br />La serie storica e di conseguenza l"'attendibilità dei dati diffusi negli anni precedenti non vengono compromessi perché, per le foraggere, i valori di produzione totale e raccolta coincidono.',S0000_II,S0000_II,,,,,,,,,,
A,Annuale,ITD3,Veneto,HP_Q_EXT,Produzione raccolta - quintali,STRAIEING,Fragola in serra,2025,101820,,,,,TIPO_DATO5__HP_Q_EXT_N1,'Per tutte le coltivazioni foraggere temporanee e permanenti, a partire dal 2020 i valori di produzione sono espressi in quintali;<br />Dal 2020 sono diffusi i valori di produzione raccolta in quanto necessari per il calcolo della resa. <br />La serie storica e di conseguenza l"'attendibilità dei dati diffusi negli anni precedenti non vengono compromessi perché, per le foraggere, i valori di produzione totale e raccolta coincidono.',S0000S,S0000S,,,,,,,,,,
A,Annuale,ITD3,Veneto,HP_Q_EXT,Produzione raccolta - quintali,APPLE,Mela,2025,2573521,,,,,TIPO_DATO5__HP_Q_EXT_N1,'Per tutte le coltivazioni foraggere temporanee e permanenti, a partire dal 2020 i valori di produzione sono espressi in quintali;<br />Dal 2020 sono diffusi i valori di produzione raccolta in quanto necessari per il calcolo della resa. <br />La serie storica e di conseguenza l"'attendibilità dei dati diffusi negli anni precedenti non vengono compromessi perché, per le foraggere, i valori di produzione totale e raccolta coincidono.',F1110,F1110,,,,,,,,,,
A,Annuale,ITD3,Veneto,HP_Q_EXT,Produzione raccolta - quintali,APPLE,Mela,2026,3002724,,,,,TIPO_DATO5__HP_Q_EXT_N1,'Per tutte le coltivazioni foraggere temporanee e permanenti, a partire dal 2020 i valori di produzione sono espressi in quintali;<br />Dal 2020 sono diffusi i valori di produzione raccolta in quanto necessari per il calcolo della resa. <br />La serie storica e di conseguenza l"'attendibilità dei dati diffusi negli anni precedenti non vengono compromessi perché, per le foraggere, i valori di produzione totale e raccolta coincidono.',F1110,F1110,,,,,,,,,,
A,Annuale,ITD3,Veneto,HP_Q_EXT,Produzione raccolta - quintali,PLSFRFESHC,Mele per il consumo fresco,2025,2504654,,,,,TIPO_DATO5__HP_Q_EXT_N1,'Per tutte le coltivazioni foraggere temporanee e permanenti, a partire dal 2020 i valori di produzione sono espressi in quintali;<br />Dal 2020 sono diffusi i valori di produzione raccolta in quanto necessari per il calcolo della resa. <br />La serie storica e di conseguenza l"'attendibilità dei dati diffusi negli anni precedenti non vengono compromessi perché, per le foraggere, i valori di produzione totale e raccolta coincidono.',F1111,F1111,,,,,,,,,,
A,Annuale,ITD3,Veneto,HP_Q_EXT,Produzione raccolta - quintali,PLSFRFESHC,Mele per il consumo fresco,2026,2917120,,,,,TIPO_DATO5__HP_Q_EXT_N1,'Per tutte le coltivazioni foraggere temporanee e permanenti, a partire dal 2020 i valori di produzione sono espressi in quintali;<br />Dal 2020 sono diffusi i valori di produzione raccolta in quanto necessari per il calcolo della resa. <br />La serie storica e di conseguenza l"'attendibilità dei dati diffusi negli anni precedenti non vengono compromessi perché, per le foraggere, i valori di produzione totale e raccolta coincidono.',F1111,F1111,,,,,,,,,,
A,Annuale,ITD3,Veneto,HP_Q_EXT,Produzione raccolta - quintali,PLSDSIEDFO,Mele destinate alla trasformazione,2025,68867,,,,,TIPO_DATO5__HP_Q_EXT_N1,'Per tutte le coltivazioni foraggere temporanee e permanenti, a partire dal 2020 i valori di produzione sono espressi in quintali;<br />Dal 2020 sono diffusi i valori di produzione raccolta in quanto necessari per il calcolo della resa. <br />La serie storica e di conseguenza l"'attendibilità dei dati diffusi negli anni precedenti non vengono compromessi perché, per le foraggere, i valori di produzione totale e raccolta coincidono.',F1112,F1112,,,,,,,,,,
A,Annuale,ITD3,Veneto,HP_Q_EXT,Produzione raccolta - quintali,PLSDSIEDFO,Mele destinate alla trasformazione,2026,85604,,,,,TIPO_DATO5__HP_Q_EXT_N1,'Per tutte le coltivazioni foraggere temporanee e permanenti, a partire dal 2020 i valori di produzione sono espressi in quintali;<br />Dal 2020 sono diffusi i valori di produzione raccolta in quanto necessari per il calcolo della resa. <br />La serie storica e di conseguenza l"'attendibilità dei dati diffusi negli anni precedenti non vengono compromessi perché, per le foraggere, i valori di produzione totale e raccolta coincidono.',F1112,F1112,,,,,,,,,,
A,Annuale,ITD3,Veneto,HP_Q_EXT,Produzione raccolta - quintali,QUIN,Cotogno,2025,420,,,,,TIPO_DATO5__HP_Q_EXT_N1,'Per tutte le coltivazioni foraggere temporanee e permanenti, a partire dal 2020 i valori di produzione sono espressi in quintali;<br />Dal 2020 sono diffusi i valori di produzione raccolta in quanto necessari per il calcolo della resa. <br />La serie storica e di conseguenza l"'attendibilità dei dati diffusi negli anni precedenti non vengono compromessi perché, per le foraggere, i valori di produzione totale e raccolta coincidono.',F1190_I,F1190_I,,,,,,,,,,
A,Annuale,ITD3,Veneto,HP_Q_EXT,Produzione raccolta - quintali,PEAR,Pera,2025,250074,,,,,TIPO_DATO5__HP_Q_EXT_N1,'Per tutte le coltivazioni foraggere temporanee e permanenti, a partire dal 2020 i valori di produzione sono espressi in quintali;<br />Dal 2020 sono diffusi i valori di produzione raccolta in quanto necessari per il calcolo della resa. <br />La serie storica e di conseguenza l"'attendibilità dei dati diffusi negli anni precedenti non vengono compromessi perché, per le foraggere, i valori di produzione totale e raccolta coincidono.',F1120,F1120,,,,,,,,,,
A,Annuale,ITD3,Veneto,HP_Q_EXT,Produzione raccolta - quintali,PEAR,Pera,2026,325386,,,,,TIPO_DATO5__HP_Q_EXT_N1,'Per tutte le coltivazioni foraggere temporanee e permanenti, a partire dal 2020 i valori di produzione sono espressi in quintali;<br />Dal 2020 sono diffusi i valori di produzione raccolta in quanto necessari per il calcolo della resa. <br />La serie storica e di conseguenza l"'attendibilità dei dati diffusi negli anni precedenti non vengono compromessi perché, per le foraggere, i valori di produzione totale e raccolta coincidono.',F1120,F1120,,,,,,,,,,
A,Annuale,ITD3,Veneto,HP_Q_EXT,Produzione raccolta - quintali,ERORSHCO,Pere per il consumo fresco,2025,236616,,,,,TIPO_DATO5__HP_Q_EXT_N1,'Per tutte le coltivazioni foraggere temporanee e permanenti, a partire dal 2020 i valori di produzione sono espressi in quintali;<br />Dal 2020 sono diffusi i valori di produzione raccolta in quanto necessari per il calcolo della resa. <br />La serie storica e di conseguenza l"'attendibilità dei dati diffusi negli anni precedenti non vengono compromessi perché, per le foraggere, i valori di produzione totale e raccolta coincidono.',F1121,F1121,,,,,,,,,,
A,Annuale,ITD3,Veneto,HP_Q_EXT,Produzione raccolta - quintali,ERORSHCO,Pere per il consumo fresco,2026,300676,,,,,TIPO_DATO5__HP_Q_EXT_N1,'Per tutte le coltivazioni foraggere temporanee e permanenti, a partire dal 2020 i valori di produzione sono espressi in quintali;<br />Dal 2020 sono diffusi i valori di produzione raccolta in quanto necessari per il calcolo della resa. <br />La serie storica e di conseguenza l"'attendibilità dei dati diffusi negli anni precedenti non vengono compromessi perché, per le foraggere, i valori di produzione totale e raccolta coincidono.',F1121,F1121,,,,,,,,,,
A,Annuale,ITD3,Veneto,HP_Q_EXT,Produzione raccolta - quintali,ERETNDFOR,Pere destinate alla trasformazione,2025,13458,,,,,TIPO_DATO5__HP_Q_EXT_N1,'Per tutte le coltivazioni foraggere temporanee e permanenti, a partire dal 2020 i valori di produzione sono espressi in quintali;<br />Dal 2020 sono diffusi i valori di produzione raccolta in quanto necessari per il calcolo della resa. <br />La serie storica e di conseguenza l"'attendibilità dei dati diffusi negli anni precedenti non vengono compromessi perché, per le foraggere, i valori di produzione totale e raccolta coincidono.',F1122,F1122,,,,,,,,,,
A,Annuale,ITD3,Veneto,HP_Q_EXT,Produzione raccolta - quintali,ERETNDFOR,Pere destinate alla trasformazione,2026,24710,,,,,TIPO_DATO5__HP_Q_EXT_N1,'Per tutte le coltivazioni foraggere temporanee e permanenti, a partire dal 2020 i valori di produzione sono espressi in quintali;<br />Dal 2020 sono diffusi i valori di produzione raccolta in quanto necessari per il calcolo della resa. <br />La serie storica e di conseguenza l"'attendibilità dei dati diffusi negli anni precedenti non vengono compromessi perché, per le foraggere, i valori di produzione totale e raccolta coincidono.',F1122,F1122,,,,,,,,,,
A,Annuale,ITD3,Veneto,HP_Q_EXT,Produzione raccolta - quintali,PEACH,Pesca,2025,121001,,,,,TIPO_DATO5__HP_Q_EXT_N1,'Per tutte le coltivazioni foraggere temporanee e permanenti, a partire dal 2020 i valori di produzione sono espressi in quintali;<br />Dal 2020 sono diffusi i valori di produzione raccolta in quanto necessari per il calcolo della resa. <br />La serie storica e di conseguenza l"'attendibilità dei dati diffusi negli anni precedenti non vengono compromessi perché, per le foraggere, i valori di produzione totale e raccolta coincidono.',F1210,F1210,,,,,,,,,,
A,Annuale,ITD3,Veneto,HP_Q_EXT,Produzione raccolta - quintali,PEACH,Pesca,2026,161007,,,,,TIPO_DATO5__HP_Q_EXT_N1,'Per tutte le coltivazioni foraggere temporanee e permanenti, a partire dal 2020 i valori di produzione sono espressi in quintali;<br />Dal 2020 sono diffusi i valori di produzione raccolta in quanto necessari per il calcolo della resa. <br />La serie storica e di conseguenza l"'attendibilità dei dati diffusi negli anni precedenti non vengono compromessi perché, per le foraggere, i valori di produzione totale e raccolta coincidono.',F1210,F1210,,,,,,,,,,
A,Annuale,ITD3,Veneto,HP_Q_EXT,Produzione raccolta - quintali,ECENEDEDF,Pesche destinate a consumo,2025,109466,,,,,TIPO_DATO5__HP_Q_EXT_N1,'Per tutte le coltivazioni foraggere temporanee e permanenti, a partire dal 2020 i valori di produzione sono espressi in quintali;<br />Dal 2020 sono diffusi i valori di produzione raccolta in quanto necessari per il calcolo della resa. <br />La serie storica e di conseguenza l"'attendibilità dei dati diffusi negli anni precedenti non vengono compromessi perché, per le foraggere, i valori di produzione totale e raccolta coincidono.',F1211,F1211,,,,,,,,,,
A,Annuale,ITD3,Veneto,HP_Q_EXT,Produzione raccolta - quintali,ECENEDEDF,Pesche destinate a consumo,2026,145435,,,,,TIPO_DATO5__HP_Q_EXT_N1,'Per tutte le coltivazioni foraggere temporanee e permanenti, a partire dal 2020 i valori di produzione sono espressi in quintali;<br />Dal 2020 sono diffusi i valori di produzione raccolta in quanto necessari per il calcolo della resa. <br />La serie storica e di conseguenza l"'attendibilità dei dati diffusi negli anni precedenti non vengono compromessi perché, per le foraggere, i valori di produzione totale e raccolta coincidono.',F1211,F1211,,,,,,,,,,
A,Annuale,ITD3,Veneto,HP_Q_EXT,Produzione raccolta - quintali,ECENEDEDFTR,Pesche destinate alla trasformazione,2025,11535,,,,,TIPO_DATO5__HP_Q_EXT_N1,'Per tutte le coltivazioni foraggere temporanee e permanenti, a partire dal 2020 i valori di produzione sono espressi in quintali;<br />Dal 2020 sono diffusi i valori di produzione raccolta in quanto necessari per il calcolo della resa. <br />La serie storica e di conseguenza l"'attendibilità dei dati diffusi negli anni precedenti non vengono compromessi perché, per le foraggere, i valori di produzione totale e raccolta coincidono.',F1212,F1212,,,,,,,,,,
A,Annuale,ITD3,Veneto,HP_Q_EXT,Produzione raccolta - quintali,ECENEDEDFTR,Pesche destinate alla trasformazione,2026,15572,,,,,TIPO_DATO5__HP_Q_EXT_N1,'Per tutte le coltivazioni foraggere temporanee e permanenti, a partire dal 2020 i valori di produzione sono espressi in quintali;<br />Dal 2020 sono diffusi i valori di produzione raccolta in quanto necessari per il calcolo della resa. <br />La serie storica e di conseguenza l"'attendibilità dei dati diffusi negli anni precedenti non vengono compromessi perché, per le foraggere, i valori di produzione totale e raccolta coincidono.',F1212,F1212,,,,,,,,,,
A,Annuale,ITD3,Veneto,HP_Q_EXT,Produzione raccolta - quintali,NECTA,Nettarina (pesca noce),2025,116460,,,,,TIPO_DATO5__HP_Q_EXT_N1,'Per tutte le coltivazioni foraggere temporanee e permanenti, a partire dal 2020 i valori di produzione sono espressi in quintali;<br />Dal 2020 sono diffusi i valori di produzione raccolta in quanto necessari per il calcolo della resa. <br />La serie storica e di conseguenza l"'attendibilità dei dati diffusi negli anni precedenti non vengono compromessi perché, per le foraggere, i valori di produzione totale e raccolta coincidono.',F1220,F1220,,,,,,,,,,
A,Annuale,ITD3,Veneto,HP_Q_EXT,Produzione raccolta - quintali,NECTA,Nettarina (pesca noce),2026,150977,,,,,TIPO_DATO5__HP_Q_EXT_N1,'Per tutte le coltivazioni foraggere temporanee e permanenti, a partire dal 2020 i valori di produzione sono espressi in quintali;<br />Dal 2020 sono diffusi i valori di produzione raccolta in quanto necessari per il calcolo della resa. <br />La serie storica e di conseguenza l"'attendibilità dei dati diffusi negli anni precedenti non vengono compromessi perché, per le foraggere, i valori di produzione totale e raccolta coincidono.',F1220,F1220,,,,,,,,,,
A,Annuale,ITD3,Veneto,HP_Q_EXT,Produzione raccolta - quintali,ETRNSITENDE,Nettarine destinate a consumo,2025,116460,,,,,TIPO_DATO5__HP_Q_EXT_N1,'Per tutte le coltivazioni foraggere temporanee e permanenti, a partire dal 2020 i valori di produzione sono espressi in quintali;<br />Dal 2020 sono diffusi i valori di produzione raccolta in quanto necessari per il calcolo della resa. <br />La serie storica e di conseguenza l"'attendibilità dei dati diffusi negli anni precedenti non vengono compromessi perché, per le foraggere, i valori di produzione totale e raccolta coincidono.',F1221,F1221,,,,,,,,,,
A,Annuale,ITD3,Veneto,HP_Q_EXT,Produzione raccolta - quintali,ETRNSITENDE,Nettarine destinate a consumo,2026,150977,,,,,TIPO_DATO5__HP_Q_EXT_N1,'Per tutte le coltivazioni foraggere temporanee e permanenti, a partire dal 2020 i valori di produzione sono espressi in quintali;<br />Dal 2020 sono diffusi i valori di produzione raccolta in quanto necessari per il calcolo della resa. <br />La serie storica e di conseguenza l"'attendibilità dei dati diffusi negli anni precedenti non vengono compromessi perché, per le foraggere, i valori di produzione totale e raccolta coincidono.',F1221,F1221,,,,,,,,,,
A,Annuale,ITD3,Veneto,HP_Q_EXT,Produzione raccolta - quintali,APRIC,Albicocca,2025,21029,,,,,TIPO_DATO5__HP_Q_EXT_N1,'Per tutte le coltivazioni foraggere temporanee e permanenti, a partire dal 2020 i valori di produzione sono espressi in quintali;<br />Dal 2020 sono diffusi i valori di produzione raccolta in quanto necessari per il calcolo della resa. <br />La serie storica e di conseguenza l"'attendibilità dei dati diffusi negli anni precedenti non vengono compromessi perché, per le foraggere, i valori di produzione totale e raccolta coincidono.',F1230,F1230,,,,,,,,,,
A,Annuale,ITD3,Veneto,HP_Q_EXT,Produzione raccolta - quintali,APRIC,Albicocca,2026,40740,,,,,TIPO_DATO5__HP_Q_EXT_N1,'Per tutte le coltivazioni foraggere temporanee e permanenti, a partire dal 2020 i valori di produzione sono espressi in quintali;<br />Dal 2020 sono diffusi i valori di produzione raccolta in quanto necessari per il calcolo della resa. <br />La serie storica e di conseguenza l"'attendibilità dei dati diffusi negli anni precedenti non vengono compromessi perché, per le foraggere, i valori di produzione totale e raccolta coincidono.',F1230,F1230,,,,,,,,,,
A,Annuale,ITD3,Veneto,HP_Q_EXT,Produzione raccolta - quintali,CHERR,Ciliegia in complesso,2025,36381,,,,,TIPO_DATO5__HP_Q_EXT_N1,'Per tutte le coltivazioni foraggere temporanee e permanenti, a partire dal 2020 i valori di produzione sono espressi in quintali;<br />Dal 2020 sono diffusi i valori di produzione raccolta in quanto necessari per il calcolo della resa. <br />La serie storica e di conseguenza l"'attendibilità dei dati diffusi negli anni precedenti non vengono compromessi perché, per le foraggere, i valori di produzione totale e raccolta coincidono.',F1240,F1240,,,,,,,,,,
A,Annuale,ITD3,Veneto,HP_Q_EXT,Produzione raccolta - quintali,ORCERE,Amarene,2025,1086,,,,,TIPO_DATO5__HP_Q_EXT_N1,'Per tutte le coltivazioni foraggere temporanee e permanenti, a partire dal 2020 i valori di produzione sono espressi in quintali;<br />Dal 2020 sono diffusi i valori di produzione raccolta in quanto necessari per il calcolo della resa. <br />La serie storica e di conseguenza l"'attendibilità dei dati diffusi negli anni precedenti non vengono compromessi perché, per le foraggere, i valori di produzione totale e raccolta coincidono.',F1241,F1241,,,,,,,,,,
A,Annuale,ITD3,Veneto,HP_Q_EXT,Produzione raccolta - quintali,ORCERE,Amarene,2026,1395,,,,,TIPO_DATO5__HP_Q_EXT_N1,'Per tutte le coltivazioni foraggere temporanee e permanenti, a partire dal 2020 i valori di produzione sono espressi in quintali;<br />Dal 2020 sono diffusi i valori di produzione raccolta in quanto necessari per il calcolo della resa. <br />La serie storica e di conseguenza l"'attendibilità dei dati diffusi negli anni precedenti non vengono compromessi perché, per le foraggere, i valori di produzione totale e raccolta coincidono.',F1241,F1241,,,,,,,,,,
A,Annuale,ITD3,Veneto,HP_Q_EXT,Produzione raccolta - quintali,SWCHERRIES,Ciliegie dolci,2025,35295,,,,,TIPO_DATO5__HP_Q_EXT_N1,'Per tutte le coltivazioni foraggere temporanee e permanenti, a partire dal 2020 i valori di produzione sono espressi in quintali;<br />Dal 2020 sono diffusi i valori di produzione raccolta in quanto necessari per il calcolo della resa. <br />La serie storica e di conseguenza l"'attendibilità dei dati diffusi negli anni precedenti non vengono compromessi perché, per le foraggere, i valori di produzione totale e raccolta coincidono.',F1242,F1242,,,,,,,,,,
A,Annuale,ITD3,Veneto,HP_Q_EXT,Produzione raccolta - quintali,SWCHERRIES,Ciliegie dolci,2026,102031,,,,,TIPO_DATO5__HP_Q_EXT_N1,'Per tutte le coltivazioni foraggere temporanee e permanenti, a partire dal 2020 i valori di produzione sono espressi in quintali;<br />Dal 2020 sono diffusi i valori di produzione raccolta in quanto necessari per il calcolo della resa. <br />La serie storica e di conseguenza l"'attendibilità dei dati diffusi negli anni precedenti non vengono compromessi perché, per le foraggere, i valori di produzione totale e raccolta coincidono.',F1242,F1242,,,,,,,,,,
A,Annuale,ITD3,Veneto,HP_Q_EXT,Produzione raccolta - quintali,PLUM,Susina/prugna,2025,92448,,,,,TIPO_DATO5__HP_Q_EXT_N1,'Per tutte le coltivazioni foraggere temporanee e permanenti, a partire dal 2020 i valori di produzione sono espressi in quintali;<br />Dal 2020 sono diffusi i valori di produzione raccolta in quanto necessari per il calcolo della resa. <br />La serie storica e di conseguenza l"'attendibilità dei dati diffusi negli anni precedenti non vengono compromessi perché, per le foraggere, i valori di produzione totale e raccolta coincidono.',F1250,F1250,,,,,,,,,,
A,Annuale,ITD3,Veneto,HP_Q_EXT,Produzione raccolta - quintali,PLUM,Susina/prugna,2026,106057,,,,,TIPO_DATO5__HP_Q_EXT_N1,'Per tutte le coltivazioni foraggere temporanee e permanenti, a partire dal 2020 i valori di produzione sono espressi in quintali;<br />Dal 2020 sono diffusi i valori di produzione raccolta in quanto necessari per il calcolo della resa. <br />La serie storica e di conseguenza l"'attendibilità dei dati diffusi negli anni precedenti non vengono compromessi perché, per le foraggere, i valori di produzione totale e raccolta coincidono.',F1250,F1250,,,,,,,,,,
A,Annuale,ITD3,Veneto,HP_Q_EXT,Produzione raccolta - quintali,MEDLAR,Nespola comune,2025,143,,,,,TIPO_DATO5__HP_Q_EXT_N1,'Per tutte le coltivazioni foraggere temporanee e permanenti, a partire dal 2020 i valori di produzione sono espressi in quintali;<br />Dal 2020 sono diffusi i valori di produzione raccolta in quanto necessari per il calcolo della resa. <br />La serie storica e di conseguenza l"'attendibilità dei dati diffusi negli anni precedenti non vengono compromessi perché, per le foraggere, i valori di produzione totale e raccolta coincidono.',F1190_II,F1190_II,,,,,,,,,,
A,Annuale,ITD3,Veneto,HP_Q_EXT,Produzione raccolta - quintali,FIG,Fico,2025,1817,,,,,TIPO_DATO5__HP_Q_EXT_N1,'Per tutte le coltivazioni foraggere temporanee e permanenti, a partire dal 2020 i valori di produzione sono espressi in quintali;<br />Dal 2020 sono diffusi i valori di produzione raccolta in quanto necessari per il calcolo della resa. <br />La serie storica e di conseguenza l"'attendibilità dei dati diffusi negli anni precedenti non vengono compromessi perché, per le foraggere, i valori di produzione totale e raccolta coincidono.',F2100,F2100,,,,,,,,,,
A,Annuale,ITD3,Veneto,HP_Q_EXT,Produzione raccolta - quintali,KIWI,Kiwi,2025,481451,,,,,TIPO_DATO5__HP_Q_EXT_N1,'Per tutte le coltivazioni foraggere temporanee e permanenti, a partire dal 2020 i valori di produzione sono espressi in quintali;<br />Dal 2020 sono diffusi i valori di produzione raccolta in quanto necessari per il calcolo della resa. <br />La serie storica e di conseguenza l"'attendibilità dei dati diffusi negli anni precedenti non vengono compromessi perché, per le foraggere, i valori di produzione totale e raccolta coincidono.',F2200,F2200,,,,,,,,,,
A,Annuale,ITD3,Veneto,HP_Q_EXT,Produzione raccolta - quintali,KIWI,Kiwi,2026,504346,,,,,TIPO_DATO5__HP_Q_EXT_N1,'Per tutte le coltivazioni foraggere temporanee e permanenti, a partire dal 2020 i valori di produzione sono espressi in quintali;<br />Dal 2020 sono diffusi i valori di produzione raccolta in quanto necessari per il calcolo della resa. <br />La serie storica e di conseguenza l"'attendibilità dei dati diffusi negli anni precedenti non vengono compromessi perché, per le foraggere, i valori di produzione totale e raccolta coincidono.',F2200,F2200,,,,,,,,,,
A,Annuale,ITD3,Veneto,HP_Q_EXT,Produzione raccolta - quintali,LOTU,Loti o kaki,2025,31995,,,,,TIPO_DATO5__HP_Q_EXT_N1,'Per tutte le coltivazioni foraggere temporanee e permanenti, a partire dal 2020 i valori di produzione sono espressi in quintali;<br />Dal 2020 sono diffusi i valori di produzione raccolta in quanto necessari per il calcolo della resa. <br />La serie storica e di conseguenza l"'attendibilità dei dati diffusi negli anni precedenti non vengono compromessi perché, per le foraggere, i valori di produzione totale e raccolta coincidono.',F2900_I,F2900_I,,,,,,,,,,
A,Annuale,ITD3,Veneto,HP_Q_EXT,Produzione raccolta - quintali,POMETES,Melograno,2025,29452,,,,,TIPO_DATO5__HP_Q_EXT_N1,'Per tutte le coltivazioni foraggere temporanee e permanenti, a partire dal 2020 i valori di produzione sono espressi in quintali;<br />Dal 2020 sono diffusi i valori di produzione raccolta in quanto necessari per il calcolo della resa. <br />La serie storica e di conseguenza l"'attendibilità dei dati diffusi negli anni precedenti non vengono compromessi perché, per le foraggere, i valori di produzione totale e raccolta coincidono.',F2900_II,F2900_II,,,,,,,,,,
A,Annuale,ITD3,Veneto,HP_Q_EXT,Produzione raccolta - quintali,REDCURRA,Ribes rosso,2025,542,,,,,TIPO_DATO5__HP_Q_EXT_N1,'Per tutte le coltivazioni foraggere temporanee e permanenti, a partire dal 2020 i valori di produzione sono espressi in quintali;<br />Dal 2020 sono diffusi i valori di produzione raccolta in quanto necessari per il calcolo della resa. <br />La serie storica e di conseguenza l"'attendibilità dei dati diffusi negli anni precedenti non vengono compromessi perché, per le foraggere, i valori di produzione totale e raccolta coincidono.',F3120,F3120,,,,,,,,,,
A,Annuale,ITD3,Veneto,HP_Q_EXT,Produzione raccolta - quintali,BLACKCURRA,Ribes nero,2025,430,,,,,TIPO_DATO5__HP_Q_EXT_N1,'Per tutte le coltivazioni foraggere temporanee e permanenti, a partire dal 2020 i valori di produzione sono espressi in quintali;<br />Dal 2020 sono diffusi i valori di produzione raccolta in quanto necessari per il calcolo della resa. <br />La serie storica e di conseguenza l"'attendibilità dei dati diffusi negli anni precedenti non vengono compromessi perché, per le foraggere, i valori di produzione totale e raccolta coincidono.',F3110,F3110,,,,,,,,,,
A,Annuale,ITD3,Veneto,HP_Q_EXT,Produzione raccolta - quintali,ROUSPBERRI,Lampone,2025,9181,,,,,TIPO_DATO5__HP_Q_EXT_N1,'Per tutte le coltivazioni foraggere temporanee e permanenti, a partire dal 2020 i valori di produzione sono espressi in quintali;<br />Dal 2020 sono diffusi i valori di produzione raccolta in quanto necessari per il calcolo della resa. <br />La serie storica e di conseguenza l"'attendibilità dei dati diffusi negli anni precedenti non vengono compromessi perché, per le foraggere, i valori di produzione totale e raccolta coincidono.',F3200,F3200,,,,,,,,,,
A,Annuale,ITD3,Veneto,HP_Q_EXT,Produzione raccolta - quintali,BUBRY,Mirtillo,2025,27882,,,,,TIPO_DATO5__HP_Q_EXT_N1,'Per tutte le coltivazioni foraggere temporanee e permanenti, a partire dal 2020 i valori di produzione sono espressi in quintali;<br />Dal 2020 sono diffusi i valori di produzione raccolta in quanto necessari per il calcolo della resa. <br />La serie storica e di conseguenza l"'attendibilità dei dati diffusi negli anni precedenti non vengono compromessi perché, per le foraggere, i valori di produzione totale e raccolta coincidono.',F3300,F3300,,,,,,,,,,
A,Annuale,ITD3,Veneto,HP_Q_EXT,Produzione raccolta - quintali,CRAT,Ribes,2025,972,,,,,TIPO_DATO5__HP_Q_EXT_N1,'Per tutte le coltivazioni foraggere temporanee e permanenti, a partire dal 2020 i valori di produzione sono espressi in quintali;<br />Dal 2020 sono diffusi i valori di produzione raccolta in quanto necessari per il calcolo della resa. <br />La serie storica e di conseguenza l"'attendibilità dei dati diffusi negli anni precedenti non vengono compromessi perché, per le foraggere, i valori di produzione totale e raccolta coincidono.',F3100,F3100,,,,,,,,,,
A,Annuale,ITD3,Veneto,HP_Q_EXT,Produzione raccolta - quintali,OTHETFRUITNOR,Altre bacche diverse da sorbo,2025,6130,,,,,TIPO_DATO5__HP_Q_EXT_N1,'Per tutte le coltivazioni foraggere temporanee e permanenti, a partire dal 2020 i valori di produzione sono espressi in quintali;<br />Dal 2020 sono diffusi i valori di produzione raccolta in quanto necessari per il calcolo della resa. <br />La serie storica e di conseguenza l"'attendibilità dei dati diffusi negli anni precedenti non vengono compromessi perché, per le foraggere, i valori di produzione totale e raccolta coincidono.',F3900_II,F3900_II,,,,,,,,,,
A,Annuale,ITD3,Veneto,HP_Q_EXT,Produzione raccolta - quintali,ALMO,Mandorla,2025,104,,,,,TIPO_DATO5__HP_Q_EXT_N1,'Per tutte le coltivazioni foraggere temporanee e permanenti, a partire dal 2020 i valori di produzione sono espressi in quintali;<br />Dal 2020 sono diffusi i valori di produzione raccolta in quanto necessari per il calcolo della resa. <br />La serie storica e di conseguenza l"'attendibilità dei dati diffusi negli anni precedenti non vengono compromessi perché, per le foraggere, i valori di produzione totale e raccolta coincidono.',F4300,F4300,,,,,,,,,,
A,Annuale,ITD3,Veneto,HP_Q_EXT,Produzione raccolta - quintali,ALMO,Mandorla,2026,104,,,,,TIPO_DATO5__HP_Q_EXT_N1,'Per tutte le coltivazioni foraggere temporanee e permanenti, a partire dal 2020 i valori di produzione sono espressi in quintali;<br />Dal 2020 sono diffusi i valori di produzione raccolta in quanto necessari per il calcolo della resa. <br />La serie storica e di conseguenza l"'attendibilità dei dati diffusi negli anni precedenti non vengono compromessi perché, per le foraggere, i valori di produzione totale e raccolta coincidono.',F4300,F4300,,,,,,,,,,
A,Annuale,ITD3,Veneto,HP_Q_EXT,Produzione raccolta - quintali,HAZEL,Nocciola,2025,6085,,,,,TIPO_DATO5__HP_Q_EXT_N1,'Per tutte le coltivazioni foraggere temporanee e permanenti, a partire dal 2020 i valori di produzione sono espressi in quintali;<br />Dal 2020 sono diffusi i valori di produzione raccolta in quanto necessari per il calcolo della resa. <br />La serie storica e di conseguenza l"'attendibilità dei dati diffusi negli anni precedenti non vengono compromessi perché, per le foraggere, i valori di produzione totale e raccolta coincidono.',F4200,F4200,,,,,,,,,,
A,Annuale,ITD3,Veneto,HP_Q_EXT,Produzione raccolta - quintali,HAZEL,Nocciola,2026,10490,,,,,TIPO_DATO5__HP_Q_EXT_N1,'Per tutte le coltivazioni foraggere temporanee e permanenti, a partire dal 2020 i valori di produzione sono espressi in quintali;<br />Dal 2020 sono diffusi i valori di produzione raccolta in quanto necessari per il calcolo della resa. <br />La serie storica e di conseguenza l"'attendibilità dei dati diffusi negli anni precedenti non vengono compromessi perché, per le foraggere, i valori di produzione totale e raccolta coincidono.',F4200,F4200,,,,,,,,,,
A,Annuale,ITD3,Veneto,HP_Q_EXT,Produzione raccolta - quintali,CHEST,Castagne e marroni,2025,2515,,,,,TIPO_DATO5__HP_Q_EXT_N1,'Per tutte le coltivazioni foraggere temporanee e permanenti, a partire dal 2020 i valori di produzione sono espressi in quintali;<br />Dal 2020 sono diffusi i valori di produzione raccolta in quanto necessari per il calcolo della resa. <br />La serie storica e di conseguenza l"'attendibilità dei dati diffusi negli anni precedenti non vengono compromessi perché, per le foraggere, i valori di produzione totale e raccolta coincidono.',F4400,F4400,,,,,,,,,,
A,Annuale,ITD3,Veneto,HP_Q_EXT,Produzione raccolta - quintali,WALNU,Noci,2025,37497,,,,,TIPO_DATO5__HP_Q_EXT_N1,'Per tutte le coltivazioni foraggere temporanee e permanenti, a partire dal 2020 i valori di produzione sono espressi in quintali;<br />Dal 2020 sono diffusi i valori di produzione raccolta in quanto necessari per il calcolo della resa. <br />La serie storica e di conseguenza l"'attendibilità dei dati diffusi negli anni precedenti non vengono compromessi perché, per le foraggere, i valori di produzione totale e raccolta coincidono.',F4100,F4100,,,,,,,,,,
A,Annuale,ITD3,Veneto,HP_Q_EXT,Produzione raccolta - quintali,OTHNUTSOPI,Altra frutta a guscio diversa dal pistacchio,2025,324,,,,,TIPO_DATO5__HP_Q_EXT_N1,'Per tutte le coltivazioni foraggere temporanee e permanenti, a partire dal 2020 i valori di produzione sono espressi in quintali;<br />Dal 2020 sono diffusi i valori di produzione raccolta in quanto necessari per il calcolo della resa. <br />La serie storica e di conseguenza l"'attendibilità dei dati diffusi negli anni precedenti non vengono compromessi perché, per le foraggere, i valori di produzione totale e raccolta coincidono.',F4910_I,F4910_I,,,,,,,,,,
A,Annuale,ITD3,Veneto,HP_Q_EXT,Produzione raccolta - quintali,PGRAPM,Foraggere permanenti - prati permanenti e pascoli,2025,4378696,,,,,TIPO_DATO5__HP_Q_EXT_N1,'Per tutte le coltivazioni foraggere temporanee e permanenti, a partire dal 2020 i valori di produzione sono espressi in quintali;<br />Dal 2020 sono diffusi i valori di produzione raccolta in quanto necessari per il calcolo della resa. <br />La serie storica e di conseguenza l"'attendibilità dei dati diffusi negli anni precedenti non vengono compromessi perché, per le foraggere, i valori di produzione totale e raccolta coincidono.',J0000,J0000,,,,,,,,,,
A,Annuale,ITD3,Veneto,HP_Q_EXT,Produzione raccolta - quintali,POORINGS,Pascoli poveri,2025,253584,,,,,TIPO_DATO5__HP_Q_EXT_N1,'Per tutte le coltivazioni foraggere temporanee e permanenti, a partire dal 2020 i valori di produzione sono espressi in quintali;<br />Dal 2020 sono diffusi i valori di produzione raccolta in quanto necessari per il calcolo della resa. <br />La serie storica e di conseguenza l"'attendibilità dei dati diffusi negli anni precedenti non vengono compromessi perché, per le foraggere, i valori di produzione totale e raccolta coincidono.',J2200,J2200,,,,,,,,,,
A,Annuale,ITD3,Veneto,HP_Q_EXT,Produzione raccolta - quintali,OTHEZINGS,Altri pascoli,2025,489395,,,,,TIPO_DATO5__HP_Q_EXT_N1,'Per tutte le coltivazioni foraggere temporanee e permanenti, a partire dal 2020 i valori di produzione sono espressi in quintali;<br />Dal 2020 sono diffusi i valori di produzione raccolta in quanto necessari per il calcolo della resa. <br />La serie storica e di conseguenza l"'attendibilità dei dati diffusi negli anni precedenti non vengono compromessi perché, per le foraggere, i valori di produzione totale e raccolta coincidono.',J2100,J2100,,,,,,,,,,
A,Annuale,ITD3,Veneto,HP_Q_EXT,Produzione raccolta - quintali,PERMGRASSE,Prati permanenti,2025,3635717,,,,,TIPO_DATO5__HP_Q_EXT_N1,'Per tutte le coltivazioni foraggere temporanee e permanenti, a partire dal 2020 i valori di produzione sono espressi in quintali;<br />Dal 2020 sono diffusi i valori di produzione raccolta in quanto necessari per il calcolo della resa. <br />La serie storica e di conseguenza l"'attendibilità dei dati diffusi negli anni precedenti non vengono compromessi perché, per le foraggere, i valori di produzione totale e raccolta coincidono.',J1000,J1000,,,,,,,,,,
A,Annuale,ITD3,Veneto,HP_Q_EXT,Produzione raccolta - quintali,WINEES,Uva da vino,2025,14662869,,,,,TIPO_DATO5__HP_Q_EXT_N1,'Per tutte le coltivazioni foraggere temporanee e permanenti, a partire dal 2020 i valori di produzione sono espressi in quintali;<br />Dal 2020 sono diffusi i valori di produzione raccolta in quanto necessari per il calcolo della resa. <br />La serie storica e di conseguenza l"'attendibilità dei dati diffusi negli anni precedenti non vengono compromessi perché, per le foraggere, i valori di produzione totale e raccolta coincidono.',W1100,W1100,,,,,,,,,,
A,Annuale,ITD3,Veneto,HP_Q_EXT,Produzione raccolta - quintali,WINEES,Uva da vino,2026,14662869,,,,,TIPO_DATO5__HP_Q_EXT_N1,'Per tutte le coltivazioni foraggere temporanee e permanenti, a partire dal 2020 i valori di produzione sono espressi in quintali;<br />Dal 2020 sono diffusi i valori di produzione raccolta in quanto necessari per il calcolo della resa. <br />La serie storica e di conseguenza l"'attendibilità dei dati diffusi negli anni precedenti non vengono compromessi perché, per le foraggere, i valori di produzione totale e raccolta coincidono.',W1100,W1100,,,,,,,,,,
A,Annuale,ITD3,Veneto,HP_Q_EXT,Produzione raccolta - quintali,GRAPEDOPWINE,Uve per vini dop,2025,11473826,,,,,TIPO_DATO5__HP_Q_EXT_N1,'Per tutte le coltivazioni foraggere temporanee e permanenti, a partire dal 2020 i valori di produzione sono espressi in quintali;<br />Dal 2020 sono diffusi i valori di produzione raccolta in quanto necessari per il calcolo della resa. <br />La serie storica e di conseguenza l"'attendibilità dei dati diffusi negli anni precedenti non vengono compromessi perché, per le foraggere, i valori di produzione totale e raccolta coincidono.',W1110,W1110,,,,,,,,,,
A,Annuale,ITD3,Veneto,HP_Q_EXT,Produzione raccolta - quintali,GRAPEIGPWINE,Uve per vini igp,2025,2485884,,,,,TIPO_DATO5__HP_Q_EXT_N1,'Per tutte le coltivazioni foraggere temporanee e permanenti, a partire dal 2020 i valori di produzione sono espressi in quintali;<br />Dal 2020 sono diffusi i valori di produzione raccolta in quanto necessari per il calcolo della resa. <br />La serie storica e di conseguenza l"'attendibilità dei dati diffusi negli anni precedenti non vengono compromessi perché, per le foraggere, i valori di produzione totale e raccolta coincidono.',W1120,W1120,,,,,,,,,,
A,Annuale,ITD3,Veneto,HP_Q_EXT,Produzione raccolta - quintali,OTHGRWINODI,Uve per altri vini (escluso dop e igp),2025,703159,,,,,TIPO_DATO5__HP_Q_EXT_N1,'Per tutte le coltivazioni foraggere temporanee e permanenti, a partire dal 2020 i valori di produzione sono espressi in quintali;<br />Dal 2020 sono diffusi i valori di produzione raccolta in quanto necessari per il calcolo della resa. <br />La serie storica e di conseguenza l"'attendibilità dei dati diffusi negli anni precedenti non vengono compromessi perché, per le foraggere, i valori di produzione totale e raccolta coincidono.',W1190,W1190,,,,,,,,,,
A,Annuale,ITD3,Veneto,HP_Q_EXT,Produzione raccolta - quintali,TABLEGRAPES,Uva da tavola,2025,17500,,,,,TIPO_DATO5__HP_Q_EXT_N1,'Per tutte le coltivazioni foraggere temporanee e permanenti, a partire dal 2020 i valori di produzione sono espressi in quintali;<br />Dal 2020 sono diffusi i valori di produzione raccolta in quanto necessari per il calcolo della resa. <br />La serie storica e di conseguenza l"'attendibilità dei dati diffusi negli anni precedenti non vengono compromessi perché, per le foraggere, i valori di produzione totale e raccolta coincidono.',W1200,W1200,,,,,,,,,,
A,Annuale,ITD3,Veneto,HP_Q_EXT,Produzione raccolta - quintali,TABLEGRAPES,Uva da tavola,2026,17500,,,,,TIPO_DATO5__HP_Q_EXT_N1,'Per tutte le coltivazioni foraggere temporanee e permanenti, a partire dal 2020 i valori di produzione sono espressi in quintali;<br />Dal 2020 sono diffusi i valori di produzione raccolta in quanto necessari per il calcolo della resa. <br />La serie storica e di conseguenza l"'attendibilità dei dati diffusi negli anni precedenti non vengono compromessi perché, per le foraggere, i valori di produzione totale e raccolta coincidono.',W1200,W1200,,,,,,,,,,
A,Annuale,ITD3,Veneto,HP_Q_EXT,Produzione raccolta - quintali,OLIVTAB_OIL,Olive da tavola e da olio,2025,70244,,,,,TIPO_DATO5__HP_Q_EXT_N1,'Per tutte le coltivazioni foraggere temporanee e permanenti, a partire dal 2020 i valori di produzione sono espressi in quintali;<br />Dal 2020 sono diffusi i valori di produzione raccolta in quanto necessari per il calcolo della resa. <br />La serie storica e di conseguenza l"'attendibilità dei dati diffusi negli anni precedenti non vengono compromessi perché, per le foraggere, i valori di produzione totale e raccolta coincidono.',O1000,O1000,,,,,,,,,,
A,Annuale,ITD3,Veneto,HP_Q_EXT,Produzione raccolta - quintali,OLIVTAB_OIL,Olive da tavola e da olio,2026,70250,,,,,TIPO_DATO5__HP_Q_EXT_N1,'Per tutte le coltivazioni foraggere temporanee e permanenti, a partire dal 2020 i valori di produzione sono espressi in quintali;<br />Dal 2020 sono diffusi i valori di produzione raccolta in quanto necessari per il calcolo della resa. <br />La serie storica e di conseguenza l"'attendibilità dei dati diffusi negli anni precedenti non vengono compromessi perché, per le foraggere, i valori di produzione totale e raccolta coincidono.',O1000,O1000,,,,,,,,,,
A,Annuale,ITD3,Veneto,HP_Q_EXT,Produzione raccolta - quintali,OLIVT,Olive da tavola,2025,224,,,,,TIPO_DATO5__HP_Q_EXT_N1,'Per tutte le coltivazioni foraggere temporanee e permanenti, a partire dal 2020 i valori di produzione sono espressi in quintali;<br />Dal 2020 sono diffusi i valori di produzione raccolta in quanto necessari per il calcolo della resa. <br />La serie storica e di conseguenza l"'attendibilità dei dati diffusi negli anni precedenti non vengono compromessi perché, per le foraggere, i valori di produzione totale e raccolta coincidono.',O1100,O1100,,,,,,,,,,
A,Annuale,ITD3,Veneto,HP_Q_EXT,Produzione raccolta - quintali,OHROIE,Altre olive,2025,70020,,,,,TIPO_DATO5__HP_Q_EXT_N1,'Per tutte le coltivazioni foraggere temporanee e permanenti, a partire dal 2020 i valori di produzione sono espressi in quintali;<br />Dal 2020 sono diffusi i valori di produzione raccolta in quanto necessari per il calcolo della resa. <br />La serie storica e di conseguenza l"'attendibilità dei dati diffusi negli anni precedenti non vengono compromessi perché, per le foraggere, i valori di produzione totale e raccolta coincidono.',O1900,O1900,,,,,,,,,,
A,Annuale,ITD3,Veneto,HP_Q_EXT,Produzione raccolta - quintali,OLIVO,Olive da olio,2025,70020,,,,,TIPO_DATO5__HP_Q_EXT_N1,'Per tutte le coltivazioni foraggere temporanee e permanenti, a partire dal 2020 i valori di produzione sono espressi in quintali;<br />Dal 2020 sono diffusi i valori di produzione raccolta in quanto necessari per il calcolo della resa. <br />La serie storica e di conseguenza l"'attendibilità dei dati diffusi negli anni precedenti non vengono compromessi perché, per le foraggere, i valori di produzione totale e raccolta coincidono.',O1910,O1910,,,,,,,,,,
A,Annuale,ITD3,Veneto,HP_Q_EXT,Produzione raccolta - quintali,CULTDMUSHR,Funghi di coltivazione in piena aria,2025,279410,,,,,TIPO_DATO5__HP_Q_EXT_N1,'Per tutte le coltivazioni foraggere temporanee e permanenti, a partire dal 2020 i valori di produzione sono espressi in quintali;<br />Dal 2020 sono diffusi i valori di produzione raccolta in quanto necessari per il calcolo della resa. <br />La serie storica e di conseguenza l"'attendibilità dei dati diffusi negli anni precedenti non vengono compromessi perché, per le foraggere, i valori di produzione totale e raccolta coincidono.',U1000,U1000,,,,,,,,,,
A,Annuale,ITD3,Veneto,HP_Q_EXT,Produzione raccolta - quintali,CHMAPIGN,Champignons,2025,246650,,,,,TIPO_DATO5__HP_Q_EXT_N1,'Per tutte le coltivazioni foraggere temporanee e permanenti, a partire dal 2020 i valori di produzione sono espressi in quintali;<br />Dal 2020 sono diffusi i valori di produzione raccolta in quanto necessari per il calcolo della resa. <br />La serie storica e di conseguenza l"'attendibilità dei dati diffusi negli anni precedenti non vengono compromessi perché, per le foraggere, i valori di produzione totale e raccolta coincidono.',U1100,U1100,,,,,,,,,,
A,Annuale,ITD3,Veneto,HP_Q_EXT,Produzione raccolta - quintali,OTHCULTMUNOCHA,Altri funghi coltivati diversi dagli champignons,2025,32760,,,,,TIPO_DATO5__HP_Q_EXT_N1,'Per tutte le coltivazioni foraggere temporanee e permanenti, a partire dal 2020 i valori di produzione sono espressi in quintali;<br />Dal 2020 sono diffusi i valori di produzione raccolta in quanto necessari per il calcolo della resa. <br />La serie storica e di conseguenza l"'attendibilità dei dati diffusi negli anni precedenti non vengono compromessi perché, per le foraggere, i valori di produzione totale e raccolta coincidono.',U1900,U1900,,,,,,,,,,
A,Annuale,ITD3,Veneto,FODUNIT_EXT,Unità foraggere,CERFORRLEY,Orzo a maturazione cerosa,2025,5107,,,,,,,G1100_I,G1100_I,,,,,,,,,,
A,Annuale,ITD3,Veneto,FODUNIT_EXT,Unità foraggere,CEROIS,Mais ceroso,2025,699368,,,,,,,G3000,G3000,,,,,,,,,,
A,Annuale,ITD3,Veneto,FODUNIT_EXT,Unità foraggere,COMMEGRASS,Loietto,2025,4427,,,,,,,G1100_II,G1100_II,,,,,,,,,,
A,Annuale,ITD3,Veneto,FODUNIT_EXT,Unità foraggere,OTHEEHERBA,Altri erbai monofiti,2025,12213,,,,,,,G1100_III,G1100_III,,,,,,,,,,
A,Annuale,ITD3,Veneto,FODUNIT_EXT,Unità foraggere,GRAM,Graminacee,2025,2272,,,,,,,G1200_I,G1200_I,,,,,,,,,,
A,Annuale,ITD3,Veneto,FODUNIT_EXT,Unità foraggere,DRIESES,Leguminose,2025,416,,,,,,,G1200_II,G1200_II,,,,,,,,,,
A,Annuale,ITD3,Veneto,FODUNIT_EXT,Unità foraggere,OTHETURES,Altri miscugli,2025,6366,,,,,,,G1200_III,G1200_III,,,,,,,,,,
A,Annuale,ITD3,Veneto,FODUNIT_EXT,Unità foraggere,LUCERNE,Erba medica,2025,33574,,,,,,,G2100,G2100,,,,,,,,,,
A,Annuale,ITD3,Veneto,FODUNIT_EXT,Unità foraggere,MIXEPORARY,Prati avvicendati polifiti,2025,27633,,,,,,,G2900_IV,G2900_IV,,,,,,,,,,
A,Annuale,ITD3,Veneto,FODUNIT_EXT,Unità foraggere,POORINGS,Pascoli poveri,2025,2536,,,,,,,J2200,J2200,,,,,,,,,,
A,Annuale,ITD3,Veneto,FODUNIT_EXT,Unità foraggere,OTHEZINGS,Altri pascoli,2025,7830,,,,,,,J2100,J2100,,,,,,,,,,
A,Annuale,ITD3,Veneto,FODUNIT_EXT,Unità foraggere,PERMGRASSE,Prati permanenti,2025,52354,,,,,,,J1000,J1000,,,,,,,,,,
